tree
version=v4
num_class=1
num_tree_per_iteration=1
label_index=0
max_feature_idx=15
objective=binary sigmoid:1
feature_names=region_id city_id ad_exchange ad_slot_visibility ad_slot_format advertiser_id domain creative_id hour weekday ad_slot_width ad_slot_height slot_area log_floor_price browser os
feature_infos=-1:13:35:7:18:36:3:20:9:10:31:23:5:8:4:34:12:17:14:33:32:6:2:11:27:21:16:24:19:15:26:28:25:29:22:30 -1:3:131:129:349:174:356:176:2:239:352:110:96:367:76:307:353:57:56:147:368:324:36:153:369:113:309:335:70:355:12:135:361:32:211:310:62:43:33:63:6:318:284:9:69:354:251:350:170:370:64:300:325:78:199:148:37:140:182:339:357:58:5:128:362:26:133:83:360:136:89:66:172:186:181:143:50:364:65:311:84:155:187:74:134:60:11:79:165:301:371:363:100:137:341:99:179:55:81:277:358:189:328:48:243:156:132:326:114:315:242:336:180:192:72:13:71:61:90:359:34:80:73:116:86:304:105:67:351:268:190:91:312:20:365:7:241:106:46:92:103:93:4:345:52:188:316:175:98:314:333:247:138:38:111:212:154:104:323:118:150:177:15:139:246:248:198:320:23:59:115:195:22:123:185:203:347:77:184:178:162:321:54:183:94:317:102:322:88:296:97:200:157:245:119:343:10:117:313:306:27:40:130:141:125:51:191:223:146:329:124:319:16:41:126:331:85:163:107:30:35:238:14:53:17:161:87:234:291:101:122:25:75:39:145:221:109:18:288:166:193:213:209:208:24:160:332:292:346:8:149:82:28:259:68:194:42:158:330:44:144:337:205:152:249:342:127:95:244:19:173:21:112:121:254:285:340:108:142:207:260:308:222:47:31:214:256:45:216:366:338:206:151:225:327:294:202:287:29:261:220:255:267:120:344:278:279:297:159:210:196:201:218:257:204:167:280:334:258:224:262 -1:3:2:1 -1:1:3:2 -1:1:2 -1:1:3:4:5:2 -1:2869:202:13642:6092:17423:669:9678:150:5146:604:1509:2961:19137:5123:17484:21086:5888:21024:15667:15846:22740:15713:7188:11009:14179:17608:14055:2211:16012:15656:16283:5455:18544:8266:2237:1611:7082:17758:16047:21342:1165:20871:14007:22649:3781:21023:15781:16410:15212:18437:13641:7748:16876:20549:5804:13987:16045:15481:22733:9809:18681:20632:14189:8741:20296:3701:16210:22423:10840:21095:16344:15178:3787:18159:20910:968:18281:15764:22315:5394:20437:5391:22667:824:3699:15745:5902:2153:15465:18651:17761:1586:22095:20604:15542:22738:8767:8352:8355:2241:2739:4155:21473:22601:4313:18147:2174:15905:3159:19691:8536:17112:21685:14181:3209:23065:20782:15988:16189:16480:6477:23101:1088:15801:1707:15608:18105:17456:6212:19676:18394:16228:20194:21860:7179:15092:9891:11464:1694:118:21970:15795:19828:3634:20840:18636:6206:6038:21557:2214:15799:2775:16241:11601:17905:6166:20776:10777:13966:16877:18712:15607:17164:16764:17509:19247:22864:7081:17722:21180:15394:177:22818:20406:1196:1653:15672:1422:21486:22409:20108:17374:5560:17558:620:13424:18111:20973:1563:6101:22471:22918:2757:22063:5389:11573:5384:43:205:7093:14456:15605:11137:8742:17180:22741:13570:16186:5973:14445:18827:22314:17254:19001:23093:14740:4154:19178:22438:23007:293:5824:22608:5447:11391:17516:5670:11182:18816:21143:5978:10501:17982:16418:586:17171:2789:6080:8280:20598:11276:19798:23118:23217:20440:5287:15665:18353:19896:21414:16658:17858:23091:350:20473:21818:9834:23012:19037:20865:3294:17875:19174:21988:22054:13683:18223:6334:8576:15992:1610:16088:21803:21993:14041:17501:17566:1164:2825:2879:5125:17743:15205:17852:8271:8588:14053:15693:17408:17559:20629:3625:15282:15852:17861:21085:22899:999:13112:13832:22281:6004:18700:21398:5959:17785:21953:8011:9534:10445:17158:17521:22358:13998:14229:17947:19707:14596:15677:19085:4239:15409:15492:16004:20487:21060:22064:23026:138:1189:5749:17440:21820:8014:19610:21114:21657:22761:23020:7094:10787:11097:15523:21933:22021:22800:2428:2828:6110:15386:17901:480:1673:5689:15998:18316:20474:22764:5702:15590:119:9967:11118:21823:6070:13758:16895:18296:19853:2745:5841:10670:14619:19192:20595:21243:23161:625:13807:1489:2899:8288:15844:16278:16905:17837:18856:20642:20675:193:2892:7952:15879:16282:19786:21434:22120:7733:7935:13738:16331:16966:18485:19985:22220:1954:6224:16672:18499:19444:22302:22503:22688:22727:1908:6479:9537:14443:15528:18913:19422:19864:21117:21836:21929:22637:321:8520:9318:10994:14453:23043:7154:16352:16623:18043:18824:19144:597:6494:8530:9111:9614:9680:10973:19069:20373:23079:2094:2685:5878:15336:16354:16425:17872:18280:5385:6089:6183:16005:18446:19041:12264:15759:16599:19356:19639:20788:21630:826:1498:2538:3377:3488:8025:8171:8540:12651:15841:21385:1915:3780:4349:4958:6036:6059:6123:7353:7673:12463:14659:15339:16643:19442:19715:20768:21103:21931:22628:49:2701:3786:5387:6516:16200:16204:17087:19039:20386:22745:23200:128:2409:2793:8574:8901:13218:14004:16812:18342:18355:18813:18958:19791:20207:20923:200:628:1059:4186:9135:12551:13011:14555:16008:16188:20102:22798:225:1710:2693:6988:7061:7332:7951:8613:8821:12447:13698:15556:17584:18103:18121:20064:22704:3789:6082:9042:13818:13871:17891:18119:21783:22372:2235:5238:6398:7052:10165:13623:15098:15949:16018:16026:16882:17258:19059:19095:20185:21083:22648:23010:1374:3446:3474:3620:6476:6509:7986:15437:15529:15982:16158:16356:17165:17631:17712:17866:18199:18803:19978:20126:20402:20480:22319:22746:23025:461:1566:5799:6023:12933:13356:13533:13768:14707:15362:15367:16341:17753:19026:19107:19330:19666:20861:21004:21108:21595:22052:22122:23053:1395:2510:3370:5286:5710:10207:15811:16173:16223:18168:21859:21938:1083:2761:3809:6046:7534:9557:9568:9655:14388:18306:19283:20112:20864:21107:21159:21225:21479:22641:22660:22677:2852:5740:5942:7187:10810:12102:14943:15383:15510:15787:16190:16303:16444:17263:17420:18637:18973:19794:20009:21947:661:1793:2801:2835:7955:9500:9570:11229:11400:15512:15838:15962:16227:16239:16491:17553:20750:20785:20868:21300:21384:22043:22163:22682:23023:23198:1712:2809:3167:3181:6024:6668:7200:8906:10710:13233:13245:15470:15537:15972:17012:17044:17988:18837:20011:20587:20860:21069:21153:21645:22231:22630:22790:22875:449:854:1100:2804:5310:6049:7312:7385:8377:9320:11473:12458:12520:13186:15100:17434:18069:20789:20827:21128:21313:21445:21544:21759:22879:1282:5795:5981:8694:9884:11528:11881:13618:15243:15763:15931:17345:17754:18450:18576:18727:19930:20800:21927:22723:23030:23205:149:1103:2822:3831:6160:6755:8269:9613:12539:13639:14447:14640:15258:15762:15987:16116:16253:16604:17354:17355:17409:17651:19493:20053:20315:20692:20833:400:1496:2955:5901:6055:6159:11578:13065:13211:14816:14909:15168:15662:16260:17083:17587:17652:17653:17802:18436:18490:18761:18817:19357:19593:19867:20285:20664:20940:22822:22993:23029:1217:1929:2297:2832:3491:5877:6566:7119:8008:8200:8569:8900:10705:11812:13147:13576:14133:14144:14196:15321:15628:16155:16257:16355:17099:18076:18128:18752:19082:19595:20028:20048:20780:21064:23049:143:190:1348:1454:1565:2187:2742:4240:5910:7124:10128:10198:10492:10776:11512:15111:15456:15466:15572:15597:15748:16148:16322:16617:17578:18162:18343:18431:18749:19435:19932:20389:20492:20620:20745:20795:20885:21513:21688:22586:22850:22956:23092:23121:403:1652:1743:2690:4137:5367:5502:8267:8490:9110:10900:11833:13995:14452:14526:14988:15217:15390:15925:16423:16677:16685:16906:17084:17127:17173:17264:17265:17807:17993:18144:18691:18750:18917:18978:19198:19370:19539:20433:20553:20964:21800:21935:22814:22971:112:2763:2797:5924:6032:6109:6638:7037:7059:7398:7541:8095:8515:9263:9505:11552:12455:12526:13719:15220:15621:16084:16564:16767:17049:17406:17605:17806:18175:18402:18461:18891:19020:19390:19445:19918:20140:20331:20591:21022:21147:21301:21454:21644:21807:22065:22614:129:1697:2592:3433:3784:3819:4379:4837:4864:5280:5809:5838:6078:6523:7163:8024:8190:8516:9808:10217:10429:10801:11848:13537:13581:13791:15284:15312:15323:15354:15579:15600:15631:15692:15887:15908:16022:16089:16248:16753:17228:17402:17476:17742:17851:17856:18113:18381:18427:18452:18475:18583:19184:19223:20060:20399:20819:21632:22198:22229:22367:22779:22782:22799:372:459:526:1478:2395:2511:3152:4132:5680:6031:6094:6116:6188:6196:6654:7298:7378:7925:7959:8513:9343:10120:11101:11314:12337:14431:14436:15375:15428:15440:15639:15769:15793:15877:15974:16075:16898:17177:17496:17563:17690:17943:18344:18764:18771:19108:19153:19225:19298:19326:19414:19495:20110:20284:20388:20521:20783:20937:21261:21277:21287:21345:21559:21654:21962:22308:22788:22828:22954:22955:23096:23146:482:763:1218:1423:1443:1595:1779:3089:5315:5337:5372:5692:6141:6449:6927:7277:8417:8444:8736:9573:9661:9964:10470:11037:12326:13635:13804:13831:14684:14762:15086:15200:15293:15302:15322:15329:15388:15482:15569:15857:15950:15953:15999:16104:16448:16865:16925:16969:17526:17695:17910:18035:18053:18321:18453:18762:18819:18901:18921:19052:19063:19067:19175:19183:19447:19708:19792:19879:20008:20069:20204:20368:20459:20798:20875:20876:20962:21057:21331:21408:21450:21540:21793:22067:22183:22188:22223:22569:22629:22962:23100:107:330:405:576:1074:1085:1937:2256:2392:2638:2765:2783:2856:3189:3372:3378:5103:5144:5279:5383:5398:5421:5718:5785:5859:5974:6039:6164:6226:6545:6813:7086:8016:8218:8349:8868:8891:9585:9817:10147:10401:11430:11481:12709:13131:13696:14448:14627:14650:15157:15172:15206:15222:15225:15288:15381:15410:15412:15534:15732:15937:16147:16222:16520:16574:16706:16730:16748:17024:17151:17159:17256:17439:17502:17583:17603:17678:17725:17818:17878:18066:18376:18696:18792:18805:18843:18874:19006:19049:19201:19484:19776:19789:19923:19995:20075:20082:20200:20347:20442:20458:20496:20617:20952:20987:21025:21096:21120:21312:21577:21790:21815:21989:22030:22197:22442:22459:22493:22579:22622:22936:23038:23158:199:1115:1446:1962:2145:2205:2584:2674:2726:2756:2819:2881:2970:3212:3226:3410:5345:5423:5802:5837:6045:6074:6124:6134:6187:6337:6583:6790:6933:7035:7261:7786:7811:7825:7910:8181:8452:8482:8562:8579:8597:8600:9061:9381:9657:9899:10162:10804:10819:10999:11298:11459:11809:11811:12444:12509:12615:12627:12743:13250:13404:13720:13971:13977:14820:14856:15138:15213:15326:15434:15615:15620:15685:15708:15710:15820:15855:15904:15916:15956:16113:16187:16193:16233:16242:16484:16515:16533:16634:16992:17113:17350:17359:17360:17447:17473:17579:17588:17591:17647:17958:18000:18023:18045:18215:18231:18240:18257:18371:18424:18652:18908:19114:19171:19196:19210:19224:19346:19382:19801:19835:19873:20044:20096:20372:20419:20482:20670:20763:20944:21032:21068:21089:21171:21235:21242:21440:21737:21775:21846:22041:22145:22196:22212:22363:22695:22817:23137:23140:204:248:318:721:1019:1202:1459:1821:2081:2249:2368:2703:2705:2836:2839:2949:3116:3698:4143:4961:5037:5545:5782:5863:5904:5905:6006:6062:6126:6203:6207:6275:6319:6439:6452:6565:6574:7690:7717:7760:7931:8013:8160:8264:8286:8353:8535:8599:8605:9089:9163:9333:9662:9701:9800:10416:10634:10755:11386:11849:12189:12245:13054:13402:13636:14515:14631:14854:15046:15121:15129:15164:15181:15265:15370:15515:15680:15715:15778:15809:15893:15897:16252:16296:16310:16429:16618:16738:16785:16917:16944:17094:17236:17596:17612:17613:17646:17654:17814:17902:18082:18117:18214:18238:18288:18458:18552:18725:18912:18955:19152:19163:19386:19418:19463:19542:19588:19650:19700:19779:19804:20147:20221:20266:20395:20422:20550:20699:20751:20946:20960:21033:21043:21249:21888:22007:22232:22303:22305:22341:22576:22600:22656:22713:22716:22729:22804:22834:22883:22957:22980:23087:23202:111:133:159:366:402:468:512:527:548:584:608:610:629:664:954:1109:1192:1378:1397:1453:1598:1667:1918:1993:2112:2202:2275:2331:2367:2434:2517:2539:2698:2781:2788:2837:2860:2886:2917:3207:3484:3635:3757:3815:4398:4881:5018:5070:5131:5317:5411:5499:5504:5549:5712:5784:5821:5843:5908:6198:6208:6253:6675:6685:6991:7320:7361:7727:7780:7807:8084:8539:8565:8570:8618:8630:8803:8811:9304:9334:9394:9576:9651:10250:10474:10491:10569:10962:10974:11159:11968:12251:12291:12353:12457:12629:12773:12907:13137:13530:13729:13752:13789:13825:13973:14125:14242:14294:14434:14451:14614:14641:14771:14860:14887:14959:15000:15005:15101:15107:15113:15136:15141:15156:15158:15191:15267:15276:15397:15406:15464:15524:15554:15565:15644:15658:15695:15742:15823:15833:15977:15994:16061:16097:16246:16376:16512:16543:16735:16815:16878:16899:17023:17114:17205:17234:17261:17448:17532:17621:17804:17832:17907:17909:17955:18222:18351:18419:18423:18480:18557:18560:18738:18847:18865:18872:18933:19022:19064:19065:19101:19176:19182:19239:19257:19273:19355:19366:19367:19459:19492:19587:19662:19673:19872:19957:19982:20111:20249:20290:20357:20383:20387:20400:20457:20773:20781:20813:20850:20947:20954:20955:21088:21184:21201:21228:21248:21254:21276:21305:21428:21483:21606:21732:21796:21837:21898:22037:22088:22114:22156:22168:22206:22482:22543:22556:22632:22646:22653:22698:22735:22765:22794:22859:22952:23037:23041:23042:23057:23099:23235:184:188:275:357:571:588:591:717:903:959:982:985:1013:1058:1224:1277:1331:1337:1347:1375:1471:1658:1670:1700:2168:2233:2313:2548:2550:2601:2641:2741:2802:2808:2834:2877:2895:2935:2966:2998:3177:3348:3439:3489:3505:3542:3584:3633:3792:4288:4392:4943:4960:5147:5214:5219:5348:5380:5388:5495:5536:5554:5684:5713:5762:5828:5829:5831:5833:5849:5898:5918:5937:5998:6048:6063:6069:6102:6106:6177:6216:6237:6288:6336:6498:6631:6684:6713:6745:6936:6981:7032:7050:7120:7160:7293:7418:7432:7575:7655:7703:7873:7958:7962:7967:8163:8198:8214:8276:8277:8354:8356:8368:8415:8521:8534:8542:8615:8776:8789:8842:8864:8877:8969:9182:9208:9360:9365:9612:9658:9812:9911:10068:10087:10129:10231:10378:10453:10535:10575:10596:10726:10794:10818:10848:10883:11102:11173:11484:11502:11540:11814:11835:11840:11895:11936:12032:12109:12294:12368:12419:12428:12476:12519:12630:12762:12834:13048:13103:13337:13491:13523:13596:13619:13628:13885:13909:14000:14048:14096:14410:14467:14507:14643:14929:15085:15125:15163:15198:15223:15242:15277:15281:15355:15377:15380:15435:15438:15491:15493:15517:15557:15560:15614:15629:15648:15660:15679:15711:15730:15827:15840:15874:15885:15920:15927:15984:15990:16031:16086:16294:16306:16345:16391:16422:16555:16573:16590:16602:16641:16732:16747:16818:16889:17010:17056:17109:17110:17128:17156:17426:17431:17494:17518:17519:17568:17569:17577:17674:17756:17936:17945:17986:17996:18013:18021:18051:18099:18213:18292:18341:18406:18434:18435:18442:18462:18498:18503:18530:18697:18732:18845:18852:18860:18904:18920:18956:18996:19043:19090:19103:19149:19217:19297:19364:19496:19524:19572:19596:19611:19643:19683:19685:19690:19777:19802:19858:19862:19913:19954:20029:20045:20058:20104:20158:20243:20336:20350:20362:20508:20524:20525:20593:20602:20673:20787:20805:20816:20856:21021:21028:21072:21119:21170:21176:21303:21326:21489:21499:21614:21721:21760:21875:21878:21912:21955:22208:22252:22273:22357:22499:22501:22517:22631:22644:22663:22702:22715:22743:22771:22789:22796:22803:22876:22931:22939:22981:23059:23067:23082:23213 -1:16:56:38:2:39:19:33:44:4:54:52:42:23:50:20:59:21:47:17:11:63:53:25:9:41:15:49:5:31:12:48:18:3:61:37:55:7:24:26:8:32:62:35:36:14:60:10:58:34:30:43:22:28:46:29:57:1:40:13:6:27:45 [0:23] [3:6] [120:1000] [60:600] [28080:108000] [0:5.6903595924377441] -1:3:1:6:5:2 -1:6:4:1:5:3
tree_sizes=26815 24700 33047 33352 38036 36002 33535

Tree=0
num_leaves=63
num_cat=27
split_feature=15 3 11 6 2 6 10 2 2 8 9 3 13 7 6 8 8 11 6 4 14 6 6 2 2 6 13 10 12 3 12 6 6 10 8 3 9 9 8 8 9 6 8 8 8 8 8 9 8 8 8 6 10 8 3 8 8 8 8 6 6 13
split_gain=2397.73 1462.02 1925.29 802.131 382.664 305.263 293.096 160.954 153.113 160.454 169.27 152.12 185.576 142.491 143.817 115.694 95.2982 93.7239 85.7517 93.2775 82.1723 113.319 100.873 134.07 98.8422 83.5509 81.6944 81.4763 80.6924 117.931 110.22 76.7287 76.1778 73.3341 59.3398 74.8351 153.859 58.4307 112.203 75.1428 58.7248 52.979 52.1829 51.9045 48.5698 137.616 101.902 56.6379 97.8565 43.6254 42.7581 40.6571 39.8734 39.0737 56.2857 38.5115 34.5278 48.4781 43.3553 33.4217 32.3062 139.05
threshold=0 1 225.00000000000003 2 3 4 275.00000000000006 5 6 1.5000000000000002 3.5000000000000004 7 2.8029010295867924 8 9 3.5000000000000004 16.500000000000004 265.00000000000006 10 11 12 13 14 15 16 17 4.241093873977662 598.00000000000011 73500.000000000015 18 83700.000000000015 19 20 318.00000000000006 14.500000000000002 21 4.5000000000000009 5.5000000000000009 22.500000000000004 11.500000000000002 4.5000000000000009 22 16.500000000000004 15.500000000000002 14.500000000000002 17.500000000000004 12.500000000000002 3.5000000000000004 10.500000000000002 15.500000000000002 19.500000000000004 23 180.00000000000003 19.500000000000004 24 2.5000000000000004 1.0000000180025095e-35 19.500000000000004 18.500000000000004 25 26 3.3619161844253544
decision_type=9 9 2 9 1 9 2 1 1 2 2 9 2 9 9 2 2 2 9 9 9 9 9 1 1 9 2 2 2 9 2 9 9 2 2 9 2 2 2 2 2 9 2 2 2 2 2 2 2 2 2 9 2 2 9 2 2 2 2 9 9 2
left_child=3 2 -2 7 28 26 -4 11 -8 10 -10 12 -1 20 -15 -11 -9 -13 19 52 21 24 23 27 -7 49 -5 34 53 33 -31 -20 -24 50 -22 36 -36 38 44 -39 -40 -33 -41 -21 46 -46 47 -17 -49 55 -30 -27 -16 54 -3 -23 -35 58 -58 -43 61 -34
right_child=1 4 6 5 -6 13 8 16 9 15 -12 17 -14 14 18 37 -18 -19 31 43 22 25 32 -25 -26 51 -28 -29 29 30 -32 41 60 56 35 -37 -38 39 40 42 -42 59 -44 -45 45 -47 -48 48 -50 -51 -52 -53 -54 -55 -56 -57 57 -59 -60 -61 -62 -63
leaf_value=-7.0699232698400971 -7.1540110358329496 -6.8008868174485446 -7.0171356210954325 -7.3724512148514085 -7.2898921709986402 -7.3119052320027214 -7.1728947749718674 -7.287440327650736 -5.1268602362582421 -4.3630424558382597 -6.4936839995025126 -7.2970379372519529 -6.5077084021465126 -7.2858224133215437 -6.3433045615135049 -5.4131300531763209 -7.2151794630551285 -6.9847359835439988 -7.2473251391120765 -6.8427781507383756 -7.1604625355974605 -6.4753004602172259 -7.2568531734259079 -7.3030136598364424 -7.0211480193752616 -7.2840071272572269 -7.3006701666493274 -7.2268331582363619 -7.2672232364950595 -6.843994239080593 -7.1315598402924802 -7.2767370969454319 -7.0519545019898562 -7.2851182890984694 -5.4954286139116686 -6.9494153217144143 -7.182635359001198 -6.8217651987871655 -5.4886390318033893 -5.2213232108027157 -4.042332035210257 -7.3119009270131778 -6.1002150836510332 -5.5607379275247126 -6.5819924077724705 -5.6265390281378362 -4.8370026463501077 -5.5996223319647003 -6.9418047059107408 -6.6158973623328574 -7.0615698131200624 -7.3508655299881642 -7.1820287298298249 -6.6721220545741406 -7.1666832972767134 -7.1305436382177438 -6.928173022350828 -7.2001911323039085 -6.3338257443173855 -7.3626218209498511 -7.3412271578269852 -7.3234504979143145
leaf_weight=7.3880920282099396 7.9216982501093298 2.4123447948368266 0.68662565317936231 848.14943362085614 29.011568669811822 5.0483333738520741 0.23999201401602477 104.48349867970683 0.26614918175619084 0.14909585611894716 1.5210393040906636 10.095358889317138 1.831655671005137 73.325734396814369 0.14451835176441807 0.50810298335272885 80.996977765811607 3.1525926418835306 6.8047871876042336 0.18571589095517982 2.0382972961524493 0.27595811965875361 22.161660367855802 428.91085016098805 6.9427662474336085 15.201891961391082 41.581395627348684 9.3910771479131654 10.963776858290659 7.8177235083421674 5.8075451675103977 11.534657044219783 5.1627709827153003 1.040401346865109 0.29165242030285299 1.7368359379470351 0.25176273949909955 0.2681109693367032 0.13209369708783913 0.23149093450047076 0.14974978531245142 31.110027451766655 0.62450237979646772 0.13732513063587248 0.56303303560707707 1.1397985842777414 0.37339356949087221 0.33677353465463966 0.22756735933944583 1.3719434479717163 3.2846863389713681 493.80547546595335 7.2788858528947458 1.6217443998903034 1.8643521306803439 1.1966904241126028 3.7522457123268396 1.6570565763395277 0.33415781788062293 830.81769427622203 426.17219469859265 54.512845428893343
leaf_count=11298 12114 3689 1050 1297005 44365 7720 367 159778 407 228 2326 15438 2801 112131 221 777 123862 4821 10406 284 3117 422 33890 655898 10617 23247 63587 14361 16766 11955 8881 17639 7895 1591 446 2656 385 410 202 354 229 47574 955 210 861 1743 571 515 348 2098 5023 755136 11131 2480 2851 1830 5738 2534 511 1270501 651710 83362
internal_value=-7.33106 -7.08304 -6.61197 -7.3377 -7.15124 -7.34376 -6.03308 -7.24473 -5.93269 -5.88684 -6.29014 -7.11418 -6.95823 -7.33454 -7.34942 -5.7336 -7.25588 -7.22272 -7.35512 -7.24316 -7.32478 -7.34059 -7.31607 -7.29883 -7.22889 -7.34511 -7.36868 -7.14418 -7.05206 -7.08116 -6.96656 -7.35708 -7.33143 -7.15539 -6.96443 -6.78919 -6.27711 -5.77847 -5.67595 -6.09132 -4.72018 -7.35888 -5.86253 -6.29778 -5.7615 -5.94246 -5.54839 -5.79607 -6.14085 -7.21772 -7.21981 -7.348 -7.1657 -6.8811 -6.96035 -7.00776 -7.02008 -6.97207 -6.87957 -7.36059 -7.33626 -7.30445
internal_weight=3618.4 84.9068 15.3392 3533.49 69.5676 3325.54 7.41752 207.948 6.73089 6.4909 1.78719 22.4677 9.21975 2435.81 961.339 4.70371 185.48 13.248 888.014 7.74645 1474.47 523.843 950.63 442.62 11.9911 511.852 889.731 13.7096 40.556 34.6576 13.6253 880.267 508.009 21.0323 4.31855 2.28025 0.543415 4.55462 3.43051 1.1241 0.281843 873.462 0.855993 0.323041 3.14867 1.70283 1.44584 1.07244 0.564341 2.84459 14.2485 509.007 7.4234 5.89844 4.2767 1.47265 6.78386 5.74346 4.0864 861.928 485.848 59.6756
internal_count=5533318 129841 23457 5403477 106384 5085479 11343 317998 10293 9926 2733 34358 14099 3724887 1470097 7193 283640 20259 1357966 11846 2254790 801070 1453720 676863 18337 782733 1360592 20965 62019 52999 20836 1346120 776857 32163 6604 3487 831 6965 5246 1719 431 1335714 1309 494 4815 2604 2211 1640 863 4350 21789 778383 11352 9020 6540 2252 10374 8783 6249 1318075 742967 91257
cat_boundaries=0 1 2 713 714 1381 1382 1383 1384 1386 2108 2832 2833 2834 3549 4271 4272 4273 4993 4994 5714 6436 6437 7158 7884 7885 8607 9320
cat_threshold=104 4 0 0 0 0 0 0 0 0 0 0 0 0 0 0 0 0 0 0 268435456 0 0 0 0 0 0 0 0 0 0 0 0 0 0 0 134217728 0 0 0 0 0 0 0 0 0 16384 0 0 0 0 0 0 0 0 0 0 0 0 0 0 0 0 0 0 0 0 0 0 512 0 0 0 0 0 0 0 512 0 0 0 0 0 0 0 0 0 0 0 0 0 0 0 0 0 0 0 0 0 0 0 0 0 0 0 0 0 0 0 0 0 0 0 0 0 262144 0 0 0 0 0 2 0 0 0 0 0 0 0 0 0 0 0 0 0 0 0 0 0 0 0 0 0 0 0 0 0 0 0 0 0 0 0 0 0 0 0 0 0 0 0 0 0 0 0 0 0 0 0 0 0 0 0 0 0 0 0 0 0 0 0 0 0 0 0 0 0 0 0 0 0 0 0 0 0 0 0 0 0 0 0 0 0 0 0 0 0 0 0 0 0 0 0 0 0 0 0 0 0 0 0 0 0 0 0 0 0 0 0 0 0 0 0 0 0 0 0 0 0 0 0 0 0 0 16 0 0 0 0 0 0 0 0 0 0 0 0 0 0 0 16777216 0 0 8 0 0 0 0 0 0 0 0 0 0 0 0 0 0 0 0 0 0 0 0 0 0 0 0 0 0 0 0 0 0 0 0 0 0 0 0 0 0 0 0 0 0 0 0 0 1024 0 0 0 0 0 0 0 0 0 0 0 0 0 0 0 0 0 0 0 0 0 0 0 0 0 0 0 0 0 0 0 0 0 0 0 0 2 0 0 0 0 0 0 0 0 0 0 0 0 0 0 0 0 0 0 0 0 0 0 0 0 0 0 0 0 0 0 0 0 0 0 0 0 0 0 0 0 0 0 0 0 0 0 0 0 0 0 0 0 0 0 0 0 0 0 0 0 0 0 0 0 0 0 0 0 0 0 0 0 0 0 0 0 0 0 0 0 0 512 0 0 0 0 0 0 0 0 0 0 8388608 0 0 0 0 1 0 0 0 0 0 0 0 0 0 0 0 0 0 0 0 0 0 0 0 0 0 0 0 0 0 0 0 0 0 0 0 0 0 0 0 0 0 0 0 0 0 0 0 0 0 0 0 0 0 0 0 0 0 0 0 0 1048576 4096 0 0 0 0 0 2147483648 0 0 0 0 0 0 0 0 0 0 0 0 0 0 0 0 0 0 0 0 0 0 0 0 0 0 0 0 0 4096 0 0 0 0 0 0 0 0 0 0 0 1077936128 0 0 0 0 0 0 2 0 0 0 8192 0 0 0 0 0 0 0 8 0 0 0 512 0 0 0 0 0 0 0 0 0 0 0 0 0 0 0 0 0 0 0 0 0 0 0 0 0 0 0 0 0 0 0 0 0 0 0 0 0 0 0 0 0 0 0 2048 0 0 0 0 0 0 0 0 0 0 0 0 0 0 0 0 0 0 0 0 0 0 0 0 65536 0 0 0 0 0 0 0 0 0 0 0 0 0 0 0 0 0 0 0 0 0 0 0 0 0 0 0 0 0 0 0 0 0 0 0 0 0 0 0 0 0 0 0 0 128 0 0 0 0 0 0 0 0 0 0 0 2048 2147483648 0 0 0 0 0 0 0 65536 0 0 0 1048576 2 0 0 0 0 0 0 1024 0 0 0 0 0 0 0 0 0 0 0 0 0 0 0 0 0 0 0 0 0 0 0 256 0 0 0 0 0 0 0 0 0 0 0 0 0 0 0 0 32 0 0 0 0 0 0 0 0 0 0 0 0 0 0 0 0 0 0 0 0 0 536870920 2 0 0 0 0 0 0 0 0 0 0 0 0 0 0 0 0 0 0 0 0 0 0 0 0 0 0 0 0 0 0 0 0 0 0 0 0 0 0 0 0 0 0 0 0 0 0 0 0 0 0 0 0 0 0 0 0 0 0 0 0 0 0 0 0 0 0 0 0 0 0 0 0 0 0 0 0 0 0 0 0 0 0 0 0 0 0 0 0 0 0 0 0 0 0 0 0 0 0 0 32768 0 0 0 0 0 0 0 0 0 0 4096 0 0 1 0 0 0 0 0 4096 0 0 0 0 0 0 0 0 0 0 0 0 0 0 0 0 0 0 0 0 0 0 0 0 0 0 0 0 0 0 1024 0 0 0 0 0 0 0 0 0 0 0 0 0 0 0 0 0 0 0 0 0 0 0 0 0 0 0 0 0 0 0 0 0 0 0 0 1024 0 0 0 0 0 0 0 0 0 0 0 0 0 0 32 0 0 0 0 0 0 0 0 0 0 0 0 0 0 0 0 0 0 0 0 0 0 0 0 0 0 0 0 0 0 0 0 0 0 0 0 0 0 0 0 0 0 0 0 0 0 0 0 0 0 0 0 0 0 0 0 0 0 0 0 0 0 0 0 0 0 0 0 0 0 0 0 0 0 0 0 0 0 0 0 0 0 0 0 0 0 0 0 0 0 0 0 0 0 0 0 0 0 0 0 0 0 0 0 0 0 0 0 0 0 0 0 0 0 0 0 0 0 0 0 0 0 0 0 0 0 0 0 0 0 0 0 0 0 0 0 0 0 0 0 0 0 0 0 0 0 0 0 0 0 0 0 0 0 0 0 0 0 0 0 0 0 0 8 0 0 0 0 0 0 0 0 0 0 0 0 0 0 0 0 0 0 0 0 0 0 0 0 0 0 0 0 0 0 0 0 0 0 0 0 0 0 0 0 0 0 0 0 0 0 0 4194304 0 0 0 524544 0 2 0 0 0 0 0 0 0 0 0 0 0 0 0 0 0 0 134217728 0 0 0 67108864 0 0 0 0 0 0 0 0 0 0 0 0 0 0 0 0 0 0 0 0 0 0 0 0 0 0 0 0 0 0 0 0 0 4096 0 0 0 256 0 0 0 1073741824 0 0 0 0 0 0 0 0 0 0 0 0 0 0 0 0 0 0 0 0 0 0 0 0 0 0 0 134217728 0 0 0 0 0 0 0 0 0 0 0 0 0 0 0 2 0 0 0 0 0 0 0 0 0 0 0 0 0 0 0 0 0 0 0 0 0 0 0 0 0 0 0 0 0 0 0 0 0 0 0 256 0 0 0 2097152 0 0 0 0 0 0 0 0 0 0 0 0 0 128 0 0 0 0 1 1073741824 128 0 0 0 0 0 0 1073741824 4 4 4 237617712 2383869138 0 0 0 0 0 0 0 0 0 0 0 0 0 0 0 0 0 0 0 0 0 0 0 0 0 0 0 0 0 0 0 0 0 0 0 0 0 0 0 0 0 0 0 0 0 0 0 0 0 0 0 0 0 0 0 0 0 0 0 0 0 0 0 0 0 0 0 0 0 0 0 0 0 0 0 268435456 0 0 0 0 0 0 0 0 0 0 0 0 0 0 0 0 0 0 0 0 0 0 0 0 0 0 0 0 0 0 0 0 0 0 0 0 0 0 0 2097152 0 0 0 0 0 0 0 0 0 0 0 0 0 0 0 0 0 0 0 0 0 0 0 0 0 0 0 0 0 0 0 0 0 0 0 0 0 0 0 0 0 0 0 0 8 0 0 0 0 0 0 0 0 0 0 0 0 0 0 0 0 0 0 0 0 0 0 0 0 0 0 0 0 0 0 0 0 0 0 0 0 0 0 0 0 0 0 0 0 0 0 0 0 0 0 0 0 0 0 0 0 0 0 0 0 4194304 0 0 1048576 0 0 0 0 0 0 0 0 0 0 0 0 0 0 0 0 0 0 0 0 0 0 0 0 0 0 0 0 0 0 0 0 0 0 0 0 0 0 0 0 0 0 0 0 0 0 0 0 0 0 0 0 0 0 0 0 0 0 0 0 0 0 0 0 0 0 0 0 0 0 0 0 0 0 0 0 0 16384 0 0 0 0 0 0 0 0 0 0 0 0 0 0 0 0 0 0 0 0 0 0 0 0 0 0 0 0 0 0 0 0 0 0 0 0 0 0 0 536870912 0 0 0 0 0 0 0 0 0 0 0 0 0 0 0 0 0 0 2097152 0 0 0 0 0 0 0 0 0 0 0 0 0 0 0 0 0 0 0 0 0 0 0 0 0 0 0 0 0 0 0 0 0 0 0 0 0 0 0 0 0 0 0 0 0 0 0 0 0 0 0 0 0 0 0 0 0 0 0 0 0 0 0 0 0 524288 0 1024 0 32768 0 0 0 0 0 0 0 0 0 0 0 0 0 0 0 0 0 0 0 0 0 0 0 0 0 0 0 0 0 0 0 0 0 0 0 0 0 0 0 0 0 0 0 4096 0 0 0 0 0 0 0 0 0 0 0 0 0 0 0 0 0 0 0 0 0 2 0 0 0 0 0 0 0 536870912 0 0 0 0 0 0 0 0 0 0 0 0 0 0 0 0 0 0 0 0 0 0 0 0 0 0 0 0 0 0 0 0 0 0 0 0 0 0 0 0 0 0 0 0 0 0 0 0 0 0 0 0 0 0 0 0 0 0 0 33554432 128 0 0 32768 0 0 0 0 0 0 0 0 0 0 0 0 4096 0 0 0 0 0 0 0 0 0 0 0 0 0 8192 0 0 0 0 0 0 0 0 0 0 0 0 0 0 0 0 0 0 0 0 0 0 0 0 0 0 0 0 0 0 0 0 0 0 0 0 0 0 0 0 0 0 0 0 0 32 526336 0 0 0 0 0 256 0 0 2 0 0 0 0 0 0 0 0 0 0 0 0 0 0 0 0 0 1 0 0 0 0 0 0 0 0 0 0 0 0 0 0 2048 0 0 0 0 32768 0 0 0 0 0 0 0 0 0 0 0 0 0 0 0 0 32 0 0 33554432 0 0 0 0 0 0 0 0 262160 0 524288 0 0 0 0 0 0 0 0 0 0 0 0 0 0 2 0 0 0 0 0 0 0 8192 0 0 0 0 0 0 0 0 0 0 0 0 0 0 0 0 0 0 0 0 0 0 0 0 0 1073741824 0 0 0 0 0 0 0 0 0 0 0 0 0 0 0 0 0 0 0 0 0 0 0 0 0 0 0 0 0 0 0 0 0 0 0 0 0 0 0 0 0 0 0 0 0 0 0 0 0 0 0 0 0 0 0 0 0 0 0 0 0 0 0 0 0 0 0 0 0 0 0 0 0 0 0 0 0 0 0 0 0 0 0 0 0 0 0 0 16384 0 0 0 0 0 0 0 0 0 0 0 0 0 0 0 0 0 0 0 0 0 0 0 0 0 0 0 0 0 0 32768 0 0 0 0 512 0 0 0 0 0 0 0 0 0 0 1024 0 0 0 0 0 0 0 0 0 0 0 0 0 0 0 0 0 0 0 0 0 0 0 0 0 0 0 0 0 0 0 32768 0 0 0 0 0 0 0 0 0 0 0 0 0 0 0 0 0 0 0 0 0 0 0 0 0 0 0 0 0 0 0 0 0 0 0 0 0 0 0 0 0 0 0 0 0 0 0 0 4 0 0 0 0 0 0 0 0 0 0 0 0 0 0 0 0 0 0 0 0 0 0 0 0 0 0 0 0 0 0 0 0 0 0 0 0 0 0 0 0 0 0 0 0 0 0 0 0 0 0 0 0 0 0 0 0 0 0 0 0 0 0 0 0 0 0 0 0 0 0 0 1048576 0 0 0 0 0 0 0 0 0 0 0 0 0 0 0 0 0 0 0 0 0 0 0 67108864 0 0 0 0 0 0 0 0 0 0 0 0 0 0 0 0 0 0 0 0 0 0 0 0 0 0 0 0 0 0 0 0 0 0 0 0 0 0 0 0 0 0 0 0 0 0 0 0 0 0 0 0 0 0 0 0 0 0 0 0 0 0 0 0 0 0 0 0 0 0 256 0 0 0 0 0 0 0 0 0 0 0 0 0 0 0 0 0 0 65536 0 0 0 0 0 0 0 0 0 0 0 0 0 0 0 0 0 0 0 0 0 0 0 8388608 0 0 0 0 0 0 0 0 0 0 0 0 0 0 0 8 0 0 0 32768 0 0 0 0 262144 0 0 0 0 0 0 0 0 0 0 0 0 0 0 0 0 0 0 0 0 0 0 0 0 0 0 0 536870912 0 0 0 0 0 0 0 0 0 0 0 0 0 0 0 0 0 0 0 0 0 2097152 0 0 0 0 0 0 0 0 0 8388608 0 0 0 0 0 0 0 0 0 0 0 0 0 67108864 524288 0 0 0 0 0 0 0 0 0 0 524288 0 0 0 0 0 0 0 0 0 0 0 0 0 0 128 0 0 0 0 0 0 0 256 0 0 0 0 0 0 0 0 0 0 0 0 0 0 0 0 0 0 0 0 0 0 0 1024 0 0 0 2048 0 0 0 0 0 0 0 0 0 0 0 0 0 0 0 0 0 4 0 0 2 0 0 0 0 0 0 0 0 0 0 0 0 0 0 0 0 0 0 0 0 0 0 0 0 0 0 0 0 0 0 0 0 0 0 0 16 0 0 0 0 0 0 0 0 0 0 0 0 128 0 0 0 0 0 0 0 0 0 0 0 0 0 0 0 1024 2 98 0 0 0 0 0 0 0 0 0 0 0 0 0 0 0 0 0 0 0 0 0 0 0 0 0 0 0 0 0 0 0 0 0 0 0 0 8192 0 0 0 0 0 0 0 0 0 0 0 0 0 0 0 0 0 0 0 0 0 0 0 0 0 0 0 0 0 0 0 0 0 0 0 0 0 0 0 0 0 0 0 0 0 0 0 0 0 0 0 0 0 0 0 0 0 0 0 0 0 0 0 0 0 0 0 0 0 0 0 0 0 0 0 0 0 0 0 0 0 0 0 0 0 0 0 0 0 0 0 0 0 0 0 0 0 0 0 0 0 0 0 0 0 0 0 0 0 0 0 0 0 0 0 0 0 0 0 0 0 0 0 0 0 0 4194304 0 0 0 0 0 0 0 0 0 0 0 0 0 0 0 0 0 0 0 0 0 0 0 0 0 0 0 0 0 0 0 0 0 0 0 0 0 131072 0 0 0 0 0 0 0 0 0 0 0 0 0 0 0 0 0 0 0 0 0 0 0 0 0 0 0 0 0 0 0 0 0 0 0 0 0 0 0 0 0 0 0 0 0 0 0 0 0 0 0 0 0 0 0 0 0 0 0 0 0 0 0 0 0 0 0 0 0 0 0 0 0 0 0 0 0 0 0 0 0 0 0 0 0 0 0 0 0 0 0 0 0 0 0 0 0 0 0 0 0 0 0 0 0 0 0 0 0 0 0 0 0 0 0 0 0 0 0 0 0 0 0 0 0 0 0 0 0 0 0 0 0 0 0 0 0 0 0 0 0 0 0 0 0 0 0 0 0 0 0 0 0 0 0 0 0 0 0 0 0 0 0 0 0 0 0 0 0 0 0 0 0 0 0 0 0 0 0 0 0 0 0 0 0 0 0 0 0 0 0 0 0 0 0 0 0 0 0 0 0 0 0 0 0 0 0 0 0 0 0 0 0 0 0 0 0 0 0 0 0 0 0 0 0 0 0 0 0 0 0 0 0 0 0 0 0 0 0 0 0 0 0 0 0 0 0 0 0 32768 0 0 0 0 0 0 0 0 0 0 0 0 0 0 0 0 0 0 0 0 131072 0 0 8388608 0 4096 0 2048 0 4 0 0 0 0 0 0 0 0 0 8 1048576 0 8 0 0 0 139264 0 256 0 0 0 0 0 0 0 0 0 0 0 0 0 0 1 0 0 67108864 0 0 0 0 0 0 0 0 0 536870912 0 0 0 0 0 0 0 0 0 0 0 0 0 0 0 0 1 0 0 8388608 0 0 0 0 0 0 0 0 0 0 0 0 0 0 0 0 0 0 0 0 0 0 0 0 0 0 0 0 0 0 0 0 0 0 0 0 0 0 0 0 0 0 0 0 0 0 0 0 0 0 1024 0 0 0 0 0 0 0 0 0 0 0 0 0 0 0 0 0 0 0 0 0 0 512 0 134217728 0 0 0 0 0 0 0 0 0 0 0 0 0 0 0 0 512 0 0 0 0 0 0 0 16640 0 0 0 16384 0 0 0 0 0 0 0 0 0 0 0 0 0 0 0 0 0 0 0 0 0 0 33554432 0 0 0 0 0 0 0 0 0 0 0 0 0 0 0 0 2097152 0 0 0 0 0 0 0 0 0 0 0 0 0 0 2048 0 0 0 0 4096 2147483648 0 0 0 0 4194304 0 0 0 0 0 0 0 0 0 0 0 0 0 0 0 536870912 0 0 0 0 0 0 0 0 0 0 0 0 0 0 0 0 0 0 0 0 0 0 0 0 0 0 0 0 0 2048 0 0 2048 0 0 0 0 0 0 0 0 0 0 0 0 0 0 0 0 0 0 0 0 0 0 0 0 32768 0 0 0 0 0 0 0 0 0 0 2097152 0 0 131072 0 0 0 0 0 0 0 0 0 0 0 0 0 0 0 0 0 0 0 0 0 0 2097152 0 0 0 0 0 0 0 0 0 0 0 0 0 0 0 0 0 0 0 0 0 0 0 0 0 0 0 0 0 0 0 0 0 0 0 0 0 0 0 0 0 0 0 0 0 0 0 0 0 0 0 0 0 0 0 0 0 0 0 0 0 0 0 0 0 0 0 0 0 0 0 0 0 0 0 0 0 0 0 0 0 0 0 0 0 0 0 0 0 0 0 0 0 0 0 0 0 0 0 0 0 0 0 0 0 0 0 0 1048576 0 0 0 0 0 0 0 0 0 0 0 0 0 0 0 0 0 0 0 0 0 0 0 32768 0 0 0 0 0 0 0 0 0 0 0 0 0 0 0 0 0 0 0 0 0 0 0 0 0 0 0 0 0 0 0 0 0 0 0 0 0 0 0 0 0 0 0 0 0 0 0 0 0 0 0 0 0 16384 0 0 0 0 0 0 0 0 0 0 0 0 0 0 0 0 0 0 0 0 0 0 0 0 0 0 0 0 0 0 0 0 0 0 0 0 0 0 0 0 0 0 0 0 0 0 0 0 0 0 0 0 0 0 0 0 0 0 0 0 0 0 0 0 0 0 0 0 0 0 0 0 0 0 0 0 0 0 0 0 0 0 0 0 0 0 0 0 0 0 0 0 0 0 0 0 0 0 0 0 0 0 0 0 0 0 0 0 0 0 0 0 0 0 0 0 0 0 0 0 0 0 0 0 0 0 0 0 0 0 0 0 0 0 0 0 128 0 0 0 8 0 0 0 0 0 0 0 0 0 0 0 0 0 0 0 0 1048576 0 0 0 0 0 0 0 0 0 0 1048576 0 0 0 4096 0 0 0 0 0 0 0 0 0 0 0 0 0 0 0 0 32768 0 8 0 0 0 0 0 0 0 0 0 0 0 0 0 0 0 0 0 0 0 0 0 0 0 0 0 0 0 0 0 0 0 0 0 0 0 0 0 0 0 16777216 0 0 0 0 0 0 0 0 0 0 0 0 0 0 0 0 0 0 0 0 0 0 0 0 0 0 0 0 0 0 0 0 0 0 0 0 0 0 0 0 0 0 2097152 0 16777216 0 0 0 0 0 0 0 0 2048 0 0 0 0 0 536870912 0 0 0 0 0 0 0 0 0 0 0 0 262144 0 0 0 0 2048 0 0 0 0 0 0 0 0 0 0 0 0 0 0 32 0 0 0 0 0 0 0 0 0 0 0 0 0 0 0 0 16777216 0 0 0 0 0 0 0 0 0 0 0 0 0 0 0 0 0 0 67108864 0 0 0 0 0 0 0 0 0 0 0 0 0 0 0 0 0 0 0 0 0 32768 1024 0 0 0 0 0 0 0 0 0 0 0 0 0 0 0 0 0 0 0 0 0 0 0 0 0 0 0 0 0 0 2048 0 0 0 536870912 4 8 0 0 0 0 0 0 0 0 0 0 0 0 0 0 0 0 0 0 0 0 0 0 0 0 0 0 0 0 0 0 0 0 0 0 0 0 0 0 0 0 0 0 0 0 0 0 0 0 0 0 0 0 0 0 0 0 0 0 0 0 0 0 0 0 0 0 0 0 0 0 0 0 0 0 0 0 0 0 0 0 0 0 0 0 32 0 0 0 0 0 0 0 0 0 0 0 0 0 0 0 0 0 0 0 0 0 0 0 0 0 0 0 0 0 0 0 0 0 0 0 0 0 0 0 0 0 0 0 0 0 0 0 0 0 0 536870912 0 0 0 0 0 0 0 0 0 0 0 0 0 0 0 0 0 0 0 0 0 0 0 0 0 0 0 0 0 0 0 0 0 0 0 0 0 0 0 0 0 0 0 0 0 0 0 0 0 0 0 0 0 0 0 0 0 0 0 0 0 0 0 0 0 0 4096 0 0 0 0 0 0 0 0 0 0 0 0 0 0 0 0 0 0 0 0 0 0 0 0 0 0 0 0 0 0 0 0 0 0 0 0 33554432 0 0 0 0 0 0 0 0 0 0 2048 0 0 0 0 0 0 0 0 0 0 0 0 0 0 0 268435456 0 0 0 0 0 0 0 0 2097152 0 0 0 0 0 0 0 0 0 0 0 0 0 0 0 0 0 0 0 0 0 0 0 0 0 0 0 0 0 0 0 0 0 0 0 0 0 0 0 0 0 0 0 0 0 0 0 0 0 0 0 0 0 0 0 0 0 0 0 0 0 67108864 0 0 0 0 0 0 0 0 0 0 0 0 0 0 0 0 0 0 0 0 0 0 0 0 0 0 0 0 0 0 0 0 0 0 0 0 0 0 0 0 0 0 0 0 0 0 0 0 0 0 0 0 0 0 0 0 0 0 0 0 0 0 0 0 0 0 0 0 0 0 0 0 134217728 0 0 0 0 0 0 0 0 0 0 0 0 0 0 0 128 0 0 0 0 0 0 32768 0 0 0 0 0 0 0 0 0 0 0 0 0 0 0 0 0 0 0 0 0 0 0 0 0 0 0 0 0 0 0 0 0 0 0 0 0 1048576 0 0 0 0 0 0 0 0 0 0 0 0 16 0 0 0 0 0 0 0 0 0 0 2 0 0 0 16 0 0 0 0 0 0 256 0 16 0 0 1 0 0 0 0 0 0 0 0 0 0 0 0 0 0 0 0 0 0 0 0 0 2147483648 0 0 8192 0 0 0 0 0 0 0 0 0 0 4194304 0 0 0 0 0 0 0 0 0 0 0 0 0 0 0 0 0 0 0 0 0 0 0 0 0 0 67108864 0 0 0 0 0 0 0 0 0 0 0 0 0 0 0 0 0 0 0 0 0 0 0 0 0 0 0 0 0 0 0 0 0 0 32 0 0 0 0 0 0 0 0 0 0 0 0 0 0 0 0 0 0 0 0 0 0 0 0 0 0 0 0 0 2048 4096 0 512 0 0 0 0 0 0 0 0 0 18 0 0 0 0 0 0 0 0 0 0 0 0 0 0 0 0 0 0 0 0 0 0 0 8192 16777216 0 0 0 0 0 0 0 0 0 0 0 0 0 0 0 0 0 0 0 0 0 0 0 0 0 0 0 0 0 0 0 0 0 512 0 0 0 0 0 0 0 16 8 0 0 0 0 0 0 0 0 0 0 0 0 0 0 0 0 0 0 0 0 0 0 0 0 0 0 0 0 0 0 0 0 0 0 0 0 0 0 0 0 0 0 0 0 0 0 0 0 0 0 0 0 0 0 0 0 0 0 0 0 0 0 0 0 0 0 0 0 0 0 0 0 0 0 0 0 0 0 0 0 0 0 0 0 32 0 0 0 0 0 0 0 0 0 0 0 0 0 0 0 0 0 0 0 0 0 0 0 0 0 0 0 0 0 0 524288 0 0 0 0 0 0 0 0 0 0 0 0 0 0 0 0 0 0 0 0 0 0 0 0 0 0 0 0 0 0 0 0 0 0 0 0 0 0 0 0 0 0 0 0 0 0 0 0 0 0 0 0 0 0 0 0 0 0 0 0 0 0 0 0 0 0 0 0 0 0 0 0 0 0 0 0 0 0 0 0 0 0 0 0 0 0 0 0 0 64 0 0 0 0 0 0 0 0 0 0 0 0 0 0 0 0 0 0 0 0 0 0 0 0 0 0 0 0 0 0 0 0 0 0 0 0 0 0 0 0 0 0 0 0 0 0 0 0 0 0 0 0 0 0 0 0 0 0 0 0 0 0 0 0 0 0 0 0 0 0 0 0 0 0 0 0 0 0 0 0 0 0 0 0 0 0 0 0 0 0 0 0 0 0 0 0 0 0 0 0 0 0 0 0 0 0 0 0 0 0 0 0 0 512 0 0 0 0 0 0 0 0 0 0 0 0 0 0 0 0 0 0 0 0 1048576 0 0 0 0 0 0 0 0 0 0 0 0 0 0 0 0 0 0 0 0 0 0 0 0 0 0 0 0 0 0 0 0 0 0 0 0 0 0 0 0 0 0 0 0 0 0 0 0 0 0 256 0 0 0 0 0 0 0 0 0 0 0 0 0 0 0 0 0 0 0 0 0 0 0 0 0 0 0 0 0 0 0 0 0 0 0 0 0 0 0 0 0 0 0 0 0 0 0 0 0 0 0 0 0 0 0 0 0 0 0 0 0 0 0 0 0 0 0 0 0 0 0 0 0 0 0 0 0 0 0 268435456 0 0 0 1048576 0 0 0 0 0 0 0 67108864 0 0 0 0 0 0 0 0 294912 0 0 0 0 0 0 0 256 0 0 1048576 1048576 134217728 0 0 0 0 0 8 0 128 0 0 0 0 0 0 0 0 0 0 0 0 0 0 0 0 0 0 0 268435456 0 0 0 0 0 0 0 0 0 0 0 0 16777216 0 0 0 0 0 0 0 0 0 0 0 0 0 0 0 66048 0 32 0 0 0 0 0 0 256 0 0 0 0 0 0 0 0 0 0 0 0 0 0 0 0 134217728 0 0 0 0 0 0 524288 0 16 131072 32768 0 0 0 0 0 0 0 0 0 0 0 0 0 0 0 0 0 0 0 0 0 0 0 0 0 0 0 0 0 0 0 0 0 0 0 0 0 0 0 0 0 0 0 0 0 0 1048576 0 0 0 0 0 0 0 0 0 0 0 256 0 0 0 0 0 0 0 0 0 0 0 0 0 0 0 0 0 0 0 0 0 0 0 0 0 0 0 0 0 0 0 0 0 0 0 0 0 0 0 0 0 0 0 0 0 0 0 0 0 0 0 0 0 32768 0 0 0 0 0 0 1073741824 0 0 0 0 0 0 0 0 0 0 0 0 0 0 0 0 0 0 0 0 0 0 0 0 0 0 0 0 0 0 0 0 0 0 0 0 0 0 0 0 0 0 0 0 0 0 0 0 0 0 0 0 0 0 0 0 0 0 0 0 0 0 0 0 0 0 0 0 0 0 0 0 0 0 0 0 0 0 0 0 0 0 0 0 0 0 0 0 0 0 0 0 0 0 0 0 0 0 0 0 0 0 0 0 0 0 0 0 0 0 0 0 0 0 0 0 0 0 0 0 0 0 0 0 0 0 0 0 0 0 0 0 0 0 0 0 0 0 0 0 0 0 0 0 0 0 0 0 0 0 0 0 0 0 0 0 0 0 0 0 0 0 0 0 0 0 0 0 256 0 0 0 0 0 0 0 0 0 0 0 0 0 0 0 0 0 0 1048576 0 0 2097152 0 0 0 0 0 0 0 0 0 0 0 0 0 0 0 0 0 0 0 0 0 0 0 0 0 0 0 0 0 0 0 0 0 0 0 0 0 0 0 0 0 0 0 0 0 0 0 0 0 0 0 0 0 0 0 0 0 0 0 0 0 0 0 0 0 0 0 0 0 0 0 0 0 0 0 268435456 0 0 0 0 0 0 0 0 0 0 0 0 0 0 0 0 0 0 0 0 0 0 0 0 0 0 0 0 0 0 0 0 0 0 0 0 0 0 0 0 0 0 0 0 0 0 0 0 0 0 0 0 0 0 0 0 0 0 0 0 0 0 0 0 0 0 0 0 0 0 0 0 0 0 0 0 0 0 0 0 0 2 0 0 0 0 0 0 0 0 0 0 0 0 0 0 0 0 0 0 0 0 0 0 0 0 0 0 0 0 0 0 0 0 0 0 256 0 0 0 0 0 0 0 0 0 0 0 0 0 0 0 0 0 0 0 0 0 0 0 0 0 16777216 0 0 0 0 0 0 0 0 0 0 0 0 0 0 4 0 0 0 0 0 0 0 0 0 0 0 0 0 0 0 0 0 0 0 0 0 0 0 0 0 0 2097152 0 0 134217728 0 0 0 0 0 0 0 0 0 0 0 0 0 0 0 0 0 0 0 0 0 0 0 0 2048 8388608 0 0 0 0 256 0 0 0 0 8192 0 2 0 0 0 0 2 0 1073741824 262144 0 0 0 1073741824 0 0 0 0 0 0 0 0 0 0 0 0 0 0 0 0 0 0 0 0 0 0 0 0 0 0 0 0 0 0 0 0 0 0 131072 0 0 0 0 0 0 0 0 8388608 0 0 0 0 0 0 0 0 268435456 0 0 0 0 0 0 0 0 0 0 0 0 0 0 0 0 0 0 0 0 0 0 0 0 0 0 0 0 0 0 0 0 0 0 0 0 0 0 0 0 0 0 0 0 0 0 0 0 0 0 0 0 0 0 0 0 0 0 0 0 0 0 0 0 0 0 0 0 0 0 0 0 0 0 0 0 0 0 0 0 0 0 0 0 0 0 0 0 0 0 0 0 0 0 0 16384 0 0 4096 0 0 0 0 0 0 0 0 0 0 0 0 0 0 0 0 0 0 0 0 0 0 0 0 0 0 0 0 0 0 0 134217728 0 32768 0 0 0 0 0 0 0 0 0 0 0 0 0 0 0 0 0 0 0 0 0 0 0 65536 0 0 0 0 0 33554432 2097152 4 0 0 0 0 0 0 0 0 0 0 0 0 0 0 0 0 0 0 0 0 0 0 0 0 0 0 0 0 0 0 0 0 0 0 0 0 0 0 0 0 0 0 0 0 0 0 0 0 0 0 0 0 0 0 0 0 0 0 0 0 0 0 0 0 0 0 0 0 0 0 0 0 0 0 0 0 0 0 0 0 0 0 0 0 0 0 0 0 0 0 0 0 0 0 0 0 0 0 0 0 0 0 0 0 0 131072 0 0 0 0 0 0 0 0 0 0 0 0 1024 0 0 0 0 0 0 0 0 0 0 0 0 0 0 0 0 0 0 0 0 0 0 0 0 0 0 0 0 0 0 0 0 0 0 0 1073741824 0 0 0 0 0 0 0 0 0 0 0 0 0 0 0 0 0 0 0 0 0 0 0 0 0 0 0 0 0 0 0 0 0 0 0 4 0 0 0 0 0 0 0 0 0 0 0 0 0 0 0 0 0 0 0 0 0 0 0 0 0 0 0 0 0 0 0 0 0 0 0 0 0 0 0 0 0 0 0 0 0 0 0 0 0 0 0 0 0 0 0 0 0 0 0 0 0 0 0 0 0 0 0 0 0 0 0 0 0 0 0 0 0 0 0 0 0 0 0 0 0 0 0 0 0 0 0 0 0 0 32768 0 0 0 0 0 256 0 0 0 0 0 0 0 4 0 0 0 0 0 0 0 0 0 0 0 0 0 0 0 0 0 0 0 0 0 0 0 0 0 536870912 0 0 0 0 0 0 0 0 0 0 0 0 0 0 0 0 0 0 0 0 0 0 0 0 0 0 0 0 0 0 0 0 0 0 0 0 0 0 0 0 0 0 0 0 0 0 0 0 0 0 0 0 0 0 0 0 0 0 0 0 0 0 0 0 0 0 0 0 0 0 0 0 0 0 0 0 0 0 0 0 0 0 0 0 0 0 0 0 0 0 0 0 0 0 0 0 536870912 0 4 0 0 0 8388608 0 0 0 0 0 0 0 0 0 0 0 0 0 0 0 0 0 0 0 0 0 0 0 0 0 0 0 0 0 0 0 0 0 0 0 0 0 0 0 0 0 0 0 0 0 0 32 0 0 0 0 0 0 0 0 0 0 0 0 0 16384 0 0 0 0 0 0 0 0 0 0 0 0 0 0 0 0 0 0 0 0 0 1 0 0 0 0 0 0 0 0 8 0 0 0 0 4096 0 0 0 0 0 0 0 0 0 0 8192 0 0 1024 0 0 0 0 0 0 0 0 0 0 0 0 0 0 0 0 0 0 0 0 0 0 0 134217728 0 0 512 16777216 0 0 0 0 0 0 0 0 0 0 0 0 0 0 8192 0 0 0 0 0 0 0 0 2 0 0 536870912 0 0 0 0 0 0 0 0 0 0 0 0 1048576 0 0 0 0 0 0 0 0 0 0 0 0 0 0 0 0 0 0 0 0 0 0 0 0 0 0 0 0 0 0 0 0 0 0 0 0 0 0 0 0 0 0 0 0 0 0 0 0 0 0 0 0 0 0 0 0 0 0 0 0 0 0 0 0 0 0 0 0 0 0 0 0 0 2048 0 0 0 512 0 0 0 16 0 0 0 0 32768 0 0 0 0 0 0 64 0 0 0 0 0 0 0 0 0 0 0 0 65536 0 0 0 0 0 512 0 0 0 0 0 0 0 0 0 0 0 0 0 0 0 0 0 0 0 0 0 0 0 0 0 0 0 0 0 0 0 0 0 0 1 0 0 0 0 0 0 0 0 0 0 0 0 0 0 0 0 2097152 0 0 0 0 0 0 0 0 0 0 0 0 0 0 0 0 0 0 0 0 0 0 0 0 0 0 0 0 0 0 0 0 0 0 0 0 0 0 0 0 0 0 0 0 0 0 0 0 0 0 0 0 0 0 0 0 0 0 0 0 0 0 0 0 0 0 0 0 0 0 0 0 0 0 0 0 0 0 0 0 0 0 0 0 0 0 0 0 0 0 0 0 0 0 0 0 0 0 0 0 0 0 0 0 0 0 0 0 0 0 0 0 0 0 0 0 262144 0 0 0 0 0 0 0 0 0 0 0 0 0 0 0 0 0 0 0 0 0 0 0 0 0 65536 0 0 0 0 0 0 0 8192 0 0 0 0 0 0 0 0 0 0 0 0 0 0 0 0 0 0 0 0 0 0 0 0 0 0 0 0 0 0 0 0 0 0 0 0 0 0 0 0 0 0 0 0 0 0 0 0 0 0 0 0 0 0 0 0 0 0 0 0 0 0 0 16777216 0 0 0 0 0 0 0 0 0 0 0 0 0 0 0 0 0 0 0 0 0 0 0 0 0 0 0 0 0 0 0 0 0 0 0 0 0 0 0 0 0 0 0 0 0 0 0 0 0 0 0 0 0 0 0 0 0 0 0 0 0 0 0 0 0 0 0 0 0 0 8 0 0 0 0 0 0 0 0 0 0 0 0 0 0 0 0 0 0 0 0 256 0 0 0 0 0 0 0 0 0 0 0 0 0 0 0 0 0 0 0 0 0 0 0 0 0 0 0 0 0 0 0 0 0 0 0 0 0 0 0 0 0 0 0 0 0 0 0 0 0 0 0 0 0 0 0 0 0 0 0 0 0 0 0 0 0 0 0 0 0 0 0 0 0 0 0 0 0 0 0 0 0 0 0 0 0 0 0 0 0 0 0 0 2048 0 0 0 0 0 0 0 0 0 0 0 0 0 0 0 0 0 0 0 0 0 0 0 0 0 0 0 0 0 131072 0 33554432 0 0 0 8388608 0 0 8192 0 0 32 0 16 0 0 0 1073741824 0 0 0 0 0 0 0 0 0 0 0 0 0 0 0 0 0 0 0 0 0 0 0 0 0 0 0 0 0 0 0 0 0 0 16777216 0 0 0 0 0 0 0 0 0 0 0 0 4096 0 0 0 0 0 0 0 0 0 0 0 0 0 0 0 0 0 0 0 0 0 0 0 0 0 0 0 0 0 0 0 0 0 0 0 0 0 0 0 0 1 0 0 0 0 0 0 0 0 0 0 0 0 0 0 0 0 0 0 0 0 0 0 0 0 0 0 0 0 0 0 0 0 0 0 0 131072 0 0 0 0 0 0 0 0 0 0 0 0 0 0 0 0 0 0 524288 0 4 0 0 0 0 0 0 0 0 0 0 2147483648 0 536870912 0 0 0 0 0 0 0 0 0 0 64 0 0 0 0 0 0 0 0 0 0 0 0 0 0 0 512 262144 0 0 0 0 0 0 0 0 0 0 1024 4194304 0 0 0 0 0 0 0 0 0 0 0 0 0 65536 0 0 0 0 0 0 0 0 0 0 33554432 0 131072 8 0 0 0 0 4195328 0 0 0 0 0 0 0 0 0 0 0 0 0 0 0 0 0 0 0 0 0 0 0 0 0 0 128 0 0 0 0 0 0 0 0 0 0 0 0 0 0 0 0 0 0 0 0 512 0 0 0 0 0 0 0 0 0 0 0 0 0 0 0 0 0 0 0 0 0 0 0 0 0 0 0 0 0 0 0 0 0 0 0 0 0 0 0 0 0 0 0 0 0 0 0 0 0 1073741824 0 0 0 0 0 0 0 0 0 0 0 0 0 0 0 0 0 0 0 0 0 0 0 0 0 0 0 0 0 0 0 0 0 0 0 0 0 0 0 0 0 0 0 0 0 0 0 0 0 0 0 0 0 0 0 0 0 0 0 0 0 0 0 0 0 0 0 0 0 0 0 0 0 0 0 0 0 0 0 0 0 0 0 0 0 0 0 1073741824 0 0 0 0 0 0 0 0 0 0 0 0 0 0 0 0 0 0 0 0 0 0 0 0 0 0 0 0 0 0 0 0 0 0 0 0 0 0 0 0 0 0 0 0 0 0 0 0 0 0 0 0 0 0 0 0 0 0 0 0 0 0 0 0 0 0 0 0 0 0 0 0 0 0 0 0 0 0 0 0 0 0 0 0 0 0 0 0 0 0 0 0 0 8388608 0 0 0 0 0 0 0 0 0 0 0 0 0 0 0 0 0 0 0 0 0 0 0 0 0 0 0 0 0 0 0 0 0 0 0 0 0 0 0 0 0 0 0 0 0 0 0 0 0 0 0 0 0 0 0 0 0 0 0 0 0 0 0 0 0 0 0 0 0 0 0 0 0 0 0 0 0 0 0 0 0 0 0 0 0 0 0 0 0 0 0 0 0 0 0 0 0 0 0 0 0 0 0 0 0 0 0 0 0 0 0 0 0 0 0 0 0 0 0 0 0 524288 0 0 0 0 0 0 0 0 0 0 0 0 0 0 0 0 0 0 0 0 0 0 0 0 0 0 0 0 0 0 0 0 0 0 0 0 0 0 0 0 0 0 0 0 0 0 0 0 0 16 0 0 0 1048576 0 0 0 0 0 0 0 0 0 0 0 0 0 0 0 0 0 0 0 0 0 0 0 0 0 0 0 0 0 8192 0 0 0 0 0 0 0 0 16777216 0 0 0 0 0 0 0 131072 0 0 0 0 0 0 0 0 0 0 0 0 0 0 0 0 0 0 0 0 0 0 0 0 0 0 0 0 0 0 0 0 0 0 0 0 0 0 0 0 0 0 0 0 0 0 0 0 0 0 524288 0 0 0 0 0 0 0 0 0 0 0 0 16777216 0 0 0 0 0 0 0 0 0 0 0 0 0 0 0 0 256 0 0 0 16384 0 0 0 0 0 0 0 0 0 0 0 0 0 0 0 0 0 0 0 0 0 0 0 0 0 32768 0 0 0 0 0 0 0 0 0 4096 0 0 0 0 0 0 0 0 0 0 0 0 0 0 0 2097152 0 0 0 0 0 0 0 0 0 0 0 0 0 16 0 0 268435456 0 0 0 0 0 0 0 0 0 0 0 0 0 0 33554432 0 0 0 0 2147483648 0 0 0 0 262144 0 0 65536 0 0 0 0 0 0 0 0 0 0 0 0 0 0 0 0 0 0 2048 0 128 4096 0 0 0 0 0 0 2147483648 4096 0 2097152 0 0 0 0 0 0 0 0 0 0 0 0 0 0 0 0 0 0 0 0 0 0 0 0 0 0 0 0 0 0 0 0 0 0 0 0 8192 0 0 0 0 0 0 2097152 0 0 0 0 0 0 0 0 0 0 0 0 0 0 0 0 0 0 0 0 0 0 0 0 0 0 0 0 0 0 0 0 0 0 0 0 0 0 0 0 0 2097152 0 0 8388608 0 0 0 0 0 0 0 0 0 0 0 0 0 0 0 0 0 0 0 0 131072 0 0 0 0 0 0 0 0 0 0 0 0 0 0 0 0 0 0 0 0 0 0 0 0 0 0 0 0 0 0 0 0 0 0 0 0 0 0 0 0 0 0 0 0 0 0 0 0 0 0 0 0 0 0 0 0 0 8388608 0 0 0 0 0 0 0 0 0 0 0 0 0 0 0 0 0 0 0 0 0 0 67108864 4096 0 2147483648 0 0 0 1073741824 0 0 0 0 0 0 0 0 0 0 0 0 0 0 0 0 0 0 0 0 0 0 0 0 0 0 0 0 0 0 0 0 0 0 0 0 0 0 0 0 0 0 0 0 0 0 0 0 0 0 0 0 0 0 0 0 0 0 0 0 0 0 0 0 0 0 0 0 0 0 0 0 0 0 0 0 0 0 0 0 0 0 0 0 0 0 0 0 0 0 0 0 0 0 0 0 0 0 0 0 0 0 0 0 0 0 0 0 0 0 0 0 0 0 0 0 0 0 0 0 0 0 0 0 0 0 0 0 0 134217728 0 0 0 0 0 0 0 0 0 0 0 0 0 0 0 0 0 0 0 0 0 0 0 0 0 0 0 0 0 0 0 0 0 0 0 0 0 0 0 0 0 0 0 8388608 0 0 0 0 0 0 0 0 0 0 0 0 0 0 0 0 0 0 0 0 0 0 0 0 0 0 0 0 0 0 0 0 0 0 0 0 0 0 0 0 0 0 0 0 0 0 0 0 0 0 0 0 0 0 0 0 0 0 0 0 0 0 0 0 0 0 0 0 0 0 0 0 0 0 0 0 0 0 1024 0 0 0 0 0 0 0 0 0 0 0 0 0 256 0 0 0 0 0 0 16384 0 0 0 0 0 0 0 0 0 0 0 0 0 0 0 0 0 0 2147483648 0 0 0 0 0 0 0 0 0 4194304 0 0 0 0 0 0 4325376 0 0 0 0 0 0 0 1 0 0 0 0 0 0 67108864 0 0 0 0 0 0 0 0 0 0 0 0 0 0 0 0 0 0 0 0 0 32768 0 0 0 0 0 0 0 0 0 0 0 0 0 0 0 0 0 0 0 0 0 0 16777216 0 0 0 0 0 0 0 0 0 0 0 0 0 0 0 0 0 0 0 0 0 0 0 0 0 0 0 0 0 0 0 0 0 0 0 0 0 0 67108864 0 8 0 0 0 0 0 0 0 0 0 67108864 0 0 0 0 0 0 0 0 0 0 0 0 0 0 0 0 0 0 0 0 0 0 0 0 0 0 0 0 0 0 0 0 0 0 0 0 0 0 0 0 0 0 0 0 0 1 0 524288 0 0 0 0 0 0 0 0 0 0 0 0 0 0 0 0 0 0 0 0 0 0 0 0 0 0 0 0 0 0 0 0 0 8388608 0 0 0 0 0 0 0 0 0 32768 0 32768
is_linear=0
shrinkage=1


Tree=1
num_leaves=63
num_cat=32
split_feature=15 6 6 3 10 3 6 3 7 6 1 10 6 10 8 1 10 13 6 6 1 11 1 1 11 1 8 13 1 6 13 3 6 3 8 9 1 6 1 3 8 8 8 8 8 12 1 1 12 8 10 9 6 8 3 8 8 1 13 9 8 13
split_gain=1297 694.008 652.108 430.33 382.914 534.056 306.243 149.677 143.687 144.426 125.65 121.053 114.216 101.268 91.479 89.0787 85.2785 82.2735 80.3154 74.7186 72.5147 63.989 63.3842 61.5185 60.01 58.9323 57.446 56.7586 81.5615 54.5144 180.729 85.141 54.1689 52.0265 82.4105 72.5538 51.7888 48.125 68.1738 100.283 54.2632 45.7964 45.7485 52.561 75.1077 67.7913 44.9372 52.66 48.285 43.2145 44.8649 44.9481 39.9463 65.8386 39.7294 39.5554 114.445 38.2476 38.1263 115.315 71.9267 37.9318
threshold=0 1 2 3 318.00000000000006 4 5 6 7 8 9 140.00000000000003 10 318.00000000000006 8.5000000000000018 11 955.00000000000011 2.8029010295867924 12 13 14 75.000000000000014 15 16 265.00000000000006 17 20.500000000000004 4.241093873977662 18 19 2.0715673565864567 20 21 22 14.500000000000002 4.5000000000000009 23 24 25 26 18.500000000000004 22.500000000000004 7.5000000000000009 12.500000000000002 10.500000000000002 73500.000000000015 27 28 73500.000000000015 17.500000000000004 414.00000000000006 4.5000000000000009 29 22.500000000000004 30 14.500000000000002 12.500000000000002 31 3.7012257575988774 4.5000000000000009 22.500000000000004 4.241093873977662
decision_type=9 9 9 9 2 9 9 9 9 9 9 2 9 2 2 9 2 2 9 9 9 2 9 9 2 9 2 2 9 9 2 9 9 9 2 2 9 9 9 9 2 2 2 2 2 2 9 9 2 2 2 2 9 2 9 2 2 9 2 2 2 2
left_child=2 3 7 13 5 41 27 20 10 22 -8 -9 16 -2 -7 29 -3 21 54 -20 24 55 -10 -23 26 -14 -1 -4 -29 30 31 -11 57 34 -16 -35 -34 38 39 -21 42 -5 -41 44 -44 -45 48 -48 -24 50 51 -15 53 -27 -17 56 -13 -12 -28 60 -60 -39
right_child=1 12 6 4 -6 14 8 11 9 15 32 17 25 49 33 18 -18 -19 19 37 -22 23 46 -25 -26 52 58 28 -30 -31 -32 -33 36 35 -36 -37 -38 61 -40 40 -42 -43 43 45 -46 -47 47 -49 -50 -51 -52 -53 -54 -55 -56 -57 -58 -59 59 -61 -62 -63
leaf_value=0.084508429809037139 0.084504254703635942 0.22831022171975934 -0.041542445355818643 0.66841611955629099 0.23856321029234717 1.0511725485641843 0.054597626423226499 1.4986039833389313 0.10516393468769823 0.29325204560721257 0.041425546836150226 0.29364324606918329 0.073059846197424436 0.34936193124137699 2.8490094068195093 0.29142331128054988 0.060706250903769202 0.31197320383325872 0.088082259616554359 0.10464597913783912 0.017602693296418857 -0.024577742603171228 0.36483460925581651 0.11782473560066123 0.39886212413473165 0.18134682496803589 0.11278476579008767 0.10477662228412182 -0.02366866826774176 -0.0024560109857807745 0.055037224888791127 0.87391249274415217 -0.022426563408414577 0.77545391825049492 1.7086957680240138 2.0362521535069233 0.01399268974636097 -0.029569375286227946 -0.01982739583291851 0.11642030827119848 -0.050050028480798751 0.40168938198056259 0.52913148868620719 0.18098488133143592 1.9531518256104876 1.239234914661884 0.06738312359616111 -0.031290944802094767 0.087626399962641002 0.20610755367042058 0.34184193007790059 0.90197820599264922 -0.030755315917116933 0.95555200528412532 0.08568320699468672 0.20908271251934357 1.7528800558097757 -0.040427335735559553 1.0460207322433221 0.15170839528573632 -0.050036588409106443 -0.0033821842954042426
leaf_weight=30.473499589599669 6.3177655402687378 23.164565431710798 795.1469297290314 8.4181820388184843 5.0238173785037352 0.63565555494278747 134.79769903310807 0.16142869630129908 23.185547847591806 2.3304306556237862 10.231398429081308 0.43644659721758106 22.892017116129864 0.62592475645942591 0.22421060194028541 3.3679235546151176 11.287669202894902 5.6624089120887211 5.9307054631062783 12.283476193086244 107.54305816598935 11.618098101287613 1.8077981747337606 63.57504796347348 1.8935228306218039 3.457001674920321 2.1496083701495072 7.4428721106378362 35.527542249299586 65.674457454355434 29.980077401618473 0.86585064273094703 105.92524942039745 0.24227533827070125 0.54015734669519588 0.21569230704335496 656.92001052724663 1031.1367611747119 31.391763542196713 0.30038083501858359 0.33698837831616391 1.9896697266958661 0.17266237444709964 0.43286567571340129 0.19968195591354743 0.23268241155892611 7.887812913802918 48.704997640103102 11.985980807861777 2.9277810757048428 3.062033174384851 0.89283418975537643 44.302360872214194 0.29830010834848497 7.7367247865186055 0.77183020825032145 0.19412935758009553 88.938090336858295 0.77550681552384082 1.7348628925974479 0.18547924346057698 159.69850048283115
leaf_count=44037 8630 21853 1266066 2620 5882 607 204123 168 33911 3635 15752 531 24137 676 228 5075 16594 5048 8171 18545 153824 16234 2623 89056 2608 3820 3032 11040 52698 101872 46146 1291 160319 229 543 204 993683 1605512 46753 437 459 322 259 646 298 267 11500 71101 17527 2637 2848 986 44532 296 11770 933 236 136878 1059 2371 254 245485
internal_value=-0.000327624 0.145433 -0.00639684 0.332951 0.606234 0.756824 -0.0121515 0.0737137 -0.00314101 -0.0131758 0.0113985 0.130745 0.0660205 0.232024 1.53768 -0.0174348 0.13439 0.12806 -0.0210982 -0.0225986 0.0463343 0.114464 0.0441061 0.108223 0.0982383 0.0203207 0.109936 -0.0380635 0.0174545 0.026681 0.0715693 0.450549 0.00409453 1.79069 2.04318 1.36926 0.00871093 -0.0238322 0.0240448 0.0898036 0.517033 0.617426 0.659829 0.817099 1.29281 0.55096 0.0134132 -0.00948448 0.0718606 0.356148 0.452045 0.674229 -0.0130582 0.0662986 0.0779164 0.449101 0.742884 -0.0289614 0.269851 0.395092 0.834471 -0.0258405
internal_weight=3644.27 136.518 3507.75 31.116 17.2897 12.2658 3280.57 227.175 2442.46 1445.64 996.812 82.4194 105.402 13.8263 1.85799 1352.07 34.4522 82.258 1253.22 1242.12 144.756 76.5956 93.5721 75.1931 37.2125 70.9497 35.319 838.117 42.9704 98.8508 33.1764 3.19628 862.015 1.22234 0.764368 0.457968 762.845 1236.19 45.3505 13.9587 1.67526 10.4079 1.33827 1.03789 0.372344 0.665548 70.3866 56.5928 13.7938 7.50857 4.58079 1.51876 48.0577 3.7553 11.1046 1.40241 0.630576 99.1695 4.84546 2.69585 0.960986 1190.84
internal_count=5530877 137644 5393233 26412 10635 4753 5073842 319391 3744038 2233283 1510755 112206 111232 15777 1811 2096621 38447 112038 1943677 1926832 207185 106990 136662 105290 53361 72785 50753 1329804 63738 152944 51072 4926 1306632 1204 771 433 1154002 1918661 67664 20911 2366 2942 1907 1470 557 913 102751 82601 20150 7147 4510 1662 48648 4116 16845 1700 767 152630 6716 3684 1313 1850997
cat_boundaries=0 1 723 1445 1446 1447 2114 2115 2117 2838 2850 3576 3588 4308 5028 5040 5052 5064 5076 5088 5813 5814 6535 6536 6548 7272 7283 7284 7296 7308 8020 8021 8033
cat_threshold=64 0 0 0 0 0 0 0 0 0 0 0 0 0 0 0 0 0 0 0 0 0 0 0 0 0 0 0 0 0 0 0 0 0 0 0 0 0 0 0 0 0 0 0 0 0 0 0 0 0 0 0 0 0 0 0 0 0 0 0 0 0 0 0 0 0 0 0 0 0 0 0 0 0 0 0 0 0 0 0 0 0 0 0 0 0 0 0 0 0 0 0 0 0 0 0 0 0 0 0 0 0 0 0 0 0 0 0 0 0 0 0 0 0 0 0 0 0 0 0 0 0 0 0 0 0 0 0 0 0 0 0 0 0 0 0 0 0 0 0 0 0 0 0 0 0 0 0 0 0 0 0 0 0 0 0 0 0 0 0 0 0 0 0 0 0 0 0 0 0 0 0 0 0 0 0 0 0 0 0 0 0 0 0 0 0 0 0 0 0 0 0 0 0 0 0 0 0 0 0 0 0 0 0 0 0 0 0 0 0 0 0 0 0 0 0 0 0 0 0 0 0 0 0 0 0 0 0 0 0 0 0 0 0 0 0 0 0 0 0 0 0 0 0 0 0 0 0 0 0 0 0 0 0 0 0 0 0 0 0 0 0 0 0 0 0 0 0 0 0 0 0 0 0 0 0 0 0 0 0 0 0 0 0 0 0 0 0 0 0 0 0 0 0 0 0 0 0 0 0 0 0 0 0 0 0 0 0 0 0 0 0 0 0 0 0 0 0 0 0 0 0 0 0 0 0 0 0 0 0 0 0 0 0 0 0 0 0 0 0 0 0 0 0 0 0 0 0 0 0 0 0 0 0 0 0 0 0 0 0 0 0 0 0 0 0 0 0 0 0 0 0 0 0 0 0 0 0 0 0 0 0 0 0 0 0 0 0 0 0 0 0 0 0 0 0 0 0 0 0 0 0 0 0 0 0 0 0 0 0 0 0 0 0 0 0 0 0 0 0 0 0 0 0 0 0 0 1024 0 0 0 0 0 0 0 0 0 0 0 0 0 0 0 0 0 0 0 0 0 0 0 0 0 0 0 0 0 0 0 0 0 0 0 0 0 0 0 0 0 0 0 0 0 0 0 0 0 0 0 0 0 0 0 0 0 0 0 0 0 0 0 0 2 0 0 0 0 0 0 0 0 0 32768 0 0 0 0 0 131072 0 0 0 1 0 0 0 0 0 0 0 0 0 0 0 0 0 0 0 0 0 0 0 0 0 0 0 0 0 0 0 0 0 0 0 0 0 0 0 0 0 0 0 0 0 0 0 33554434 0 0 0 0 0 0 0 0 0 0 0 0 0 0 0 0 0 0 0 0 0 0 0 0 0 0 0 0 0 0 0 0 0 0 0 0 0 0 0 0 0 0 0 0 0 0 0 0 0 0 0 0 0 0 0 0 0 0 0 0 0 0 0 0 0 0 0 0 0 0 0 0 0 0 0 0 0 0 0 0 0 0 0 0 0 0 0 0 0 0 0 0 0 0 0 0 2 0 0 0 2147483648 0 0 0 0 268435456 0 0 0 0 0 0 0 0 0 0 0 0 0 0 0 0 0 0 0 0 0 0 0 0 0 0 0 32768 0 0 0 0 0 0 0 0 0 0 0 0 0 0 0 0 0 0 0 0 0 0 0 0 0 0 0 0 2147483648 16 0 536870912 0 0 0 0 0 0 0 0 0 0 0 0 0 0 0 0 0 0 268435456 0 0 0 0 0 0 0 0 0 0 0 0 0 0 0 134217728 0 0 0 0 0 0 0 0 0 0 0 0 0 0 0 0 0 0 0 0 0 0 0 0 0 0 0 0 0 0 0 0 512 0 0 0 0 0 0 0 512 0 0 0 0 0 0 0 0 0 0 0 0 0 0 0 0 0 0 0 0 0 0 0 0 0 0 0 0 0 0 0 0 0 0 0 0 0 262144 0 0 0 0 0 0 0 0 0 0 0 0 0 0 0 0 0 0 0 0 0 0 0 0 0 0 0 0 0 0 0 0 0 0 0 0 0 0 0 0 0 0 0 0 0 0 0 0 0 0 0 0 0 0 0 0 0 0 0 0 0 0 0 0 0 0 0 0 0 0 0 0 0 0 0 0 0 0 0 0 0 0 0 0 0 0 0 0 0 0 0 0 0 0 0 0 0 0 0 0 0 0 0 0 0 0 0 4194304 0 0 1048576 0 0 0 0 0 0 0 0 0 0 0 0 0 0 0 0 0 16 0 0 0 0 0 0 0 0 0 0 0 0 0 0 0 16777216 0 0 8 0 0 0 0 0 0 0 0 0 0 0 0 0 0 0 0 0 0 0 0 0 0 0 0 0 0 0 0 0 0 0 0 0 0 0 0 0 0 0 0 0 0 0 0 0 1024 0 0 0 0 0 0 0 0 0 0 0 0 0 0 0 0 0 0 0 0 0 0 0 0 0 0 0 0 0 0 0 0 0 0 0 0 2 0 0 0 0 0 0 0 0 0 0 0 0 0 0 0 0 0 0 0 0 0 0 0 0 0 0 0 0 0 0 0 0 0 0 0 0 0 0 0 0 0 0 0 0 0 0 0 0 0 0 0 0 0 0 0 0 0 0 0 0 0 0 0 0 0 0 0 0 0 0 0 0 0 0 0 0 0 0 0 0 0 0 0 0 0 0 0 0 0 0 0 0 8388608 0 0 0 0 1 0 0 0 0 0 0 0 0 0 0 0 0 0 0 0 0 0 0 0 0 0 0 0 0 0 0 0 0 0 0 0 0 0 0 0 0 0 0 0 0 0 0 0 0 0 0 0 0 0 32768 0 8 0 0 0 0 1048576 0 0 0 0 0 0 0 0 0 0 0 0 0 0 0 0 0 0 0 0 0 0 0 0 0 0 0 0 0 0 0 0 0 0 0 0 4096 0 0 0 0 0 0 0 0 0 0 0 4194304 0 0 0 0 0 0 2 0 0 0 0 0 0 0 0 0 0 0 8 0 0 0 0 0 0 0 0 0 0 0 0 0 0 0 0 0 0 0 0 0 0 0 0 0 0 0 0 0 0 0 0 0 0 0 0 0 0 0 0 0 0 0 0 0 0 0 2048 0 0 0 0 0 0 0 0 0 0 0 0 0 0 0 0 0 0 0 0 0 0 0 0 65536 0 0 0 0 0 0 0 0 0 0 0 2 16384 0 0 0 0 0 0 0 0 0 0 0 0 0 0 0 0 0 0 0 0 0 0 0 0 0 0 0 0 0 0 0 128 0 0 0 0 32768 0 0 0 0 0 0 2048 2147483648 0 0 0 0 0 0 0 65536 0 0 0 1048576 0 0 0 0 0 0 0 0 0 0 524288 8 4 0 0 0 0 0 0 1024 0 0 0 0 0 0 0 0 0 0 0 0 0 0 0 0 0 0 0 0 0 0 0 256 0 0 0 0 0 0 0 0 0 0 0 0 0 0 0 0 32 0 0 0 0 0 0 0 0 0 0 0 0 0 0 0 0 0 0 0 0 0 536870920 0 0 0 0 0 0 0 0 0 0 0 0 0 0 0 0 0 0 0 0 0 0 0 0 0 0 0 0 0 0 0 0 0 0 0 0 0 0 0 0 0 0 0 0 0 0 0 0 32 0 0 0 0 0 0 0 0 0 0 134217728 0 0 0 0 0 0 0 0 0 0 0 0 0 0 0 0 0 0 0 0 0 0 0 0 0 0 0 0 0 0 0 0 0 0 0 0 0 0 262144 0 32768 0 0 0 0 0 0 0 0 0 0 4096 0 0 16385 0 0 0 0 0 4096 0 0 0 0 0 0 0 0 0 0 0 0 0 0 0 0 0 0 0 0 0 0 0 0 0 0 0 0 0 0 1024 0 0 0 0 0 0 0 0 0 0 0 0 0 0 0 0 0 0 0 0 0 0 0 0 0 0 0 0 0 0 0 0 0 0 0 0 1024 0 0 1 0 0 0 0 0 0 0 0 0 0 0 32 0 0 0 0 0 0 0 0 0 0 0 0 0 0 0 0 0 0 0 0 0 0 0 0 0 0 0 0 0 0 0 0 0 0 0 0 0 0 0 0 0 0 0 0 0 0 0 0 0 0 0 0 0 0 0 0 0 0 0 0 0 0 0 0 0 0 0 0 0 0 0 0 0 0 0 0 0 0 0 0 0 0 0 0 0 0 0 0 0 0 0 0 0 0 0 0 0 0 0 0 0 0 0 0 0 0 0 0 0 0 0 0 0 0 0 0 0 0 0 0 0 0 0 0 0 0 0 0 0 0 0 0 0 0 0 0 0 0 0 0 0 0 0 0 0 0 0 0 0 0 0 0 0 0 0 0 0 0 0 0 0 0 0 8 0 0 0 0 0 0 0 0 0 0 0 0 0 0 0 0 0 0 0 0 0 0 0 0 0 0 0 0 0 0 0 0 0 0 0 0 0 0 0 0 0 0 0 0 0 0 0 0 0 0 0 524544 0 0 0 0 0 0 0 0 0 0 0 0 0 0 0 0 0 0 134217728 0 0 0 67108864 0 0 0 0 0 0 0 0 0 0 0 0 0 0 0 0 0 0 0 0 0 0 0 0 0 0 0 0 0 0 0 0 0 4096 0 0 0 256 0 0 0 0 0 0 0 0 0 0 0 0 0 0 0 0 0 0 0 0 0 0 0 0 0 0 0 0 0 0 0 134217728 0 0 0 0 0 0 0 0 0 0 0 0 0 0 0 2 0 0 0 0 0 0 0 0 0 0 0 0 0 0 0 0 0 0 0 0 0 0 0 0 0 0 0 0 0 0 0 0 0 0 0 256 0 0 0 2097152 0 0 0 0 0 0 0 0 0 0 0 0 0 128 0 0 0 0 1 1073741824 0 0 0 0 0 0 0 1073741824 2 371769394 2383725650 0 0 0 0 0 0 0 0 0 0 0 0 0 0 0 0 0 0 0 0 0 0 0 0 0 0 0 0 0 0 0 0 0 0 0 0 0 0 0 0 0 0 0 0 0 0 0 0 0 0 0 0 0 0 0 0 0 0 0 0 0 0 0 0 0 0 0 0 0 0 0 0 0 0 0 268435456 0 0 0 0 0 0 0 0 0 0 0 0 0 0 0 0 0 0 0 0 0 0 0 0 0 0 0 0 0 0 0 0 0 0 0 0 0 0 0 2097152 0 0 0 0 0 0 0 0 0 0 0 0 0 0 0 0 0 0 0 0 0 0 0 0 0 0 0 0 0 0 0 0 0 0 0 0 0 0 0 0 0 0 0 0 8 0 0 0 0 0 0 0 32768 0 0 0 0 0 0 0 0 0 0 0 0 0 0 0 0 0 0 0 0 0 0 0 0 0 0 0 0 0 0 0 0 0 0 0 0 0 0 0 0 0 0 0 0 0 0 0 0 0 0 0 0 0 0 0 0 0 0 0 0 0 0 0 0 0 0 0 0 0 0 0 0 0 0 0 0 0 0 0 0 0 0 0 0 0 0 0 0 0 0 0 0 0 0 0 0 0 0 0 0 0 0 0 0 0 0 0 0 0 0 0 0 0 0 0 0 0 0 0 0 0 0 0 0 0 0 0 0 0 0 0 0 0 0 0 0 0 0 0 0 0 0 0 0 0 0 0 0 0 0 0 0 0 0 0 0 0 0 0 0 0 0 0 0 0 0 0 0 0 0 0 0 0 0 0 0 0 0 0 0 0 0 0 0 0 0 0 0 0 0 0 0 69206016 0 0 0 0 0 0 0 0 0 0 0 0 0 0 0 0 0 0 0 0 0 0 0 0 0 0 0 0 0 0 0 0 0 0 0 0 0 0 0 0 0 0 0 0 524288 0 0 0 0 0 0 0 0 0 0 0 0 0 0 0 0 0 0 0 0 524288 0 0 0 0 0 0 0 0 0 0 0 128 0 0 0 0 0 0 0 0 0 0 0 0 0 0 0 0 0 0 0 0 0 0 0 0 0 0 0 0 0 0 0 0 0 0 0 4096 0 0 0 0 0 0 0 0 0 0 0 0 0 0 8192 0 0 0 0 0 0 2 0 0 4096 0 0 1048576 0 0 2147483648 131072 0 0 0 1 0 128 0 0 0 0 0 0 0 0 0 0 0 0 0 0 536870912 0 0 0 0 0 0 0 8192 0 0 0 0 0 0 0 0 0 0 0 0 0 0 0 0 0 0 0 0 0 0 0 0 0 0 0 0 33554432 0 0 0 32768 0 0 0 0 0 524288 0 0 0 0 0 0 4096 0 0 0 0 0 0 0 0 0 0 0 0 0 8192 0 0 0 0 0 0 0 0 0 0 0 0 0 0 0 0 0 0 0 0 0 0 0 0 0 0 0 0 0 0 0 0 0 0 0 0 0 0 0 0 0 0 0 0 0 0 2048 0 0 0 0 0 0 0 0 0 0 0 4 0 0 0 0 0 0 0 0 0 0 0 0 0 64 1 0 0 0 0 0 0 0 0 0 0 0 0 0 0 0 0 0 0 0 0 0 0 0 16 0 0 0 0 0 0 0 0 0 0 0 0 32 0 0 0 0 0 0 0 0 0 0 0 0 33554432 16781376 2148010048 135456 268500992 8388608 2147483648 128 17072128 2097152 2147483664 3221258768 786984 0 2048 0 65536 4194304 0 0 0 0 0 0 0 0 0 0 0 0 0 268435456 0 0 0 0 0 0 0 0 0 0 0 0 0 0 536870912 0 0 0 0 0 0 0 0 0 0 0 0 0 0 0 0 0 0 0 0 0 0 0 0 0 0 0 0 0 0 0 0 0 0 0 0 0 0 0 0 0 0 0 0 0 0 0 0 0 0 0 0 0 0 0 2097152 0 0 131072 0 0 0 0 0 0 0 0 0 0 0 0 0 0 0 0 0 0 0 0 0 0 0 0 0 0 0 0 0 0 0 0 0 0 0 0 0 0 0 0 0 0 0 0 0 0 0 0 0 0 0 0 0 0 0 0 0 0 0 0 0 0 0 0 0 0 0 0 0 0 0 0 0 0 0 262144 0 0 0 0 0 0 0 0 0 0 0 0 0 0 0 0 0 0 0 0 0 4096 0 0 0 0 0 0 0 0 0 0 0 0 0 0 0 0 0 0 0 0 0 0 0 0 0 0 0 0 0 0 0 0 0 0 0 0 0 0 0 0 0 0 0 0 0 0 0 0 0 0 0 0 0 0 0 0 0 0 0 2048 0 0 0 0 0 0 0 0 0 0 0 0 0 0 0 0 0 0 0 0 0 0 0 0 0 0 0 0 0 0 0 0 0 0 0 0 0 0 0 0 0 0 0 0 0 0 0 0 32 0 0 0 0 0 0 0 0 0 0 0 0 0 0 0 0 0 0 0 0 0 0 0 0 0 0 0 0 0 0 0 0 0 0 0 0 0 0 0 0 0 0 0 0 0 0 0 0 0 0 0 0 0 0 0 0 0 0 0 0 0 0 0 0 0 0 0 0 0 0 0 0 0 0 0 0 0 0 0 0 0 0 0 0 0 0 0 0 0 0 0 0 0 0 0 0 0 0 0 0 0 0 0 0 0 0 0 0 0 0 0 0 0 0 0 0 0 0 0 0 0 0 0 0 0 0 0 0 0 0 0 0 0 0 0 0 0 0 0 0 0 0 0 0 0 0 0 0 0 0 0 0 0 0 134217728 0 0 0 0 0 0 0 0 0 0 0 0 0 0 0 0 0 131072 0 0 0 0 0 0 2048 67108864 0 0 0 0 0 0 8192 0 0 1073741824 0 0 0 0 4096 0 2 0 0 4096 0 0 0 0 0 0 0 0 0 0 0 0 0 0 0 0 0 0 0 0 0 0 0 0 0 0 0 0 0 0 0 0 0 0 0 528384 0 0 0 0 0 0 0 0 0 0 0 0 0 0 0 0 0 0 0 0 0 0 0 0 0 0 0 0 0 0 8 0 0 0 0 0 0 0 0 0 0 0 0 0 0 0 33554432 0 0 0 0 0 0 0 0 0 0 0 0 0 0 0 0 0 0 0 0 0 0 0 0 0 0 0 0 0 0 0 134217728 0 0 0 0 0 0 0 0 0 0 0 0 0 0 0 0 0 0 0 0 0 0 0 0 0 0 0 0 0 0 0 0 0 0 0 0 0 16384 0 0 0 0 0 0 0 0 0 0 0 0 0 0 0 0 0 0 0 0 0 0 0 0 0 0 0 2048 0 0 0 0 0 0 0 0 0 0 0 0 0 0 0 0 2147483648 0 0 0 0 0 0 0 0 0 0 0 1048576 0 0 0 0 0 0 0 0 0 0 2097152 0 0 0 131072 303104096 8388608 2147487776 135267460 134250496 12355 16512 0 8 272 2230272 262176 0 0 0 0 0 0 0 0 0 0 0 0 0 0 0 0 0 0 0 0 0 0 0 0 0 0 0 0 0 0 0 0 0 0 0 0 0 0 0 0 0 0 0 0 0 0 0 0 0 0 0 0 0 0 0 0 0 0 0 0 0 0 512 0 0 0 0 0 0 0 0 0 0 0 0 0 0 0 0 0 0 0 0 0 0 0 0 0 0 0 0 0 0 0 0 0 0 0 0 0 0 0 0 0 0 0 0 0 0 131072 0 0 0 0 0 0 0 0 0 0 0 0 0 0 0 0 0 0 0 0 0 0 0 0 0 0 0 0 0 0 0 0 0 0 0 0 0 0 0 0 0 0 0 0 0 0 0 0 0 0 0 0 0 0 0 0 0 0 0 0 0 0 0 0 0 0 0 0 0 0 0 0 0 0 1024 0 0 0 0 0 1073741824 0 0 0 0 0 0 0 0 0 0 0 0 0 0 0 0 0 0 0 0 0 0 0 0 0 0 0 0 0 0 0 0 134217728 0 0 0 0 0 0 0 0 0 0 0 0 0 0 0 0 0 0 0 0 0 0 0 0 0 0 0 0 0 0 0 0 0 0 0 0 0 0 0 0 0 4 0 0 0 0 0 0 0 0 0 0 0 0 0 0 0 0 0 0 0 0 0 0 0 0 0 0 0 0 0 0 0 0 0 0 0 0 0 0 0 0 0 0 0 0 0 0 0 0 0 0 0 0 0 0 0 0 0 0 0 0 0 0 0 0 0 0 0 0 0 0 0 1048576 0 0 0 0 0 0 0 0 0 0 0 0 0 0 0 0 0 0 0 0 0 0 0 0 0 0 0 0 0 0 0 0 0 0 0 0 0 0 0 0 0 0 0 0 0 0 0 0 0 0 0 0 0 0 0 0 0 0 0 0 0 0 0 0 0 0 0 0 0 0 0 16777216 0 0 0 0 0 0 0 0 0 0 0 0 0 0 0 0 0 0 0 0 0 0 0 0 0 0 0 0 0 0 0 0 0 0 0 0 0 0 0 0 1024 0 0 0 0 0 0 0 0 0 0 0 0 0 256 0 0 0 0 0 0 0 0 4194304 0 0 0 131072 0 0 0 0 16 0 0 0 0 0 0 0 0 0 0 0 0 32768 0 0 0 0 0 0 0 0 0 0 0 4194304 0 4194304 0 0 0 0 0 0 0 0 0 0 0 0 0 0 0 0 0 0 0 0 0 0 0 0 0 0 0 0 0 0 0 0 0 0 0 0 0 0 0 0 2097152 0 0 0 0 0 0 0 0 131072 8388608 0 0 0 0 0 0 0 0 0 0 0 0 0 0 0 0 0 0 0 0 0 0 0 0 0 0 0 0 0 0 0 0 0 0 0 0 0 0 0 0 128 512 0 0 0 0 0 8 256 0 0 0 0 0 0 0 0 335544320 0 0 0 0 0 0 0 0 0 0 0 0 0 0 0 0 0 0 0 0 0 0 0 0 0 0 0 0 0 0 256 0 0 0 0 0 0 0 0 0 536870912 0 268435456 0 0 0 0 0 0 0 0 0 0 0 0 0 0 0 0 0 0 0 0 0 0 0 0 262144 0 0 0 0 0 0 0 0 0 0 0 4194304 0 0 0 0 0 0 0 0 0 0 0 33554432 0 0 0 0 0 0 0 0 262144 0 0 0 0 0 0 0 0 0 0 0 0 0 0 2 0 0 0 0 0 0 0 0 0 0 0 0 0 0 0 0 0 0 0 0 0 0 0 0 0 0 0 0 0 0 0 0 0 0 0 0 0 0 0 0 0 0 0 0 0 0 0 0 0 0 0 0 0 0 0 0 0 0 0 0 0 0 0 0 0 0 0 0 0 0 0 0 0 0 0 0 0 0 0 0 0 0 0 0 0 0 0 0 0 0 0 0 0 0 0 0 0 0 0 0 0 0 0 0 2 0 0 0 0 0 0 0 0 0 0 0 0 0 0 0 0 0 0 0 0 0 0 0 0 0 0 0 0 0 0 0 0 0 0 0 0 0 0 0 0 0 0 0 0 0 0 0 0 0 0 0 0 0 0 0 0 0 0 0 0 0 0 0 0 0 0 0 0 0 0 0 0 0 0 0 0 0 0 0 0 0 0 0 0 0 0 0 0 0 0 0 0 0 0 0 0 32768 0 0 0 0 0 0 0 0 0 0 0 0 0 0 0 0 0 0 0 0 0 0 0 0 0 0 0 0 0 0 0 0 0 0 0 0 0 0 0 0 0 1073741824 0 0 0 0 0 0 0 0 0 0 0 0 0 0 0 0 0 0 0 0 0 0 0 0 0 0 0 0 0 0 0 0 0 0 0 0 0 0 0 0 32 0 0 0 0 0 0 0 0 0 0 0 0 0 0 0 0 0 0 0 512 0 0 0 0 0 0 0 0 0 0 0 0 0 0 0 0 0 0 0 0 1048576 0 0 0 0 0 0 0 0 0 0 0 0 262144 0 0 0 0 0 0 0 0 0 0 0 0 0 0 0 0 0 0 0 0 0 0 0 0 0 0 0 0 0 0 0 0 0 0 0 0 0 0 0 0 0 0 0 0 0 0 0 0 0 0 0 0 0 0 0 0 0 0 0 0 0 0 0 0 0 0 0 0 0 0 0 0 0 0 0 0 0 0 0 0 0 0 0 0 0 0 0 0 0 0 0 0 0 0 0 0 0 65536 0 0 0 0 0 0 0 0 0 0 0 0 0 0 0 0 0 0 0 0 0 0 0 8388608 0 0 0 0 0 0 0 67108864 0 0 0 0 0 0 0 0 0 0 0 0 0 0 0 0 0 0 0 0 0 0 0 0 0 0 0 8 0 0 0 0 0 0 0 0 0 0 0 0 0 0 0 0 0 0 0 0 0 268435456 0 0 0 0 0 0 0 0 0 0 0 0 16777216 0 0 0 0 0 0 0 0 0 0 0 0 0 0 0 512 0 32 0 0 0 0 0 0 256 0 0 0 0 0 0 0 0 0 0 0 0 0 0 524288 0 0 0 0 0 0 0 0 0 0 16 131072 32768 0 0 0 0 0 0 0 0 0 0 0 0 0 0 0 0 0 0 0 0 0 0 0 0 0 0 0 0 0 0 0 0 0 0 0 0 0 2048 0 0 0 0 0 0 0 0 0 0 0 0 0 0 16 0 0 0 0 0 256 0 0 0 0 0 0 0 524288 0 0 0 0 0 0 0 0 0 1 0 0 2147483648 0 0 0 0 0 0 0 0 0 64 0 0 0 128 0 0 0 0 0 0 0 0 0 0 0 0 0 0 0 0 0 0 1073741824 0 0 0 0 0 0 1073741840 8392744 2181105792 16781376 2375680 536870912 65536 0 151027712 0 6291712 76578817 197124 20488 2147485698 150995970 6471809 524296 17408 0 1208090624 0 2097152 1073741824 393231 544 2214592546 575751169 1441793 301990400 5120 0 0 0 0 1075871744 138528 16785672 33554432 66080 346146 49160 537399296 0 32768 268435456 2717917184 1610621216 1 2147483664 301989888 67653184 9 4456456 134483968 0 32768 2097156 310378496 135169 294930 0 0 0 0 4194304 0 0 0 0 0 0 0 0 0 0 0 0 0 0 0 0 0 0 0 0 0 0 0 0 0 0 0 0 0 0 0 8192 0 0 0 0 0 0 0 0 0 0 0 0 0 0 0 0 0 0 0 0 0 0 0 0 0 0 0 0 0 0 0 0 0 0 0 0 0 0 0 0 0 0 0 0 0 0 0 0 0 0 0 0 2097152 0 0 0 0 0 0 0 0 0 0 0 0 0 0 0 0 0 0 0 0 0 0 0 0 0 524288 0 0 1024 0 0 0 0 0 0 0 0 0 0 0 0 0 0 0 0 0 0 0 0 0 0 0 0 0 0 0 0 0 0 0 0 0 0 0 0 0 0 0 0 0 67108864 0 0 0 0 64 0 0 0 0 0 0 0 0 0 0 0 0 0 0 0 0 0 0 0 0 0 0 4194304 0 0 0 0 0 0 0 0 0 0 0 0 131072 0 0 0 0 0 0 0 0 0 0 0 0 0 0 0 0 0 0 0 0 0 0 0 0 0 0 0 0 0 0 0 0 0 0 0 0 0 33554432 0 0 0 0 0 0 0 0 0 0 0 0 0 0 0 0 0 0 0 0 0 0 0 0 0 0 0 0 0 0 0 0 0 0 0 0 0 0 0 0 0 0 0 0 0 0 0 0 0 0 0 0 0 0 0 0 0 0 0 0 0 0 16384 0 0 0 0 0 0 0 0 0 0 0 0 0 0 0 0 0 0 0 0 0 0 0 0 0 0 0 0 0 0 0 0 0 0 0 0 0 0 0 0 0 0 0 0 0 0 0 0 0 0 0 0 0 0 0 0 0 0 0 0 0 0 0 0 0 0 0 0 0 0 0 0 0 0 0 0 0 0 0 0 0 0 0 0 0 0 0 0 0 0 0 0 0 0 0 0 0 0 0 0 0 0 0 0 0 0 0 0 0 0 0 0 0 0 0 0 0 0 0 0 0 0 0 0 0 0 1024 0 0 0 0 0 0 0 0 0 0 0 0 0 0 0 0 0 0 0 0 0 2048 0 0 0 0 0 0 0 0 0 0 0 0 0 0 0 0 0 0 0 0 0 0 0 1048576 0 0 0 0 0 0 0 33554432 0 0 0 0 0 536887296 0 2 0 0 0 0 0 0 8192 0 0 0 0 0 0 0 0 0 0 0 0 0 0 0 0 0 0 0 0 0 8 0 67108864 0 0 0 0 0 0 0 0 0 0 0 0 0 0 0 0 0 0 0 0 0 32768 0 0 0 0 0 0 0 0 0 67108864 0 0 0 0 0 0 0 0 0 0 0 0 0 0 0 0 0 0 0 0 0 0 0 0 0 0 0 0 0 0 0 0 0 2048 0 0 0 0 0 0 524288 0 0 0 0 0 0 0 0 0 0 0 0 0 0 0 0 0 0 0 0 0 0 0 0 0 0 0 0 134217728 0 0 0 64 0 0 0 0 0 0 0 0 0 0 0 0 0 32 0 0 0 0 0 0 0 0 0 0 0 0 0 0 0 18 0 0 0 0 0 0 0 0 0 0 0 0 0 0 0 0 0 0 0 0 0 0 0 0 0 0 0 0 0 0 0 0 0 0 0 0 0 0 0 0 0 0 0 0 0 0 0 0 0 0 0 0 0 0 0 4 0 0 0 0 0 0 0 0 0 1073741824 8 0 0 0 0 0 0 0 0 0 0 0 0 0 0 0 0 0 0 0 0 0 0 0 0 0 0 0 0 0 0 0 0 0 0 0 0 0 0 0 0 0 0 0 0 0 0 0 0 0 0 0 0 0 0 0 0 0 0 0 0 0 0 0 0 0 0 0 1073741824 0 0 0 0 0 0 0 0 0 0 0 0 0 0 0 0 0 0 0 0 0 0 0 0 0 0 0 0 0 0 8388608 0 0 0 0 0 0 0 0 0 0 0 0 0 0 0 0 524288 0 0 2048 0 0 0 0 0 0 0 0 0 0 0 0 0 0 0 0 0 0 0 0 0 0 0 0 0 0 0 0 0 0 0 0 0 0 0 0 0 0 0 0 0 67108864 0 0 0 0 0 0 0 0 0 0 0 0 0 0 0 0 0 0 0 0 0 0 0 0 0 0 0 4194304 0 0 0 4194304 1073741824 16 0 0 0 0 0 0 0 0 0 0 0 0 0 0 0 0 0 0 0 0 0 0 0 0 0 0 0 0 0 0 0 0 0 0 0 0 0 0 0 0 0 0 0 0 0 0 0 0 0 0 0 0 0 0 0 0 0 0 0 0 0 0 0 0 0 0 0 0 0 0 0 0 0 0 0 0 0 0 2147483648 0 0 0 0 0 0 0 0 0 0 0 0 0 0 0 0 0 0 0 0 0 0 0 0 0 0 0 0 0 0 0 0 131072 0 0 8 0 0 0 0 0 0 0 0 0 0 0 0 0 0 0 0 0 0 0 0 0 0 0 0 0 0 33554432 0 0 0 0 0 0 0 0 0 0 0 0 0 0 0 0 0 0 2147483648 0 0 0 0 0 0 0 0 0 0 0 0 0 0 0 0 0 0 0 0 0 0 0 0 0 0 0 0 0 0 0 0 0 0 0 0 0 0 0 0 0 0 0 0 0 0 0 0 0 0 0 0 0 0 0 0 0 0 0 0 0 0 0 0 0 0 0 0 0 0 0 0 0 0 0 0 0 0 0 0 0 0 0 128 0 0 0 8192 0 0 0 0 0 0 0 0 0 0 0 0 0 0 0 0 0 0 0 0 0 0 0 0 0 0 0 0 0 0 0 0 0 0 0 0 0 4 0 33554432 0 4194304 0 0 0 0 0 0 0 33554432 0 0 0 0 0 0 0 0 0 0 0 0 262144 0 0 0 0 0 0 0 0 0 0 0 0 0 0 0 0 0 0 0 0 0 0 0 0 0 0 0 0 0 0 0 0 0 0 0 0 0 0 0 0 32 0 0 0 0 0 0 32768 0 0 0 0 8192 0 0 0 0 0 0 0 32768 0 0 0 0 0 0 0 0 32 0 0 0 0 0 0 0 0 0 0 0 0 0 0 0 0 0 0 0 0 0 0 0 0 0 0 0 0 0 0 0 0 0 0 0 0 0 0 0 0 0 0 0 0 0 0 0 0 0 0 0 0 0 0 0 0 0 0 0 0 0 0 0 0 0 32 0 0 0 0 0 0 0 0 0 0 0 0 0 0 0 0 0 0 0 0 0 0 0 0 0 0 0 0 0 0 0 0 0 0 0 0 0 0 0 0 0 0 0 0 0 0 0 0 0 0 0 0 0 0 0 0 0 0 0 128 0 0 0 512 33554432 0 0 0 0 0 4 0 0 0 0 0 0 33554432 2 67108864 33620480 0 5 671223937 3149832 536872963 0 0 270536961 134742112 4099 0 0 0 0 0 0 0 0 0 0 0 0 0 0 0 0 0 0 0 0 0 0 0 0 0 0 0 0 0 0 0 0 0 0 0 0 0 0 0 0 0 0 0 0 0 0 0 0 1073741824 0 0 0 0 0 0 0 0 0 0 0 0 0 0 0 0 0 0 0 0 134217728 0 0 0 0 0 0 0 0 0 0 0 0 0 0 32 0 0 0 1048576 0 0 0 0 0 0 0 0 0 0 0 0 0 0 0 0 0 0 0 0 0 0 0 0 0 0 0 0 0 0 0 0 0 0 0 0 0 0 0 0 0 0 0 0 0 0 0 0 0 0 0 0 0 0 0 0 0 0 0 0 0 0 0 0 0 0 0 0 0 0 0 0 0 0 0 0 0 0 0 0 0 0 0 0 0 0 0 0 0 16384 0 0 0 0 0 0 0 0 0 0 0 0 0 0 0 0 0 0 0 0 0 0 0 0 0 0 0 0 0 0 0 0 0 0 0 0 0 0 0 0 0 0 0 0 0 0 0 0 0 0 0 0 0 0 0 0 0 0 0 0 0 0 0 0 0 0 0 0 0 0 0 0 0 0 0 0 2048 0 0 0 0 0 0 0 0 0 0 0 0 0 0 0 0 0 0 0 0 0 0 0 0 0 0 0 0 0 32768 0 0 0 0 0 256 0 0 0 0 0 0 0 4 8192 0 16384 0 0 0 0 0 0 0 0 0 0 0 0 0 0 0 0 0 0 0 0 0 0 0 0 0 0 0 0 0 0 0 0 0 0 0 0 0 0 0 0 0 0 0 0 0 0 0 0 0 0 0 0 0 0 0 0 0 0 0 0 0 0 0 0 0 0 0 0 0 0 0 0 0 0 0 0 0 0 0 0 0 0 0 0 0 0 0 0 134217728 0 0 0 0 0 0 0 0 0 0 0 0 0 0 0 0 0 0 0 0 0 0 0 0 0 0 0 0 0 0 0 0 0 0 0 0 8388608 0 0 0 0 0 0 0 0 0 0 0 0 0 0 0 0 0 0 0 0 0 0 0 0 0 0 0 0 0 0 0 0 0 0 0 0 0 0 0 0 0 0 0 0 0 0 32 0 0 0 0 0 0 0 0 0 0 0 0 4096 0 0 0 262144 0 0 0 0 0 0 0 262400 0 0 0 1048576 0 0 0 0 0 0 0 0 0 0 0 0 0 0 0 0 0 0 0 0 0 0 0 0 0 0 0 0 0 0 0 0 0 0 0 0 0 0 0 0 0 0 0 0 0 0 0 0 0 0 0 0 0 0 0 0 0 0 0 0 0 0 0 0 0 0 0 0 0 0 0 0 0 0 0 0 0 8192 0 0 0 0 0 134217728 0 0 0 0 0 0 0 0 0 0 0 0 0 0 0 0 0 0 0 0 0 0 0 0 0 0 0 0 0 0 0 0 0 0 0 0 0 0 0 0 0 0 0 0 0 0 0 0 0 0 0 1 0 0 0 0 16777216 1048576 0 0 4096 0 0 0 0 0 0 0 0 0 524288 0 0 0 134217728 0 0 0 0 0 0 0 2 0 0 0 0 0 0 0 0 0 0 0 0 0 512 0 0 0 0 0 0 0 0 32768 0 0 0 0 0 0 0 0 0 0 0 0 0 0 0 0 0 32768 0 0 0 0 0 0 0 0 0 0 1024 134217740 4194305 34088584 2214609408 524426 9125888 524288 1073741824 8388608 17301504 8704 2 2149580868 1090519816 8392752 10240 33554436 33554433 285246466 33554434 2048 4194312 536870912 33280 12591648 201326656 1644167169 8389912 402657344 268435456 0 0 0 100929536 33620004 1088 0 0 0 0 0 0 0 0 0 0 0 0 0 0 0 0 0 0 0 0 0 0 0 0 0 0 0 0 0 0 0 0 0 0 0 0 0 0 0 0 0 0 0 0 0 0 0 0 0 0 0 0 0 0 0 0 0 0 0 0 0 0 0 0 0 0 0 0 0 0 0 0 0 0 0 0 0 0 32768 0 0 0 0 0 0 0 0 0 0 0 0 0 0 0 0 0 0 0 0 0 0 0 0 0 0 0 0 0 0 0 0 0 0 0 0 0 0 0 0 2 0 0 0 0 0 0 0 0 0 0 0 0 0 0 0 0 0 0 0 0 0 0 0 0 0 0 0 0 0 0 0 0 0 0 0 0 0 0 0 0 0 0 0 0 0 0 0 0 32768 0 0 0 0 0 0 0 0 0 0 0 0 0 0 0 0 0 0 0 0 0 0 0 0 0 0 0 0 0 0 0 0 0 0 0 0 0 0 0 0 0 0 0 0 0 0 0 0 0 0 0 0 0 0 0 0 0 0 0 0 0 0 0 0 0 0 0 0 0 0 0 0 0 0 0 0 0 0 0 0 0 0 0 0 0 0 0 0 0 0 0 0 0 0 0 0 0 0 0 0 0 0 0 0 2147483648 0 0 0 0 0 0 0 0 0 0 0 0 0 0 0 0 0 0 0 0 0 0 0 0 0 0 0 0 0 0 0 0 0 0 0 0 0 0 0 0 0 0 0 0 0 0 0 0 0 0 0 0 0 0 0 0 0 0 0 0 0 0 0 0 0 0 0 0 0 0 2 0 0 0 0 0 0 0 0 0 0 0 0 0 0 0 0 0 0 0 0 0 0 0 0 0 0 0 0 0 0 0 0 0 0 0 0 0 0 0 0 0 0 0 0 0 0 0 0 0 0 0 0 0 0 0 0 0 0 0 0 0 0 0 0 0 0 0 0 0 0 0 0 0 0 0 0 0 0 0 0 0 0 0 0 0 0 0 0 0 0 0 0 0 0 0 0 0 0 0 0 0 0 0 0 0 0 0 0 0 0 0 0 0 0 0 0 0 0 0 0 0 0 0 0 0 0 0 0 0 0 0 0 0 0 0 8388608 0 0 0 0 0 0 2097152 0 0 0 0 0 0 0 0 0 0 0 0 32 0 0 0 0 0 0 0 134217728 0 0 0 0 0 0 1 0 0 0 0 0 0 0 0 0 0 0 0 0 0 0 0 0 0 0 0 0 0 0 0 0 0 1073741824 0 0 0 4096 0 0 0 0 0 0 0 0 0 0 0 0 0 0 0 0 0 0 0 0 0 8388608 0 0 0 0 131072 0 0 0 0 0 0 0 0 0 0 0 0 0 0 2097152 0 0 0 0 0 0 0 0 0 2 0 0 0 0 0 0 0 0 0 0 0 0 0 0 0 0 0 0 0 0 0 0 0 0 0 0 0 0 0 0 0 0 32768 0 0 0 0 0 0 0 0 0 0 0 2048 0 0 0 0 0 0 0 0 0 0 0 0 0 0 0 0 0 0 0 0 0 0 0 0 0 0 0 0 0 0 0 0 0 0 0 0 0 0 0 0 0 0 0 0 0 0 0 0 0 0 0 0 1073741824 1024 0 0 0 0 0 0 0 0 0 0 0 0 0 1073741824 4 32 134217744 32778 134750209 4098 0 131072 34603008 0 312737792 16777248 128
is_linear=0
shrinkage=0.05


Tree=2
num_leaves=63
num_cat=38
split_feature=6 15 6 10 6 7 6 4 2 6 10 3 6 6 4 3 8 2 6 2 3 8 8 9 6 8 9 6 6 3 8 6 4 6 8 2 10 6 7 12 8 6 3 7 10 8 6 8 8 12 3 12 6 2 8 8 8 3 9 3 12 2
split_gain=1101.98 417.722 306.136 245.482 138.44 123.699 97.5857 86.5175 350.413 83.3797 80.4778 78.1669 77.819 74.6793 67.4756 79.8853 64.2906 62.4977 61.1515 69.859 47.4471 65.1057 107.085 55.2904 46.6752 44.6468 61.147 42.2514 79.9718 75.6153 57.0584 53.6972 85.918 46.8431 40.7076 39.542 49.5387 46.4152 39.0071 37.7393 37.2939 36.247 35.6524 35.6062 35.407 34.6915 33.8303 30.0538 38.5224 44.9389 47.4839 31.6301 28.6923 32.7495 28.0781 27.5722 40.6657 78.6953 27.2988 26.8125 25.3124 24.9888
threshold=0 1 2 598.00000000000011 3 4 5 6 7 8 318.00000000000006 9 10 11 12 13 10.500000000000002 14 15 16 17 12.500000000000002 10.500000000000002 3.5000000000000004 18 1.0000000180025095e-35 3.5000000000000004 19 20 21 21.500000000000004 22 23 24 16.500000000000004 25 318.00000000000006 26 27 85950.000000000015 16.500000000000004 28 29 30 598.00000000000011 19.500000000000004 31 17.500000000000004 13.500000000000002 83700.000000000015 32 73500.000000000015 33 34 3.5000000000000004 19.500000000000004 22.500000000000004 35 5.5000000000000009 36 92040.000000000015 37
decision_type=9 9 9 2 9 9 9 9 1 9 2 9 9 9 9 9 2 1 9 1 9 2 2 2 9 2 2 9 9 9 2 9 9 9 2 1 2 9 9 2 2 9 9 9 2 2 9 2 2 2 9 2 9 1 2 2 2 9 2 9 2 1
left_child=3 2 38 7 17 18 59 8 25 14 40 34 -3 -11 -8 -16 -17 -4 19 44 21 22 -12 45 61 26 -1 29 30 -20 42 32 -30 -33 -10 36 37 55 -2 -21 -9 -26 -29 -5 -6 -23 -35 48 49 50 -44 -50 -48 -54 -34 -14 57 -57 -18 -7 -13 -15
right_child=1 12 4 43 5 6 9 10 11 13 20 60 35 24 15 16 58 -19 27 39 -22 23 -24 -25 41 -27 -28 28 31 -31 -32 33 54 46 -36 -37 -38 -39 -40 -41 -42 -43 47 -45 -46 -47 52 -49 51 -51 -52 -53 53 -55 -56 56 -58 -59 -60 -61 -62 -63
leaf_value=0.29349270598824156 0.0017498186139560717 -0.028797020229863919 0.12078680283185328 0.079048657756085786 0.16963722406933157 0.10158386702177576 0.038875688345608783 0.053074485240812631 0.0053100395280394237 0.088918041253998659 0.34448358857949679 0.23399265046903739 0.13507725312781108 0.0071788990778514057 0.00089716963528940991 0.96524315114336801 0.51106745658021135 0.033037656803289343 0.01022817782432614 0.04579361560375883 0.99288146661685794 0.2133405122783012 1.6599403587096686 -0.050039743290738029 0.019757013223549162 0.33377489322337467 0.75789675612794838 1.4584816312939193 0.053057105423720358 0.13966723301234993 1.7421235270751971 0.064303403526405387 0.95302608969992808 0.045647490350894326 0.13694028638381098 0.052102208947214339 0.16373909016875712 0.0073621530827592003 -0.040798112435381971 0.0084450905697236369 0.14022436561002324 -0.028935393368966014 0.2327794005829058 0.0063413577501998846 0.04829835189057452 1.2163402406335624 0.0089586681957212391 0.26065066110401552 0.77967098867480844 -0.050035483360090963 1.2946322819271547 1.7321111744188435 -0.0034277131876592395 -0.029549234690867385 0.33611235544845752 0.90219997420105791 0.11756865486934641 0.26504981629790214 0.11254209216042477 0.026328438452545885 0.075910847764523712 0.1167839200321491
leaf_weight=1.3081952314823895 66.287104022980202 15.859078783250878 25.463276797323488 34.546328603930306 10.696376887499355 17.477679977600928 2.2493907624157146 21.336183570791036 14.454638133815026 5.4750568408053368 0.63367924763588268 12.49615472066216 18.610941417864527 11.360867399955168 0.98166136653162539 0.64021720597520548 1.425759051635396 99.910002298594918 162.62416936428053 81.395785048487596 0.28765289537841399 0.18984015891328443 0.20468096667900681 1.1586075233062727 36.570180453418288 20.034886925073806 1.5469721274566834 0.16572493885178119 7.7601152672432363 12.124019524548201 0.16739570564823214 9.6814538243343105 0.19938959483988439 13.518970395612994 9.8939700019545835 32.30678511201404 34.141255070688203 26.517003909510095 742.84496499644592 400.14630359684816 28.907224396418314 897.76104530179873 0.17679363361094147 43.217828179418575 13.728615697647911 0.15793034579837695 90.020339840732049 0.32186704355990514 0.18078660703031346 0.19354158424539492 0.26028701505856566 0.16833625623257831 172.72817263694014 393.00032347143861 2.4601911676581949 0.57747393887257203 2.9764217869960703 3.0141016100533302 0.61508521472569544 36.66663151938701 3.1758347181603304 9.5898825024487451
leaf_count=172 102496 15623 32733 45620 12412 24046 3509 29461 20410 7484 842 8916 10986 16284 1333 901 2008 138050 243721 118879 354 245 271 1465 54043 3261 630 214 11449 16171 232 14157 293 20013 12565 43690 29673 18445 1232948 598391 37078 1432499 249 58490 18979 194 138561 449 253 278 358 238 264591 606832 3610 225 1458 2053 871 52434 4163 12578
internal_value=-0.000554322 -0.00718201 -0.0107612 0.112519 -0.0021082 -0.00487225 -0.0179701 0.164479 0.204103 -0.0217726 0.117335 0.114859 0.0762583 -0.0234547 0.0945302 0.386796 0.528092 0.0471025 0.00493449 0.0185753 0.386826 0.312475 0.665645 0.115921 -0.0250132 0.360136 0.545114 -0.00315863 -0.0087344 0.0181689 0.121894 -0.0107827 0.0699645 -0.0130194 0.0587975 0.0915071 0.116999 0.0861301 -0.0373336 0.0147582 0.103216 -0.0268405 0.767771 0.0496218 0.101436 0.668825 -0.0150681 0.679828 0.817536 0.584258 0.865126 1.23891 -0.0169867 -0.0211991 0.382363 0.118927 0.254235 0.367494 0.390957 0.042729 0.201958 0.0388198
internal_weight=3654.59 3461.04 3327.04 193.551 2517.91 2392.53 1020.81 115.786 62.9107 966.669 52.8758 40.0206 134.003 960.757 5.91211 3.66272 2.68106 125.373 1371.72 505.967 2.63239 2.34474 0.83836 1.50638 955.282 22.8901 2.85517 865.752 691.004 174.748 1.63473 689.369 10.4197 678.949 24.3486 118.144 85.8372 51.6959 809.132 481.542 50.2434 934.331 1.46734 77.7642 24.425 0.347771 669.268 1.30161 0.979745 0.630622 0.437081 0.349123 655.749 565.728 2.65958 25.1789 6.568 3.59158 2.04084 54.1443 15.672 20.9507
internal_count=5530837 5306700 5184547 224137 3849103 3678320 1607990 120027 50117 1531510 69910 46054 122153 1522888 8622 5113 3780 170783 2070330 748661 3371 3017 1113 1904 1515404 4063 802 1321669 1061777 259892 2271 1059506 15352 1044154 32975 106530 62840 33167 1335444 717270 66539 1486542 2039 104110 31391 439 1029997 1825 1376 885 607 491 1009984 871423 3903 14722 3736 2278 2879 76480 13079 28862
cat_boundaries=0 722 723 1390 2088 2090 2812 2813 2814 3532 3533 4242 4962 4963 4964 4965 5677 5678 5679 6404 7121 7824 7825 8547 8548 9240 9241 9964 9966 10686 10687 10689 11413 11414 12136 12137 12138 12139 12140
cat_threshold=0 2048 0 0 0 0 0 0 0 0 0 0 0 0 0 0 0 0 268435456 0 0 0 0 0 0 0 0 0 0 0 0 0 0 0 134217728 0 0 0 0 0 0 0 0 0 0 0 0 0 0 0 0 0 0 0 0 0 0 0 0 0 0 0 0 0 0 0 0 512 0 0 0 0 0 0 0 0 0 0 0 0 0 0 0 0 0 0 0 0 0 0 0 0 0 0 0 0 0 0 0 0 0 0 0 0 0 0 0 0 0 0 0 0 0 262144 0 0 0 0 0 0 0 0 0 0 0 0 0 0 0 0 0 0 0 0 0 0 0 0 0 0 0 0 0 0 0 0 0 0 0 0 0 0 0 0 0 0 0 0 0 0 0 0 0 0 0 0 0 0 0 0 0 0 0 0 0 0 0 0 0 0 0 0 0 0 0 0 0 0 0 0 0 0 0 0 0 0 0 0 0 0 0 0 0 0 0 0 0 0 0 0 0 0 0 0 0 0 0 0 0 0 0 0 0 0 0 0 0 0 0 0 0 0 0 0 0 0 0 0 0 0 0 0 16 0 0 0 0 0 0 0 2048 0 0 0 0 0 0 0 16777216 0 0 8 0 0 0 0 0 0 0 0 0 0 0 0 0 0 0 0 0 0 0 0 0 0 0 0 0 0 0 0 0 0 0 0 0 0 0 0 0 0 0 0 0 0 0 0 0 1024 0 0 0 0 0 0 0 0 0 0 0 0 0 0 0 0 0 0 0 0 0 0 0 0 0 0 0 0 0 0 0 0 0 0 0 0 0 0 0 0 0 0 0 0 0 0 0 0 0 0 0 0 0 0 0 0 0 0 0 0 0 0 0 0 0 0 0 0 0 0 0 0 0 0 0 0 0 0 0 0 0 0 0 0 0 0 0 0 0 0 0 0 0 0 0 0 0 0 0 0 0 0 0 0 0 0 0 0 0 0 0 0 0 0 0 0 0 0 0 0 0 0 0 0 0 0 0 0 0 8388608 0 0 0 0 1 0 0 0 0 0 0 0 0 0 0 0 0 0 0 0 0 0 0 0 0 0 0 0 0 0 0 0 0 0 0 0 0 0 0 0 0 0 0 0 0 0 0 0 0 0 0 0 0 0 0 0 0 0 0 2 0 1048576 256 0 0 0 0 0 0 131072 0 0 0 1 0 0 0 0 0 0 0 0 0 0 0 0 0 0 0 0 0 0 0 0 0 0 0 0 4096 0 0 0 0 0 0 0 0 0 0 0 0 0 0 0 0 0 0 33554434 0 0 0 0 0 0 0 0 0 0 0 8 0 0 0 0 0 0 0 0 0 0 0 0 0 0 0 0 0 0 0 0 0 0 0 0 0 0 0 0 0 0 0 0 0 0 0 0 0 0 0 0 0 0 0 0 0 0 0 0 0 0 0 0 0 0 0 0 0 0 0 0 0 0 0 0 0 0 0 0 0 0 0 0 65536 0 0 2048 0 0 0 0 0 0 0 0 2 0 0 0 2147483648 0 0 0 0 268435456 0 0 0 0 0 0 0 0 0 0 0 0 0 0 0 0 0 0 0 0 0 0 0 0 0 0 0 32768 0 0 0 0 0 0 0 0 2147483648 0 0 0 0 0 0 0 65536 0 0 0 0 0 0 0 0 0 0 0 2147483648 16 0 536870912 72 0 0 0 0 0 0 1024 0 0 0 0 0 0 0 0 0 0 0 0 0 0 0 0 0 0 16777216 0 0 0 0 256 0 0 0 0 0 0 0 0 0 0 0 0 0 0 0 0 32 0 0 0 0 0 0 0 0 0 0 0 0 0 0 0 0 0 0 0 0 0 536870920 2 0 0 0 0 0 0 0 0 0 0 0 0 0 0 0 0 0 0 0 0 0 0 0 0 0 0 0 0 0 0 0 0 0 0 0 0 0 0 0 0 0 0 0 0 0 0 0 0 0 0 0 0 0 0 0 0 0 0 0 0 0 0 0 0 0 0 0 0 0 0 0 0 0 0 0 0 0 0 0 0 0 0 0 0 0 0 0 0 0 0 0 0 0 0 0 0 0 262144 0 32768 0 0 0 0 0 0 0 0 0 0 4096 0 0 1 0 0 0 0 0 4096 0 0 0 0 0 0 0 0 0 0 0 0 0 0 0 0 0 0 0 0 0 0 0 0 0 0 0 0 0 0 1024 0 0 0 0 0 0 0 0 0 0 0 0 0 0 0 0 0 0 0 0 0 0 0 0 0 0 0 0 0 0 0 0 0 0 0 0 1024 0 0 0 0 0 0 0 0 0 0 0 0 0 0 32 0 0 0 0 0 0 0 0 0 0 0 0 0 0 0 0 0 0 0 0 0 0 0 0 0 0 0 0 0 0 0 0 0 0 0 0 0 0 0 0 0 0 0 0 0 0 0 0 0 0 0 0 0 0 0 0 0 0 0 0 0 0 0 0 0 0 0 0 0 0 0 0 0 0 0 0 0 0 0 0 0 0 0 0 0 0 0 0 0 0 0 0 0 0 0 0 0 0 0 0 0 0 0 0 0 0 0 0 0 0 0 0 0 0 0 0 0 0 0 0 0 0 0 0 0 0 0 0 0 0 0 0 0 0 0 0 0 0 0 0 0 0 0 0 0 0 0 0 0 0 0 0 0 0 0 0 0 0 0 0 0 0 0 8 0 0 0 0 0 0 0 0 0 0 0 0 0 0 0 0 0 0 0 0 0 0 0 0 0 0 0 0 0 0 0 0 0 0 0 0 0 0 0 0 0 0 0 0 0 0 0 0 0 0 0 524544 0 0 0 0 0 0 0 0 0 0 0 0 0 0 0 0 0 0 134217728 0 0 0 67108864 0 0 0 0 0 0 0 0 0 0 0 0 0 0 0 0 0 0 0 0 0 0 0 0 0 0 0 0 0 0 0 0 0 4096 0 0 0 256 0 0 0 1073741824 0 0 0 0 0 0 0 0 0 0 0 0 0 0 0 0 0 0 0 0 0 0 0 0 0 0 0 134217728 0 0 0 0 0 0 0 0 0 0 0 0 0 0 0 2 0 0 0 0 0 0 0 0 0 0 0 0 0 0 0 0 0 0 0 0 0 0 0 0 0 0 0 0 0 0 0 0 0 0 0 256 0 0 0 2097152 0 0 0 0 0 0 0 0 0 0 0 0 0 128 0 0 0 0 1 1073741824 128 0 0 0 0 0 0 1073741824 0 0 0 0 0 0 0 0 0 0 0 0 0 0 0 0 0 0 0 0 0 0 0 0 0 0 0 0 0 0 0 0 0 0 0 0 0 0 0 0 0 0 0 0 16384 0 0 0 0 0 0 0 0 0 0 0 0 0 0 0 0 0 0 0 0 0 0 0 0 0 0 0 0 0 0 512 0 0 0 0 0 0 0 0 32 0 0 0 0 0 0 0 0 0 0 0 0 0 0 0 0 0 0 0 0 0 0 0 0 0 0 0 0 0 0 0 0 0 0 2 0 0 0 0 0 0 0 0 0 0 0 0 0 0 0 0 0 0 0 0 0 0 0 0 0 0 0 0 0 0 0 0 0 0 0 0 0 0 0 0 0 0 0 0 0 0 0 0 0 0 0 0 0 0 0 0 0 0 0 0 0 0 0 0 0 0 0 0 0 0 0 0 0 0 0 0 0 0 0 0 0 0 0 0 0 0 0 0 0 0 0 0 0 0 0 0 0 0 0 0 0 4194304 0 0 1048576 0 0 0 0 0 0 0 0 0 0 0 0 0 0 0 0 0 0 0 0 0 0 0 32768 0 0 0 0 0 0 0 0 0 0 0 0 0 0 0 0 0 0 0 0 0 0 0 0 0 0 0 0 0 0 0 0 0 0 0 0 0 0 0 0 0 0 0 0 0 0 0 0 0 0 0 0 0 0 0 0 0 0 0 0 0 0 0 0 0 0 0 0 0 0 0 0 0 0 0 0 0 0 0 0 0 0 0 0 0 0 0 0 0 0 0 0 0 0 0 2 0 0 0 0 0 0 0 0 0 0 0 0 0 0 0 0 0 0 0 0 0 0 0 0 0 0 0 0 0 0 0 0 0 0 0 0 0 0 0 0 0 0 0 0 0 0 0 0 0 0 0 0 0 0 0 0 0 0 0 0 0 0 0 0 0 0 0 0 0 0 0 0 0 0 0 0 0 0 0 0 0 512 524288 0 0 0 0 0 0 0 0 0 0 0 0 0 0 0 0 0 0 0 0 0 0 0 0 0 0 0 0 0 0 0 0 0 0 0 0 0 0 0 0 0 0 0 0 0 0 0 0 0 0 0 0 0 0 0 0 0 0 0 0 0 0 8192 0 32768 0 8 0 0 0 0 0 4096 0 0 0 0 0 2147483648 0 0 0 0 0 0 0 0 0 0 0 0 0 0 0 0 0 0 0 0 0 0 0 0 0 0 0 0 0 0 0 0 0 0 0 0 0 0 0 0 0 1073741824 0 0 0 0 0 0 0 0 0 0 8192 0 0 0 0 0 33554432 0 0 0 0 0 0 0 524288 0 524288 0 0 0 0 0 0 4096 0 0 0 0 0 0 0 0 0 0 0 0 0 0 0 0 0 0 0 0 0 0 0 0 262144 0 0 0 0 0 0 0 2048 0 0 0 0 0 0 0 0 134217728 0 0 0 0 0 0 0 0 0 0 0 0 0 0 0 0 0 0 0 0 0 0 0 0 256 0 0 0 16384 0 4 0 0 0 0 0 0 0 67108864 0 0 0 0 0 64 0 0 0 0 0 0 33554432 0 0 0 0 0 0 0 0 128 0 0 0 0 0 0 0 0 0 0 0 2048 778682930 2249647570 0 0 0 0 0 0 0 0 0 0 0 0 0 0 0 0 0 0 0 0 0 0 0 0 0 0 0 0 0 0 0 0 0 0 0 0 0 0 0 0 0 0 0 0 0 0 0 0 0 0 0 0 0 0 0 0 0 0 0 0 0 0 0 0 0 0 0 0 0 0 0 0 0 0 0 0 0 0 0 0 0 0 0 0 0 0 0 0 0 0 0 0 0 0 0 0 0 0 0 0 0 0 0 0 0 0 0 0 0 131072 0 0 0 0 0 0 0 0 0 0 0 0 0 0 0 0 0 0 0 0 0 0 0 0 0 0 0 0 0 0 0 0 0 0 0 0 0 0 0 0 0 0 0 0 0 0 0 0 0 0 8 0 0 0 0 0 0 0 0 0 0 0 0 0 0 0 0 0 0 0 0 0 0 0 0 0 0 0 0 0 0 0 0 0 65536 0 0 0 0 0 0 0 0 0 0 0 0 0 0 0 0 0 0 0 0 0 0 0 0 16777216 0 0 0 0 0 0 0 0 0 0 0 0 0 0 0 0 0 0 0 0 0 0 0 0 0 0 0 0 0 0 0 0 0 0 0 0 0 0 0 0 0 0 0 0 0 0 0 0 0 0 0 0 0 0 0 0 0 0 0 0 0 0 0 0 0 0 0 0 0 0 0 0 0 0 0 0 0 0 0 0 0 0 0 0 0 0 0 0 0 0 0 0 0 0 0 0 0 0 0 0 0 0 0 0 0 0 0 0 0 0 0 0 0 0 0 0 0 0 0 0 0 0 0 0 0 0 0 0 0 0 0 0 0 0 0 0 0 0 0 0 0 69206016 0 0 0 0 0 0 0 0 0 0 0 0 0 0 0 0 0 0 0 0 0 0 0 0 0 0 0 0 0 0 0 0 0 0 0 0 0 0 0 0 0 0 0 0 0 0 0 0 0 0 0 0 0 0 0 0 0 0 0 0 0 0 0 0 0 0 0 1024 0 0 0 0 0 0 0 0 0 0 0 0 0 0 0 0 0 0 0 0 0 2097152 0 0 0 0 0 0 0 0 0 0 0 0 0 0 0 0 0 0 0 0 0 4194304 0 4096 0 131072 0 0 0 0 0 0 0 0 0 0 0 0 0 0 0 0 0 0 0 0 67108864 0 0 0 0 0 0 536870912 0 0 0 0 0 0 0 0 0 0 0 0 0 0 0 0 0 0 0 0 0 0 0 0 0 0 0 0 0 0 8192 0 0 0 0 0 0 0 0 0 0 0 0 0 2097152 0 0 0 0 0 0 0 0 0 0 0 0 0 0 0 128 0 0 32768 0 512 0 0 0 0 0 0 0 0 0 0 0 0 0 0 0 0 0 0 0 0 0 0 0 0 8192 0 0 0 0 0 512 0 0 0 0 1048576 0 0 0 0 0 0 0 8 0 0 0 0 0 0 0 0 0 0 0 0 0 0 0 0 0 0 0 0 0 0 0 0 0 0 32 0 0 0 0 0 0 0 0 0 0 0 0 0 0 0 0 0 0 0 0 0 1 0 0 0 0 0 1 0 0 0 0 0 0 0 0 0 0 0 0 0 0 0 0 0 0 0 0 0 0 0 0 0 0 0 0 0 0 64 0 0 0 0 0 0 0 0 33554432 0 0 0 0 524288 0 0 0 262144 33554432 524288 2 2 0 0 0 0 0 0 0 0 0 0 0 0 0 0 0 0 0 0 0 0 0 0 8192 0 0 0 0 0 0 0 0 0 0 0 0 0 0 0 0 0 0 0 0 0 0 0 0 0 0 0 0 0 0 0 0 0 0 0 0 0 0 0 0 0 0 0 0 0 0 0 0 0 0 0 0 0 0 0 0 0 0 0 0 0 0 0 0 0 0 0 0 0 0 0 0 0 0 0 0 0 0 0 0 0 0 0 0 0 0 0 0 0 0 0 0 0 0 0 0 0 0 0 0 0 0 0 0 0 0 0 0 0 0 0 0 0 0 16384 0 0 0 0 0 0 0 0 0 0 0 0 0 0 0 0 0 0 0 0 0 0 0 0 0 0 0 0 0 0 0 0 0 0 0 512 0 0 0 0 0 0 0 0 0 0 1024 0 0 0 0 0 2097152 0 0 0 0 0 0 0 0 0 0 0 0 0 0 0 0 0 0 0 0 0 0 0 0 0 0 0 0 0 0 0 32768 0 0 0 0 0 4 0 0 0 0 0 0 0 0 0 0 0 0 0 0 0 131072 0 0 0 0 0 0 0 0 0 0 0 0 0 0 0 0 0 0 0 0 4 0 0 0 0 0 0 0 0 0 0 0 0 0 0 0 0 0 0 0 0 0 0 0 0 0 0 0 0 0 0 0 0 0 32 0 0 0 0 0 0 0 0 0 0 0 0 0 0 0 0 0 0 0 0 1024 0 0 0 0 0 0 0 0 0 0 0 0 0 0 0 0 1048576 0 0 1048576 0 0 0 0 0 0 0 0 0 0 0 0 0 0 0 0 0 0 0 0 0 0 0 0 0 0 0 0 0 0 0 0 0 0 0 0 0 0 0 0 0 0 0 0 0 0 0 0 0 0 0 0 0 0 0 0 0 0 0 0 0 0 0 0 0 0 0 0 0 0 0 0 0 0 0 0 0 0 0 0 0 0 0 0 0 0 0 0 0 0 0 256 0 0 0 0 0 0 0 0 0 0 0 0 0 0 0 0 0 0 0 0 0 0 0 0 0 0 0 0 0 0 0 256 0 0 0 0 0 0 0 0 0 0 0 0 0 0 0 0 0 0 0 0 0 0 0 0 0 0 8 0 0 0 0 0 0 0 0 0 0 0 0 0 0 0 4194304 0 4194304 16777216 0 0 0 0 0 0 0 16384 0 0 0 0 0 0 0 0 0 0 0 0 0 0 0 0 0 0 0 0 0 0 0 0 0 0 0 0 0 0 0 0 0 0 0 0 0 0 0 1024 0 8388608 0 0 0 0 0 0 1 0 0 0 0 0 0 0 0 0 0 0 0 0 0 0 0 0 0 0 0 0 0 0 0 0 0 0 0 0 0 0 0 0 128 0 0 0 0 0 0 0 256 0 0 0 0 0 0 0 0 0 0 0 0 0 0 0 0 0 0 0 4096 0 0 0 1024 0 0 0 2048 0 0 0 0 0 0 0 0 0 0 0 0 0 0 0 0 0 0 0 0 258 0 0 0 0 0 0 0 0 0 0 0 0 0 0 0 0 0 0 0 0 0 0 0 0 0 0 0 0 0 0 0 0 0 0 0 0 0 0 0 0 0 0 0 0 0 0 0 0 32 0 0 0 0 0 0 0 0 0 2048 2 0 0 0 0 0 0 0 0 0 0 0 0 0 0 0 0 0 0 0 0 0 0 0 0 0 0 0 0 0 0 0 0 0 0 0 0 0 0 0 0 0 0 0 0 0 0 0 0 0 0 0 0 0 0 0 0 0 0 0 0 0 0 0 0 0 0 0 0 0 536870912 0 0 0 0 0 0 0 0 0 0 0 0 0 0 0 0 0 0 0 0 0 0 0 0 0 0 0 0 0 0 0 0 0 0 0 0 0 0 0 0 0 0 0 0 0 2097152 0 0 0 0 0 0 0 0 0 0 0 0 0 512 0 0 0 0 0 0 0 0 0 0 0 0 0 0 0 0 0 0 0 0 0 0 0 0 0 0 0 0 0 0 8 0 0 0 0 0 0 0 0 0 0 0 0 0 0 0 0 0 0 0 0 0 0 0 1 0 0 0 0 0 0 0 0 0 0 0 0 1073741824 0 0 0 0 0 0 0 0 0 0 0 0 0 0 0 0 0 0 0 0 0 0 0 1024 0 0 0 0 0 0 0 0 0 0 0 0 0 0 0 0 0 0 0 0 0 0 0 0 0 0 0 0 0 0 0 0 0 0 0 0 1024 0 0 0 0 0 0 0 0 0 0 0 0 0 0 32 0 0 0 0 0 0 0 0 0 0 0 0 0 0 0 0 0 0 0 0 0 0 0 0 0 0 0 0 0 0 0 0 0 0 0 8 0 0 0 0 0 0 0 0 0 0 0 0 0 0 0 0 0 0 0 0 0 0 0 0 0 0 0 0 0 0 0 0 0 0 0 0 0 0 0 0 0 0 0 0 0 0 0 0 0 0 0 0 131072 0 0 0 0 0 0 0 0 0 0 0 0 0 0 0 0 0 0 0 0 0 0 0 0 0 0 0 0 0 0 0 0 0 0 0 0 0 0 0 0 0 0 0 0 0 0 0 0 0 0 0 0 0 0 0 0 0 0 0 0 0 0 0 0 0 0 0 0 0 0 0 0 0 0 0 0 0 0 0 0 0 0 0 0 0 0 0 0 0 0 0 0 0 0 0 0 0 0 0 0 0 0 0 0 0 0 0 0 0 0 0 0 0 0 0 0 0 0 0 0 0 0 0 0 16777216 0 0 0 0 0 0 0 0 0 0 0 0 0 0 0 0 0 67108864 0 0 0 0 0 0 0 0 0 0 0 0 0 0 0 0 0 0 0 0 0 2147483648 0 0 64 0 0 0 0 0 0 0 0 0 0 0 0 0 0 0 0 0 0 0 256 0 0 0 1073741824 0 0 0 4 0 0 0 0 0 0 0 0 0 0 0 0 0 0 0 0 0 0 0 0 65536 0 0 0 0 0 0 0 0 0 0 0 0 0 0 0 0 0 0 0 0 0 32768 0 0 0 0 0 0 0 0 0 0 0 0 0 0 0 0 0 0 0 0 0 0 0 0 0 0 0 0 0 0 0 0 0 0 0 0 2097152 100663296 0 0 0 0 0 0 0 0 0 0 0 0 0 0 0 0 0 0 134217728 0 0 0 0 0 0 0 0 0 0 0 0 2 0 2097152 0 0 0 0 0 0 0 2147483648 0 16 0 0 0 0 0 0 0 0 0 0 0 0 0 2048 0 0 0 0 0 0 0 0 0 16777216 2099200 0 0 0 0 0 0 0 0 0 0 0 0 0 0 0 0 0 0 0 0 0 0 0 0 0 0 0 0 0 0 0 0 0 0 0 0 0 0 0 0 0 0 0 0 0 0 0 0 0 0 0 0 0 0 0 0 0 0 0 0 0 0 0 0 0 0 0 0 0 0 0 0 0 0 0 0 0 0 0 0 0 0 0 0 0 0 0 0 0 0 0 0 0 0 0 0 0 0 0 0 0 0 0 0 0 1024 0 0 0 0 0 0 0 0 0 0 0 0 0 0 0 0 0 0 0 0 0 0 0 0 0 0 0 0 0 0 0 0 0 0 0 0 0 0 0 0 0 0 0 0 0 0 0 0 0 0 0 0 0 0 0 0 0 0 0 0 0 0 0 0 0 0 0 0 0 0 0 0 0 0 0 0 0 0 0 0 0 0 0 0 0 0 0 0 0 0 0 0 0 0 0 0 0 0 0 0 0 0 0 0 0 0 0 0 0 0 32768 0 0 0 0 0 0 0 0 0 0 0 0 0 0 0 0 0 0 0 0 0 0 0 0 0 0 0 0 0 0 0 0 0 0 0 0 0 0 0 0 0 0 0 0 0 0 0 0 0 268435456 0 0 0 0 0 0 0 0 0 0 0 0 0 0 0 0 0 0 0 0 0 0 0 0 0 0 0 0 0 0 0 0 0 0 0 0 0 0 0 0 0 0 0 0 0 0 0 0 0 0 0 0 0 0 0 0 0 0 0 0 0 0 0 0 0 0 0 0 0 0 0 0 0 0 0 0 0 0 0 0 0 0 0 0 0 0 262144 0 0 0 0 0 0 0 0 0 0 0 0 0 0 0 0 0 0 0 0 0 0 0 0 0 0 0 0 0 0 0 0 0 0 0 0 0 256 0 0 0 0 0 0 0 0 0 0 0 0 0 0 0 0 0 0 0 0 0 0 0 0 0 0 0 0 0 0 0 0 0 0 0 0 0 0 0 0 0 0 0 0 0 0 0 0 0 0 0 0 0 0 0 0 0 0 0 0 0 0 0 0 0 0 0 0 0 0 0 0 0 0 0 0 0 0 0 0 0 0 0 9437184 0 0 0 0 0 0 0 0 0 0 0 0 0 16777216 0 0 0 0 0 0 0 0 0 0 262144 0 0 1048576 0 134217728 0 0 0 0 0 8 0 128 0 0 0 0 0 0 0 0 0 0 0 0 0 0 536870912 0 0 0 0 268435456 0 0 0 0 0 0 0 0 0 0 0 0 16777216 0 0 0 0 0 0 0 67108864 0 0 0 0 0 0 0 66048 0 32 0 0 0 0 0 0 0 0 0 0 0 0 0 0 0 0 0 0 0 0 0 524288 0 134217728 0 0 0 0 0 0 0 0 16 131072 32768 0 0 0 0 0 0 0 0 0 32 0 0 0 0 0 0 0 0 0 0 0 0 0 0 0 0 0 0 0 0 0 0 0 0 0 0 0 0 0 0 0 0 0 0 0 0 0 0 0 0 0 0 16 0 0 0 0 0 0 0 0 0 0 0 0 0 0 0 0 0 0 0 0 0 0 0 0 0 0 2147483648 0 0 0 0 0 0 0 0 0 0 0 0 0 0 16 0 0 0 0 0 0 0 0 0 0 0 0 0 0 0 0 0 1073741824 0 2147483648 0 0 0 0 1073741824 4 2 4 0 0 0 0 4194304 0 0 0 0 0 0 0 0 0 0 0 0 0 0 0 0 0 0 0 0 0 0 0 0 0 0 0 0 0 0 0 8192 0 0 0 0 0 0 0 0 0 0 0 0 0 0 0 0 2048 0 0 0 0 0 0 0 0 0 0 0 0 0 0 0 0 0 0 0 0 0 0 0 0 32768 0 0 0 0 0 0 0 0 0 0 2097152 0 0 131072 0 0 0 0 0 0 0 0 0 0 0 0 0 0 0 0 0 0 0 0 0 0 2097152 0 0 0 0 0 0 0 0 0 0 0 0 0 0 0 0 0 0 0 0 0 0 0 0 0 0 0 0 0 0 0 0 0 0 0 0 0 0 0 0 0 0 0 0 0 0 0 0 0 0 0 0 0 0 0 0 0 16777216 0 0 0 0 0 2097152 0 0 0 0 0 0 0 0 0 0 0 0 0 0 0 0 0 0 0 0 0 0 0 0 0 0 0 0 0 0 0 0 0 0 0 0 0 0 0 0 0 0 0 0 0 0 0 0 0 0 0 0 0 0 0 0 0 0 0 0 0 0 0 0 0 0 0 0 0 0 0 0 0 0 0 0 0 0 0 0 0 0 0 0 0 0 0 0 0 0 0 0 0 0 0 0 0 0 0 0 0 0 0 0 0 0 0 0 0 0 0 0 0 0 0 0 0 0 0 0 0 0 0 0 0 0 0 0 0 0 0 0 0 0 0 0 0 0 0 0 0 0 0 0 0 0 0 0 0 0 0 0 0 0 0 0 0 0 0 0 0 0 0 0 0 0 0 0 0 0 0 0 0 0 0 0 0 0 0 0 0 0 0 0 0 0 0 0 0 0 0 0 0 0 0 0 0 0 0 0 0 0 0 0 0 0 0 0 0 0 0 0 0 0 0 0 0 0 0 0 0 0 0 0 0 0 0 0 0 0 0 0 0 0 0 0 0 0 0 0 0 0 0 0 0 0 0 0 0 0 0 0 0 0 0 0 0 0 0 128 0 0 0 8 0 0 0 0 0 0 0 32768 0 0 134217728 0 0 0 0 0 1048576 0 0 0 0 0 0 0 0 0 0 1048576 0 0 0 0 0 0 0 0 0 0 0 0 0 0 0 0 0 0 0 0 2 0 0 0 0 0 8192 0 0 0 0 0 0 0 0 0 0 0 0 0 0 0 0 0 0 0 0 0 0 0 0 0 0 0 0 0 0 0 0 0 0 0 16777216 0 0 0 0 0 0 0 0 0 0 0 0 0 8388608 0 0 0 0 0 0 0 0 0 0 0 0 0 0 0 0 0 0 0 0 0 0 0 0 0 67108864 0 0 2097152 0 0 0 0 0 0 0 0 0 0 2048 0 0 0 0 0 0 0 0 0 0 1024 0 0 0 0 0 0 0 2048 0 0 0 0 2048 0 0 0 0 0 0 0 0 0 0 0 0 0 0 32 0 0 0 0 0 0 0 0 0 0 0 0 0 0 0 0 16777216 0 0 0 0 0 0 0 0 0 0 0 0 0 0 0 0 0 0 0 0 0 0 0 0 0 0 0 0 0 0 0 0 0 0 0 0 0 0 0 0 0 1024 0 134217728 0 32768 0 0 0 0 0 0 0 0 0 0 0 0 0 0 0 0 0 0 0 1048576 512 4 8 0 0 0 0 0 0 0 0 0 0 0 0 0 0 0 0 0 0 0 0 0 0 0 0 0 0 0 0 0 0 0 0 0 0 0 0 0 0 0 0 0 0 0 0 0 0 0 0 0 0 0 0 0 0 0 0 0 0 0 0 0 0 0 0 0 0 0 0 0 0 0 0 0 0 0 0 0 0 0 0 0 0 0 0 0 0 0 0 0 0 0 0 0 0 0 0 0 0 0 0 0 0 0 0 0 0 0 0 0 0 0 0 0 0 0 0 0 0 1024 0 0 0 0 0 0 0 0 0 0 0 0 0 0 0 0 0 0 0 0 0 0 0 0 0 0 0 0 0 0 0 0 0 0 0 1073741824 0 0 0 0 0 0 0 0 0 0 0 0 0 0 0 0 0 0 0 0 0 0 0 16384 0 0 0 0 0 0 0 0 0 0 0 0 0 0 0 0 0 0 0 0 0 0 0 4096 0 0 0 0 0 0 0 0 0 0 0 0 0 0 0 0 0 0 0 0 0 0 0 0 0 0 0 0 0 0 0 0 0 0 0 0 33554432 0 0 0 0 0 0 0 0 0 0 0 0 0 0 0 0 0 0 0 0 0 0 0 0 0 0 0 0 0 0 0 0 0 0 0 0 0 0 0 0 0 0 0 0 0 32768 0 0 0 0 0 256 0 0 0 0 0 0 0 4 0 0 16384 0 0 0 0 0 0 0 0 0 0 0 0 0 0 0 0 0 0 0 0 0 0 536870912 0 0 0 0 0 0 0 0 0 0 0 0 0 0 0 0 0 0 0 0 0 0 0 0 0 0 0 0 0 0 0 0 0 0 0 0 0 0 0 0 0 0 0 0 0 0 0 0 0 0 0 0 0 0 0 0 0 0 0 0 0 0 0 0 0 0 0 0 0 0 0 0 0 0 0 0 0 0 0 0 0 0 0 0 0 0 0 0 0 0 0 0 0 0 0 0 0 0 0 0 0 0 8388608 0 0 0 0 0 0 0 0 0 0 0 0 0 0 0 0 0 0 0 0 0 0 65536 0 0 0 0 0 0 0 0 0 0 0 0 0 0 0 0 0 0 0 268435456 0 0 0 0 0 0 0 0 0 131072 0 0 0 0 0 0 0 16384 0 0 262144 0 0 0 0 0 0 0 0 0 0 0 1048576 0 0 0 0 0 0 0 0 0 0 0 0 0 0 0 8 0 0 0 0 0 0 0 0 0 0 0 0 0 0 0 0 0 0 0 0 0 0 0 0 0 0 0 0 0 0 0 0 0 0 0 0 268435456 0 0 0 0 0 0 0 0 0 16777216 0 0 0 256 0 0 0 0 0 0 0 0 0 0 8192 0 0 0 0 0 0 0 0 0 0 0 536870912 524288 0 0 0 0 0 0 0 0 0 0 0 0 0 0 0 0 0 0 0 0 0 0 0 0 0 0 0 0 0 0 0 0 0 0 0 0 0 0 0 0 0 0 0 0 0 0 0 0 0 16777220 0 0 0 4096 0 0 0 0 0 0 0 0 0 0 0 0 0 134217728 0 0 0 0 0 0 0 0 0 0 0 0 0 0 0 0 0 0 0 0 0 0 0 0 0 0 0 0 0 0 0 0 0 0 0 0 0 0 0 0 0 0 0 0 0 0 0 0 32768 0 0 0 0 0 0 0 512 0 0 1024 1073741824 0 0 0 0 0 0 0 0 0 0 0 0 0 0 0 0 0 0 0 0 0 0 0 0 0 0 0 0 0 0 0 0 0 0 0 0 0 0 0 0 0 0 0 2097152 0 0 0 0 0 0 0 0 0 0 0 0 0 0 0 0 0 0 0 0 0 0 0 0 0 0 0 0 0 0 0 0 0 0 0 0 0 0 0 0 0 2097152 0 0 0 0 0 0 0 0 0 0 0 0 0 0 0 0 0 0 0 0 0 0 0 0 0 0 0 0 0 0 0 0 0 0 0 0 0 0 0 0 0 0 0 0 0 0 0 0 0 536870912 0 0 0 0 0 0 0 0 0 0 0 0 0 0 0 0 0 0 0 0 0 0 0 0 0 0 0 0 0 0 0 0 0 0 0 0 0 0 0 0 0 0 0 0 0 0 0 0 0 0 0 0 0 0 0 0 0 0 0 0 0 0 0 0 0 0 0 0 0 0 0 0 0 0 0 0 0 0 0 0 0 0 0 0 0 0 0 0 0 0 0 0 0 0 0 0 0 0 0 0 0 0 0 0 0 0 0 0 0 0 0 0 0 0 0 0 0 0 0 0 0 0 0 0 0 0 0 0 0 0 268435456 0 0 0 0 0 0 0 0 0 0 0 0 0 0 0 0 0 0 0 0 0 0 0 0 64 0 0 0 0 0 0 0 0 0 0 16384 0 0 0 0 0 0 0 0 0 0 0 0 0 0 0 0 0 0 0 0 0 0 0 0 0 0 0 0 0 0 0 0 0 0 0 0 0 0 0 0 0 0 0 0 0 0 0 0 0 0 0 0 0 0 0 0 0 0 0 0 0 0 0 0 0 0 0 0 8388608 0 0 0 0 0 0 0 0 0 0 0 256 0 0 0 0 0 0 0 0 0 0 0 0 0 0 0 0 0 0 0 0 0 0 0 0 0 16777216 0 0 0 0 0 0 0 0 0 0 0 0 0 0 0 0 128 0 0 0 0 0 0 0 0 0 0 0 0 0 0 0 0 0 0 0 0 0 0 0 0 0 0 0 0 0 0 0 0 0 0 0 0 0 0 0 0 0 0 0 0 0 131072 0 0 0 0 0 0 2048 0 0 0 0 0 256 0 0 0 0 2147483648 0 0 0 0 2 0 0 0 1073741824 0 0 0 0 0 0 0 0 0 0 0 0 0 4 0 1 0 0 16384 0 0 0 0 0 0 0 0 0 0 0 0 0 0 0 0 0 0 0 0 0 0 0 0 0 32768 1 0 0 4194304 0 0 0 0 0 0 0 0 0 0 0 0 0 0 0 0 0 0 0 0 0 0 0 0 0 0 0 0 0 0 16777216 0 0 0 0 0 0 0 0 0 0 0 0 0 1048576 0 0 0 0 0 0 0 0 0 0 0 0 0 0 0 0 0 0 0 0 0 0 0 0 268435456 0 0 0 0 0 0 0 0 0 0 0 0 0 0 0 0 0 0 0 0 0 0 0 0 524288 0 0 0 0 0 0 0 0 0 0 0 0 4096 16 0 0 0 0 0 0 0 0 0 0 0 0 0 0 0 0 0 0 0 0 0 0 0 0 0 0 0 0 0 0 0 64 0 0 0 0 0 0 0 1024 0 0 0 0 0 0 0 0 0 0 0 0 32768 0 0 0 0 0 64 0 0 0 0 0 0 0 0 0 0 0 0 0 0 0 4 0 0 0 2097152 0 0 0 0 0 0 0 0 0 0 0 0 0 0 0 0 0 0 0 0 0 0 0 0 0 0 0 0 0 0 0 0 0 0 0 0 0 0 0 0 0 0 0 0 0 0 0 0 0 0 0 0 0 0 0 0 0 0 0 0 0 0 0 0 0 0 0 0 8388608 0 0 0 0 0 0 0 0 0 0 0 0 0 0 0 0 0 0 0 0 0 0 0 0 0 0 0 0 0 0 0 0 0 0 0 0 0 0 0 0 16 0 0 0 0 0 0 0 0 0 0 0 0 0 0 0 0 0 0 0 0 0 0 0 0 0 0 0 0 0 0 0 0 0 0 0 0 0 8388608 0 0 0 0 0 0 0 0 0 0 0 0 0 0 0 0 0 0 0 0 0 0 67108864 0 0 2147483648 0 8192 0 0 0 0 0 131072 0 0 0 0 0 0 0 0 0 0 0 0 0 0 0 0 0 0 0 0 0 0 0 0 0 0 0 0 0 0 0 0 0 0 0 0 0 0 0 0 0 0 0 0 0 0 0 0 0 0 0 0 0 0 0 0 0 0 0 0 0 0 0 0 0 0 0 0 0 0 0 0 0 0 0 0 0 0 0 0 0 0 0 0 0 0 0 0 0 0 0 0 0 0 0 0 0 0 0 0 0 0 0 0 0 0 0 0 0 0 0 0 0 0 0 0 0 0 0 0 0 0 0 0 0 134217728 0 0 0 0 0 0 0 0 0 0 0 0 0 0 0 0 0 0 0 0 0 0 0 0 0 0 0 0 0 0 0 0 0 0 0 0 0 0 0 0 0 0 0 0 0 0 0 0 0 0 0 0 0 0 0 0 0 0 0 0 0 0 0 0 0 0 0 0 0 0 0 0 0 0 0 0 0 0 0 0 0 0 0 0 0 0 0 0 0 0 0 0 0 0 0 0 0 0 0 0 0 0 0 0 0 0 0 0 0 0 0 0 0 0 0 0 0 0 0 0 0 0 1024 0 0 1073741824 0 0 0 0 0 0 0 0 0 0 0 0 0 0 0 0 0 0 0 0 0 8388672 0 0 0 0 268435456 32 0 0 0 0 0 0 0 0 0 0 0 0 0 0 0 0 0 0 0 0 0 0 0 0 0 0 0 0 0 0 0 0 0 0 0 0 67108864 0 0 0 67108864 0 0 0 0 0 536870912 0 0 0 0 0 0 0 0 0 0 0 0 0 0 0 0 0 16777216 0 0 0 0 0 0 0 0 0 0 0 0 0 0 0 0 0 0 0 0 0 0 0 0 0 0 0 0 0 0 0 0 0 0 0 0 0 0 0 0 0 0 0 0 0 0 0 0 0 0 0 0 0 0 0 0 0 0 0 0 0 8 0 0 0 0 0 0 0 0 0 67108864 0 0 0 512 0 0 0 0 0 0 0 0 0 0 0 0 0 0 0 0 0 0 512 0 0 0 0 0 0 512 0 0 0 0 0 0 0 0 0 0 536870912 0 0 0 0 0 0 0 0 0 0 0 0 0 0 0 0 1 0 0 0 0 0 0 0 0 0 0 0 0 0 0 0 0 128 16777216 0 0 0 0 0 0 0 262144 2 0 0 0 0 0 0 0 0 0 0 0 0 0 0 0 0 0 0 0 0 0 0 0 0 0 0 0 0 0 0 0 0 0 0 0 0 0 0 0 0 0 0 0 0 0 0 0 0 0 0 0 0 0 0 0 0 0 0 0 0 0 0 0 0 0 0 0 0 0 0 0 0 0 0 0 0 0 0 16384 1024 0 0 0 0 32768 0 0 0 0 0 0 0 0 0 0 0 0 0 0 0 0 0 0 0 0 0 0 0 0 0 0 0 0 0 0 0 0 0 0 0 0 0 0 0 0 0 0 0 0 0 0 0 32768 0 0 0 0 0 0 0 0 0 0 0 0 0 0 0 0 0 0 0 0 0 0 0 0 0 0 0 0 0 0 0 0 0 0 0 0 0 0 0 0 0 0 0 0 0 0 0 0 8 0 0 0 0 0 0 0 0 0 0 0 0 0 0 0 0 0 0 0 0 0 0 0 0 0 0 0 0 0 0 0 0 0 0 0 0 0 0 0 0 0 0 0 0 0 0 0 0 0 0 0 0 0 0 0 0 0 0 0 0 0 0 0 0 0 0 0 0 0 0 0 0 0 0 0 0 0 0 0 0 0 0 0 1024 0 0 0 0 0 0 0 0 0 0 0 0 0 0 0 0 0 0 0 0 0 0 0 0 0 0 0 0 0 0 0 0 0 131072 8192 0 0 0 0 0 0 0 0 0 0 0 0 0 0 0 0 0 0 0 0 0 0 0 0 0 0 0 0 0 0 0 0 0 0 0 0 0 0 0 0 0 0 0 0 0 0 0 0 0 0 0 0 0 0 0 0 0 0 0 0 0 0 0 0 0 0 0 0 0 0 0 0 0 0 0 0 0 0 0 0 0 0 0 0 0 0 0 0 0 0 0 0 0 0 0 0 0 0 0 0 0 0 0 0 0 524288 0 0 0 0 0 0 0 0 0 0 0 0 0 0 0 0 0 0 0 0 0 0 0 0 0 0 0 0 0 0 0 0 0 0 0 0 0 0 0 0 0 0 0 0 0 0 0 0 0 0 0 0 0 0 0 0 0 0 0 0 0 0 0 0 0 0 0 0 4096 0 0 0 0 0 0 0 0 0 0 0 0 4096 0 0 0 0 0 0 0 32 0 131072 64 0 0 0 1048576 0 0 0 0 0 0 0 0 0 0 0 0 0 0 0 0 0 0 0 0 0 0 0 2 0 0 0 0 0 0 0 0 0 0 0 131072 0 0 0 0 0 0 0 0 0 0 0 0 0 0 0 0 0 0 0 0 0 0 0 0 0 0 0 0 0 0 0 0 0 0 0 0 0 0 0 0 0 0 0 0 0 0 0 0 0 0 0 0 0 0 0 0 0 0 0 0 0 0 0 0 0 0 0 0 0 0 0 0 0 0 0 0 0 0 0 0 0 0 0 0 0 0 0 0 0 0 0 0 0 0 0 0 0 2048 0 0 4096 0 0 0 0 0 1048576 0 0 0 0 0 0 0 0 0 0 0 0 0 0 0 0 0 536870912 0 0 0 0 0 1056 0 0 256 0 0 0 0 0 0 0 0 0 8 0 0 0 0 32 0 0 0 0 4194304 0 0 0 0 0 0 0 0 0 0 0 0 0 0 0 0 0 0 0 4096 65540 0 0 2048 0 0 0 2097152 4 0 0 0 65536 0 0 0 0 0 0 0 0 0 0 2 0 0 0 0 0 0 0 0 0 0 0 0 0 0 0 0 0 0 0 1 0 0 0 0 0 0 0 0 0 0 0 0 0 0 0 0 0 0 0 0 0 0 0 0 0 0 0 0 0 0 0 0 0 0 0 0 0 0 0 0 0 0 0 0 0 0 0 0 0 0 0 0 0 0 0 0 0 0 0 0 0 0 0 0 0 0 0 0 0 0 0 0 0 0 0 0 0 0 0 0 0 0 0 0 0 0 0 0 0 0 0 0 0 0 0 0 0 0 0 0 0 0 0 0 0 0 0 0 0 0 0 0 0 0 0 0 0 0 0 0 0 0 0 0 0 0 0 0 0 0 0 0 0 0 0 0 0 0 0 0 0 0 0 0 0 0 0 0 0 0 0 0 0 0 0 512 0 0 0 65536 0 0 0 0 0 0 0 0 0 0 0 0 0 0 0 0 0 0 0 0 0 0 0 0 0 0 0 32768 0 0 0 0 0 0 0 0 0 0 0 0 0 0 0 0 0 0 0 0 0 0 0 0 0 0 0 0 0 0 0 0 0 0 0 0 0 0 0 0 0 0 0 0 0 0 0 0 0 0 0 0 0 0 0 32 0 0 0 0 0 0 0 0 0 0 0 0 0 0 0 0 0 0 0 0 0 0 0 0 0 0 0 0 0 0 0 0 0 0 0 0 0 0 0 0 0 0 0 0 0 0 0 0 0 0 0 0 0 0 0 0 0 0 0 0 0 0 0 0 0 0 0 0 0 0 0 0 0 0 0 0 0 0 0 0 0 0 0 0 0 0 0 0 0 0 0 0 0 0 0 0 0 0 0 0 0 0 0 0 0 0 0 0 0 2147483648 0 0 0 0 0 0 0 0 0 0 0 0 0 0 0 0 0 0 0 0 0 134217728 0 0 0 0 0 0 0 0 0 0 0 0 0 0 0 0 0 0 0 0 67108864 0 0 0 0 0 0 0 0 0 0 0 0 0 0 0 0 0 0 0 0 0 0 0 0 0 65536 0 0 0 0 0 0 0 0 0 0 0 0 0 0 0 0 0 0 0 0 0 0 8388608 0 0 0 0 0 0 0 0 0 0 0 0 0 1073741824 0 0 0 0 0 0 0 0 0 1073741824 0 0 24 16 0 0 0 0 128 0 0 0 0 0 0 0 0 0 0 0 0 0 0 0 0 0 0 0 0 0 0 0 0 0 0 0 0 0 0 0 0 0 4194304 0 0 0 0 0 0 0 0 0 0 1024 0 0 0 0 0 0 0 0 0 0 0 0 16777216 0 0 0 0 0 0 0 0 0 0 0 0 0 0 0 0 0 0 0 0 16384 0 536870912 0 0 0 0 0 0 0 0 0 0 0 0 0 0 0 0 0 0 0 0 0 0 0 0 0 0 0 0 0 0 0 0 0 64 0 0 0 0 0 0 0 2097152 0 0 2048 0 0 512 0 0 0 0 0 0 0 0 0 0 0 0 0 0 0 0 0 0 128 0 0 0 0 0 0 0 0 0 0 0 0 0 0 8192 16777216 0 0 0 0 4096 0 0 0 0 0 0 0 0 1024 2 0 0 0 0 0 0 0 0 0 0 0 0 0 0 0 0 0 0 0 0 0 0 0 0 0 0 0 0 0 0 0 0 0 0 0 0 0 0 0 0 0 0 0 0 0 0 0 0 0 0 0 0 0 16384 0 0 0 0 0 0 0 0 0 0 0 0 0 0 0 0 0 0 0 0 0 0 0 0 0 0 0 0 0 0 0 0 0 0 0 2147483648 0 0 131072 0 0 0 0 0 0 0 0 0 0 0 0 0 0 0 0 0 0 0 0 0 0 0 0 0 0 0 0 0 0 0 0 0 0 0 0 0 0 0 0 0 0 0 0 0 0 0 0 0 0 0 0 0 0 0 0 0 0 0 0 0 0 0 0 0 0 0 0 0 0 0 0 0 0 0 0 0 0 0 0 0 0 0 0 0 0 0 0 0 0 0 0 0 0 0 0 0 1073741824 0 0 0 0 0 0 0 0 0 0 0 4096 0 0 0 0 0 0 0 0 0 0 0 0 0 0 0 0 0 0 0 0 0 0 0 0 0 0 0 0 0 0 0 0 0 0 0 0 0 0 0 0 0 0 0 0 0 0 0 0 0 0 0 0 0 0 0 0 0 0 2 0 0 0 0 0 0 0 0 0 0 0 0 0 0 0 0 0 0 0 0 0 0 0 0 0 0 0 0 0 0 0 0 0 0 0 0 0 32 0 0 0 0 0 0 0 0 0 0 0 0 0 0 0 0 0 0 0 0 0 0 0 0 0 0 0 0 0 0 0 0 0 16384 0 0 0 0 0 0 0 0 0 0 0 0 0 0 0 0 0 0 0 0 0 0 0 0 0 0 0 0 0 0 0 0 0 0 0 0 0 0 0 0 0 0 0 0 0 0 0 0 0 0 0 0 0 0 0 0 0 0 0 0 0 0 0 0 0 0 0 0 0 0 0 0 0 0 0 0 0 0 0 0 0 0 0 0 0 0 0 0 0 0 0 0 1024 0 0 0 0 0 0 0 0 0 0 0 0 0 0 0 0 0 0 0 0 0 0 0 0 0 0 0 0 0 16 0 0 0 0 0 0 0 0 0 0 0 0 0 0 0 131072 0 0 0 0 0 0 0 0 0 0 0 0 0 0 0 0 0 0 0 0 32 0 4096 0 0 0 0 4096 0 0 0 0 0 0 0 0 0 16777216 0 0 0 0 0 0 0 0 0 262144 8192 0 0 0 0 0 0 0 0 0 0 0 0 0 0 524288 0 0 0 0 0 0 0 0 0 4096 0 0 0 0 0 0 0 0 0 0 0 0 0 0 0 0 0 0 0 0 0 8388608 0 0 0 0 0 0 0 0 0 0 0 0 0 0 0 0 0 0 0 0 0 0 0 0 0 0 0 0 0 0 0 0 0 0 0 0 0 0 0 0 0 0 0 0 0 0 134217728 0 0 0 0 0 0 0 0 0 0 0 0 0 0 0 0 0 0 0 0 0 0 0 0 0 512 0 0 0 0 0 0 0 0 0 0 0 0 0 0 0 1 0 128 8388608 0 0 0 0 0 0 0 0 0 0 0 0 0 0 0 4194304 0 0 0 0 0 0 0 0 0 0 0 0 16 0 0 0 0 8388608 0 0 0 0 0 0 0 0 0 0 0 0 0 0 0 0 0 0 0 0 0 0 0 0 0 0 2621440 16384 0 1073741889 0 0 0 0 4195328 0 0 0 0 0 0 0 0 0 0 0 0 0 0 0 0 0 0 0 0 0 0 0 0 0 0 0 0 0 0 0 0 0 0 0 0 0 0 0 0 0 0 0 1073741824 0 0 0 512 0 0 0 0 0 0 0 0 0 0 0 0 0 0 0 0 0 0 0 0 0 0 0 0 0 0 0 0 0 0 0 0 0 0 0 0 0 0 0 0 0 0 0 0 0 0 0 0 0 0 0 0 0 0 0 0 0 0 0 0 0 0 0 0 0 0 0 0 0 0 0 0 0 0 0 0 0 0 0 0 0 0 0 0 0 0 0 0 0 0 0 0 0 0 0 0 0 0 0 0 0 0 0 0 0 0 0 0 0 0 0 0 0 0 0 0 0 0 0 0 0 0 0 0 0 0 2097152 0 0 0 0 0 0 0 1048576 0 0 1073741824 0 0 1073741824 0 0 0 0 0 0 0 0 0 0 0 0 0 0 0 0 0 0 0 0 0 0 0 0 0 0 0 0 0 0 0 0 0 0 0 0 0 0 0 0 0 0 0 0 0 0 0 0 0 0 0 0 0 0 0 0 0 0 0 0 0 0 0 0 0 0 0 0 0 0 0 0 0 0 0 0 0 0 0 0 0 0 0 0 0 0 0 0 0 0 0 0 0 0 0 0 0 0 0 0 0 0 0 0 0 0 0 0 0 0 0 0 0 0 0 0 0 0 0 0 0 0 0 0 0 0 0 0 0 0 0 0 0 0 0 0 0 0 0 0 0 0 0 0 0 0 0 0 536870912 0 0 0 0 0 0 0 0 0 0 0 0 0 0 0 0 0 0 0 0 0 0 0 0 0 0 0 0 0 0 0 0 0 0 0 0 0 0 0 0 0 0 0 0 0 0 0 0 0 0 0 0 0 0 0 0 0 0 0 0 0 0 0 524288 0 0 0 0 0 0 0 0 0 0 0 0 0 0 0 536870912 0 4 0 0 0 0 0 0 0 0 0 0 0 0 0 0 0 0 0 0 0 0 0 0 0 0 0 0 0 0 0 0 0 0 0 0 0 0 0 0 0 0 0 0 0 0 0 0 0 0 0 0 0 0 0 0 0 0 0 0 0 0 0 0 2097152 0 0 0 0 0 0 0 0 0 0 0 0 0 0 0 0 0 0 0 0 0 0 0 0 0 0 0 0 0 0 0 0 0 0 0 0 0 0 0 0 0 0 0 0 0 0 0 0 0 0 0 0 0 0 0 0 0 0 0 0 0 0 0 0 0 0 0 0 0 0 0 131072 0 0 0 134217728 0 0 512 0 0 0 0 0 0 0 0 0 0 0 0 0 0 0 0 0 0 0 0 0 256 0 0 2 16384 0 0 0 0 0 0 0 0 0 0 0 0 0 0 0 0 0 0 0 0 0 0 0 0 0 0 0 0 0 0 0 0 0 0 0 0 0 0 4 0 0 0 0 0 4194304 0 0 1 0 0 0 0 0 0 0 0 0 0 0 0 0 0 0 0 0 0 0 0 0 0 0 0 0 0 0 0 0 0 0 0 0 0 0 0 0 0 0 0 2147485696 0 0 0 512 0 0 0 65536 32768 0 0 0 32768 0 0 0 0 0 0 0 0 0 0 0 0 0 2048 0 128 0 65536 0 0 0 0 0 0 4096 2 3670528 3178496 0 0 0 0 0 0 2 0 0 0 0 0 0 0 0 0 0 0 0 0 0 0 0 0 0 0 0 0 0 0 0 0 0 0 0 0 0 0 0 0 0 0 0 0 0 0 0 0 1073741824 0 0 0 0 0 0 0 0 0 0 0 0 0 0 0 0 0 0 0 0 0 0 0 0 0 0 0 0 0 0 0 0 0 0 0 0 0 0 0 0 0 0 0 0 0 0 0 0 0 0 0 0 0 0 0 0 0 0 0 0 0 0 0 0 0 0 0 0 0 0 0 0 0 0 0 0 0 0 0 0 0 0 0 0 0 0 0 0 0 0 0 0 0 0 0 0 0 0 0 0 0 0 0 0 0 0 0 0 0 0 0 0 0 0 0 0 0 0 0 8192 0 0 0 0 0 0 0 0 0 64 0 0 0 0 0 0 0 0 0 0 0 1073741824 0 0 0 0 0 0 1073741824 0 0 0 0 0 1048576 0 0 0 0 0 0 0 0 0 0 0 0 0 0 0 0 0 0 0 0 0 0 0 0 0 0 0 0 0 0 0 0 0 0 0 0 0 0 0 0 0 0 0 0 524288 0 0 0 0 0 0 2048 0 0 32768 0 0 0 0 0 0 0 0 0 0 0 0 0 0 0 0 2097152 0 0 0 0 0 0 0 0 0 0 0 0 0 0 0 0 0 0 0 0 0 0 0 0 0 0 0 0 0 0 0 0 0 0 0 0 0 0 0 0 0 0 0 0 0 0 0 0 0 0 0 0 0 0 0 0 0 0 0 0 0 0 16777216 0 0 0 0 0 0 0 33554432 16384 0 0 0 0 0 0 0 0 0 0 0 0 0 0 0 0 0 0 0 0 0 0 0 0 0 0 0 0 0 0 0 0 0 0 0 0 0 0 0 0 0 0 0 0 0 0 0 0 0 0 0 0 0 0 0 0 0 0 0 0 0 0 0 0 0 0 0 0 0 0 0 0 0 0 0 0 0 0 0 0 0 0 0 0 0 0 0 0 0 0 0 0 0 0 0 0 0 0 0 0 0 0 0 2048 0 0 0 0 0 0 0 0 0 0 0 0 0 0 0 0 0 0 0 0 0 0 0 0 0 0 0 256 0 0 0 0 16 512 0 8192 0 0 0 0 0 0 0 0 0 0 0 0 0 0 0 0 0 0 0 0 0 0 0 0 0 0 0 0 0 0 0 0 0 0 0 0 0 0 0 0 0 0 0 0 0 2147483648 0 0 0 0 0 0 0 0 0 0 0 0 0 0 0 0 0 0 0 0 0 0 0 0 0 0 0 0 0 0 0 0 0 0 0 0 0 0 0 0 0 0 0 0 0 0 0 0 0 0 0 0 0 0 2097152 0 0 0 0 0 0 0 0 0 256 0 0 0 0 0 0 0 0 1048576 0 0 0 0 67108864 0 0 0 0 0 0 0 0 0 0 0 131072 0 0 0 0 0 0 0 0 0 0 0 0 4 0 0 0 0 0 0 0 0 0 0 0 0 0 0 0 0 0 0 0 0 0 32768 0 0 0 0 0 0 0 0 0 67108864 0 0 0 0 0 0 0 0 0 0 0 0 0 0 0 512 0 0 0 65536 0 0 0 0 0 0 0 0 0 0 0 0 0 0 0 0 0 0 0 0 0 4096 0 0 0 0 0 0 0 0 0 0 0 33554432 4 0 0 0 0 0 0 0 0 0 0 0 0 0 0 0 0 0 0 0 0 0 0 0 0 0 0 0 0 0 0 0 0 0 0 0 0 0 0 0 0 0 0 0 0 0 0 0 0 0 0 0 0 0 0 0 0 0 0 0 0 0 0 0 0 0 0 0 0 0 0 0 0 0 0 0 0 0 0 0 0 0 0 0 0 0 0 0 0 0 0 0 0 0 0 0 0 0 0 0 0 0 0 1073741824 0 0 0 0 0 0 0 0 0 0 0 0 0 0 0 0 0 0 0 0 0 0 0 0 0 0 0 0 0 0 0 0 0 0 0 0 0 0 0 0 0 0 0 0 0 0 0 0 0 0 0 0 0 0 0 0 0 32 0 0 0 0 0 0 0 32768 0 128 0 0 0 0 0 0 0 0 0 0 0 0 0 0 0 67108864 0 0 0 1 0 0 0 0 0 0 0 0 0 0 0 8192 0 0 0 0 0 0 0 0 0 0 0 0 0 0 0 0 0 0 0 0 0 0 0 0 0 0 0 0 0 0 0 0 0 0 0 0 0 0 0 0 0 0 0 0 0 0 0 0 0 0 0 0 0 0 0 0 0 0 0 0 0 0 0 0 0 0 0 0 0 0 0 0 0 0 0 0 0 0 0 0 0 0 0 0 0 0 0 0 0 0 0 0 0 0 0 0 0 0 0 0 0 0 0 0 0 0 0 0 0 0 0 0 0 0 0 0 0 0 0 0 0 0 0 0 0 0 0 0 0 0 0 0 0 0 0 0 0 0 0 0 0 0 0 0 0 2 0 0 0 0 0 0 0 0 0 0 0 0 0 0 0 0 0 0 0 0 0 0 0 0 0 0 0 0 0 0 0 0 0 0 0 0 0 0 0 0 0 0 0 0 0 0 0 0 0 0 0 0 0 0 0 0 0 0 0 0 0 0 0 0 0 0 0 0 0 0 0 0 0 0 0 4 0 1024 0 0 0 0 0 0 0 0 0 0 0 0 0 0 0 0 0 0 0 0 0 0 0 0 0 0 0 0 0 0 0 0 0 0 0 0 0 0 0 0 0 0 0 0 0 0 0 0 32 0 0 0 0 67108864 131072 0 0 0 0 0 0 0 0 0 0 0 8388608 0 16 0 0 0 0 262144 0 0 0 0 0 0 0 0 0 0 0 0 0 0 0 0 0 0 0 0 0 0 0 0 0 0 0 0 0 0 0 0 0 0 0 0 0 0 0 0 0 0 0 0 0 0 4096 0 0 0 0 0 67108864 0 0 0 0 0 0 0 0 0 0 0 2147483648 0 0 0 0 0 0 0 131072 0 0 0 0 0 65536 0 0 0 0 0 0 0 0 0 0 0 0 0 0 2147483648 0 0 0 0 0 0 0 0 0 0 0 0 0 0 0 0 0 0 0 268435456 0 0 0 0 0 0 0 0 0 0 0 0 0 0 0 0 32768 0 0 0 0 0 0 0 33554432 0 0 0 0 0 0 0 0 0 0 0 0 0 0 0 0 0 0 16 0 0 0 0 0 0 0 0 0 0 0 0 0 0 0 0 0 0 0 0 0 0 2048 0 0 0 0 262146 0 0 0 0 0 0 0 0 0 1073741824 0 0 0 0 0 0 0 0 0 0 0 0 0 0 0 0 0 0 524288 0 0 0 0 0 524288 8 2 4 8
is_linear=0
shrinkage=0.05


Tree=3
num_leaves=63
num_cat=45
split_feature=6 6 15 14 6 13 6 1 1 6 6 6 6 1 10 1 10 13 1 1 13 6 6 1 6 1 1 1 13 3 1 12 6 1 4 10 6 1 1 1 1 13 13 13 1 3 10 10 1 4 12 6 1 1 1 1 13 13 10 1 6 6
split_gain=806.586 335.213 255.999 236.528 147.659 148.515 114.397 97.1119 87.2116 79.5895 88.0432 74.5961 83.4667 73.2811 64.7572 59.2712 79.0765 56.8804 72.9956 53.2461 54.2706 52.4891 51.5115 49.0903 45.7675 45.553 44.7211 43.3208 65.2288 106.432 43.1122 73.1236 40.065 41.3264 39.9557 39.8047 73.7924 82.2868 48.683 46.0107 41.669 37.2259 49.026 41.2483 35.6532 35.2055 33.9218 32.9989 32.7548 32.7467 31.9855 31.9114 30.8931 30.7876 37.3793 31.9143 31.0525 30.6284 65.2687 30.5401 74.5953 34.4475
threshold=0 1 2 3 4 4.241093873977662 5 6 7 8 9 10 11 12 275.00000000000006 13 318.00000000000006 4.241093873977662 14 15 2.0715673565864567 16 17 18 19 20 21 22 1.7005987167358401 23 24 73500.000000000015 25 26 27 598.00000000000011 28 29 30 31 32 2.9944807291030888 2.8029010295867924 4.241093873977662 33 34 275.00000000000006 225.00000000000003 35 36 64010.000000000007 37 38 39 40 41 2.0715673565864567 1.0000000180025095e-35 318.00000000000006 42 43 44
decision_type=9 9 9 9 9 2 9 9 9 9 9 9 9 9 2 9 2 2 9 9 2 9 9 9 9 9 9 9 2 9 9 2 9 9 9 2 9 9 9 9 9 2 2 2 9 9 2 2 9 9 2 9 9 9 9 9 2 2 2 9 9 9
left_child=3 17 4 -1 19 6 48 11 -5 15 46 -8 14 -7 -13 16 47 44 -19 20 34 -4 27 -23 30 -15 -10 28 -12 -30 31 -24 33 50 -3 36 37 49 -37 -38 -40 42 -41 -43 -2 -16 -11 -9 -6 -28 -26 -14 -27 -21 56 -56 -55 58 -25 60 -34 -61
right_child=1 2 21 8 5 13 7 9 26 10 22 12 51 25 45 -17 -18 18 -20 53 -22 23 24 57 32 52 35 -29 29 -31 -32 -33 59 -35 -36 38 39 -39 40 41 -42 43 -44 -45 -46 -47 -48 -49 -50 -51 -52 -53 -54 54 55 -57 -58 -59 -60 61 -62 -63
leaf_value=0.18205145515231397 0.013640786123309146 0.11973825038051181 -0.023606320898379964 -0.028258551237855298 -0.024942416399870652 0.04785296760131838 0.089021294415634195 0.72489398821401752 -0.027331215851180424 0.1866042967090159 0.26602781920657775 0.24222569611659336 0.052576137218639123 0.045177323000802738 1.2625796741777737 -0.0010245576486224122 0.50756599561680049 0.098345388876460091 -0.021563821689501456 0.068742430709682417 0.066592771267801693 -0.022915354920590495 0.20956001083977982 0.087927747866865025 0.26059676280415961 -0.031636644518811839 0.17496398228576693 -0.016473906027312715 1.513866257086427 0.50539715607737346 -0.021553934352823337 0.62210724884813751 0.057533284456041826 -0.022836978175393569 0.27984259480557316 0.09496106481332979 -0.021804514177639199 -0.028844545219317397 0.07818589302588852 0.16555944816454454 -0.011397781473420842 0.041662113589125686 0.35805536745381555 0.2252051232013054 -0.042297349297525294 0.66918062941169443 0.60120591963847925 0.14661559488175552 0.074920008001267413 0.418043072197815 0.59062869109301586 -0.028484574752913685 0.0057769312888518252 0.25377943704461164 0.041746986783982941 -0.024158072505237806 0.059461532042226956 0.059150970627942528 0.18903974475518867 0.025306615413466738 -0.030686990836699613 -0.025900041857482403
leaf_weight=43.766782795544714 30.840069519821554 8.8350175858940929 14.53434049838688 26.735139218217228 9.9363757693208736 136.09048547036946 28.116688479785807 0.25808064284501409 12.033211866859345 0.63379544991767067 1.8983335674856792 0.85541400377405841 5.5963544017868116 52.496414520603139 0.30473474221071228 28.770585250866134 2.5106987199978903 8.1987383424420823 35.674649287189823 18.205461486650165 20.148689451394603 12.07380337588256 2.6963992091477849 46.67577237385558 1.126693433208857 57.965380833717063 2.6666433408390731 12.354373428446708 0.31970669922884554 1.4402685748063957 11.074568573851137 1.7852821946726178 31.837811162811704 10.230507087486329 6.9719364079064663 24.1403896882548 9.4879642249434237 30.098168696975335 7.1604456458589993 48.001719341438729 48.2386899619014 11.449783843534531 3.55247173027601 4.178032665164209 688.40940994187258 1.3903974521672351 2.2264050369267352 5.5934973752591759 42.018308997212444 2.8839333195937797 2.1071391810546629 68.905897712800652 283.85861850046786 4.114244112162849 15.062224045919718 63.420647568593267 4.1095375198638067 26.099705179629382 24.253446854825597 28.494439210277051 46.879166182654444 1477.6643420357723
leaf_count=15052 52885 11269 11294 33396 12998 201814 41933 314 14847 756 2781 1424 8610 78611 440 39159 3357 11208 53705 24018 26980 9645 3763 29110 1483 87694 3538 16913 330 1746 15242 2256 49522 13616 8204 30944 10451 38361 9507 52034 63712 14615 1802 4862 1176183 2057 2539 7430 54456 3426 2745 107776 426933 5234 20126 84638 5636 33449 16852 40915 74753 2350037
internal_value=-0.000733763 -0.00750526 0.00102514 0.0801554 -0.00257133 -0.00561803 -0.0124038 -0.0146 0.0540561 -0.0175903 -0.0193525 0.0302856 0.00108873 0.0176499 0.1213 0.0475634 0.12425 -0.0364482 0.0183447 0.0454083 0.0946715 0.0684525 -0.0202746 0.0816686 -0.021305 0.00586373 0.0656661 0.0518457 0.125704 0.68859 0.0477947 0.115711 -0.0222706 0.045863 0.190355 0.0725639 0.0955112 0.0112941 0.0492827 0.117828 0.0103658 0.137818 0.178824 0.0907316 -0.0402973 0.775856 0.113279 0.17212 0.054878 0.107531 0.116229 -0.0168943 -0.00128643 0.0217553 0.00580147 -0.00822113 0.0707027 0.0956076 0.122502 -0.0231333 0.00745761 -0.0247708
internal_weight=3659.46 3385.06 2621.94 274.393 2498.3 2357.44 1827.03 1775.07 230.627 1669.9 1632.77 105.169 77.0528 530.411 2.55055 37.1329 8.36228 763.123 43.8734 140.868 35.9556 123.637 1629.91 109.103 1613.9 394.32 203.891 16.0127 3.65831 1.75998 15.5562 4.48168 1598.34 13.4643 15.807 191.858 112.319 35.6487 79.5395 76.67 55.3991 67.182 51.5542 15.6278 719.249 1.69513 2.8602 5.85158 51.9547 5.55058 3.23383 74.5023 341.824 104.912 86.7067 78.4829 8.22378 97.0289 70.9292 1584.88 78.717 1506.16
internal_count=5531386 5234839 3940858 296547 3840508 3654403 2859351 2791897 281495 2629657 2579397 162240 120307 795052 3921 50260 11101 1293981 64913 186105 46453 100350 2576102 89056 2554332 593238 248099 21770 4857 2076 21261 6019 2533071 17844 19473 233252 129089 45325 104163 83764 73219 73313 53836 19477 1229068 2497 3295 7744 67454 6964 4228 116386 514627 139652 115634 104764 10870 79411 45962 2515227 124275 2390952
cat_boundaries=0 722 1389 1390 1391 2106 2824 2836 2848 3538 4249 4964 5689 5701 5713 5725 5737 6448 7170 7182 7896 7908 7919 7931 7932 7944 8665 8677 8678 9400 9412 9424 9436 9448 9459 9460 9472 9473 10190 10202 10214 10225 10237 10249 10960 11682
cat_threshold=0 0 0 0 0 0 0 0 0 0 0 0 0 0 0 0 0 0 268435456 0 0 0 0 0 0 0 0 0 0 0 0 0 0 0 134217728 0 0 0 0 0 0 0 0 0 16384 0 0 0 0 0 0 0 0 0 0 0 0 0 0 0 0 0 0 0 0 0 0 512 0 0 0 0 0 0 0 0 0 0 0 0 0 0 0 0 0 0 0 0 0 0 0 0 0 0 0 0 0 0 0 0 0 0 0 0 0 0 0 0 0 0 0 0 0 262144 0 0 0 0 0 0 0 0 0 0 0 0 0 0 0 0 0 0 0 0 0 0 0 0 0 0 0 0 0 0 0 0 0 0 0 0 0 0 0 0 0 0 0 0 0 0 0 0 0 0 0 0 0 0 0 0 0 0 0 0 0 0 0 0 0 0 0 0 0 0 0 0 0 0 0 0 0 0 0 0 0 0 0 0 0 0 0 0 0 0 0 0 0 0 0 0 0 0 0 0 0 0 0 0 0 0 0 0 0 0 0 0 0 0 0 0 0 0 0 0 0 0 0 0 0 0 0 0 16 0 0 0 0 0 0 0 2048 0 0 0 0 0 0 0 16777216 0 0 0 0 0 0 0 0 0 0 0 0 0 0 0 0 0 0 0 0 0 0 0 0 0 0 0 0 0 0 0 0 0 0 0 0 0 0 0 0 0 0 0 0 0 0 0 0 0 0 0 0 0 0 0 0 0 0 0 0 0 0 0 0 0 0 0 0 0 0 0 0 0 0 0 0 0 0 0 0 0 0 0 0 0 2 0 0 0 0 0 0 0 0 0 0 0 0 0 0 0 0 0 0 0 0 0 0 0 0 0 0 0 0 0 0 0 0 0 0 0 0 0 0 0 0 0 0 0 0 0 0 0 0 0 0 0 0 0 0 0 0 0 0 0 0 0 0 0 0 0 0 0 0 0 0 0 0 0 0 0 0 0 0 0 0 0 0 0 0 0 0 0 0 0 0 0 0 8388608 0 0 0 0 1 0 0 0 0 0 0 0 0 0 0 0 0 0 0 0 0 0 0 0 0 0 0 0 0 0 0 0 0 0 0 0 0 0 0 0 0 0 0 0 0 0 0 0 0 0 0 0 0 0 0 0 0 0 0 2 0 1048576 0 0 0 0 0 0 0 131072 0 0 0 1 0 0 0 0 0 0 0 0 0 0 0 0 0 0 0 0 0 0 0 0 0 0 0 0 4096 0 0 0 0 0 0 0 0 0 0 0 0 0 0 0 0 0 0 33554434 0 0 0 0 0 0 0 0 0 0 0 8 0 0 0 0 0 0 0 0 0 0 0 0 0 0 0 0 0 0 0 0 0 0 0 0 0 0 0 0 0 0 0 0 0 0 0 0 0 0 0 0 0 0 0 0 0 0 0 0 0 0 0 0 0 0 0 0 0 0 0 0 0 0 0 0 0 0 0 0 0 0 0 0 0 0 0 2048 0 0 0 0 0 0 0 0 2 16384 0 0 2147483648 0 0 0 0 268435456 0 0 0 0 0 0 0 0 0 0 0 0 0 0 0 0 0 0 0 0 0 0 0 128 0 0 0 32768 0 0 0 0 0 0 0 0 2147483648 0 0 0 0 0 0 0 65536 0 0 0 1048576 0 0 0 0 0 0 0 2147483648 16 0 536870912 0 0 0 0 0 0 1024 0 0 0 0 0 0 0 0 0 0 0 0 0 0 0 0 0 0 16777216 0 0 0 0 256 0 0 0 0 0 0 0 0 0 0 0 0 0 0 0 0 32 0 0 0 0 0 0 0 0 0 0 0 0 0 0 0 0 0 0 0 1073741824 0 536870920 2 0 0 0 0 0 0 0 0 0 0 0 0 0 0 0 0 0 0 0 0 0 0 0 0 0 0 0 0 0 0 0 0 0 0 0 0 0 0 0 0 0 0 0 0 0 0 0 2080 0 0 0 0 0 0 0 0 0 0 0 0 0 0 0 0 0 0 0 0 0 0 0 0 0 0 0 0 0 0 0 0 0 0 0 0 0 0 0 0 0 0 0 0 0 0 0 0 0 0 0 32768 0 0 0 0 0 0 0 0 0 0 4096 0 0 1 0 0 0 0 0 4096 0 0 0 0 0 0 0 0 0 0 0 0 0 0 0 0 0 0 0 0 0 0 0 0 0 0 0 0 0 0 1024 0 0 0 0 0 0 0 0 0 0 0 0 0 0 0 0 0 0 0 0 0 0 0 0 0 0 0 0 0 0 0 0 0 0 0 0 1024 0 0 1 0 0 0 0 0 0 0 0 0 0 0 32 0 0 0 0 0 0 0 0 0 0 0 0 0 0 0 0 0 0 0 0 0 0 0 0 0 0 0 0 0 0 0 0 0 0 0 0 0 0 0 0 0 0 0 0 0 0 0 0 0 0 0 0 0 0 0 0 0 0 0 0 0 0 0 0 0 0 0 0 0 0 0 0 0 0 0 0 0 0 0 0 0 0 0 0 0 0 0 0 0 0 0 0 0 0 0 0 0 0 0 0 0 0 0 0 0 0 0 0 0 0 0 0 0 0 0 0 0 0 0 0 0 0 0 0 0 0 0 0 0 0 0 0 0 0 0 0 0 0 0 0 0 0 0 0 0 0 0 0 0 0 0 0 0 0 0 0 0 0 0 0 0 0 0 8 0 0 0 0 0 0 0 0 0 0 0 0 0 0 0 0 0 0 0 0 0 0 0 0 0 0 0 0 0 0 0 0 0 0 0 0 0 0 0 0 0 0 0 0 0 512 0 0 0 0 0 524288 0 0 0 0 0 0 0 0 0 0 0 0 0 0 0 0 0 0 134217728 0 0 0 67108864 0 0 0 0 0 0 0 0 0 0 0 0 0 0 0 0 0 0 0 0 0 0 0 0 0 0 0 0 0 0 0 0 0 4096 0 0 0 256 0 0 0 0 0 0 0 0 0 0 0 0 0 0 0 0 0 0 0 0 0 0 0 0 0 0 0 0 0 0 0 134217728 0 0 0 0 0 0 0 0 0 0 0 0 0 0 0 2 0 0 0 0 0 0 0 0 0 0 0 0 0 0 0 0 0 0 0 0 0 0 0 0 0 0 0 0 0 0 0 0 0 0 0 256 0 0 0 2097152 0 0 0 0 0 0 0 0 0 0 0 0 0 128 0 0 0 0 0 1073741824 0 0 0 0 0 0 0 1073741824 96 96 0 0 0 0 0 0 0 0 0 0 0 0 0 0 0 0 0 0 0 0 0 0 0 0 0 0 0 0 0 0 0 0 0 0 0 0 0 0 0 0 0 0 0 0 0 0 0 0 0 0 0 0 0 0 0 0 0 0 0 0 0 0 0 0 0 0 0 0 0 0 0 0 0 0 0 512 0 0 0 0 0 0 0 0 32 0 0 0 0 0 0 0 0 0 0 0 0 0 0 0 0 0 0 0 0 0 0 0 0 0 0 0 0 0 0 0 0 0 0 2 0 0 0 0 0 0 0 0 0 0 0 0 0 0 0 0 0 0 0 0 0 0 0 0 0 0 0 0 0 0 0 0 0 0 0 0 0 0 0 0 8 0 0 0 0 0 0 0 0 0 0 0 0 0 0 0 0 0 0 0 0 0 0 0 0 0 0 0 0 0 0 0 0 0 0 0 0 0 0 0 0 0 0 0 0 0 0 0 0 0 0 0 0 0 0 0 0 0 0 0 0 4194304 0 0 1048576 0 0 0 0 0 0 0 0 0 0 0 0 0 0 0 0 0 0 0 0 0 0 0 32768 0 0 0 0 0 0 0 0 0 0 0 0 8 0 0 0 0 268435456 0 0 0 0 0 0 0 0 0 0 0 0 0 0 0 0 0 0 0 0 0 0 0 0 0 0 0 0 0 0 0 0 0 0 0 0 0 0 0 0 1024 0 0 0 0 0 0 0 0 0 0 0 0 0 0 0 0 0 0 0 0 0 0 0 0 0 0 0 0 0 0 0 0 0 0 0 0 0 0 0 0 0 0 0 0 0 0 0 0 0 0 0 0 0 0 0 0 0 0 0 0 0 0 0 0 0 0 0 0 0 0 0 0 0 0 0 256 0 0 0 0 0 0 0 0 0 0 0 0 0 0 0 0 0 0 0 0 0 0 0 0 0 16777216 0 0 0 0 0 0 0 0 0 0 0 0 0 0 0 0 512 524288 0 0 0 0 0 0 0 0 0 0 0 0 0 0 0 0 0 0 0 0 0 0 0 0 0 0 0 0 0 0 0 0 0 0 0 0 0 0 0 0 0 0 0 0 0 0 0 4096 0 0 0 0 0 0 0 0 0 0 0 0 0 0 0 0 32768 0 8 0 0 0 0 0 0 0 0 0 0 0 2147483648 0 0 0 0 0 0 0 0 0 0 0 0 0 0 0 0 0 0 0 0 0 0 0 0 0 0 0 0 0 0 0 0 0 0 0 0 0 0 0 0 0 12582912 0 0 0 0 0 0 0 0 0 0 0 0 0 0 0 0 33554432 0 0 0 0 0 0 0 0 67108864 524288 0 0 0 0 0 0 4096 0 0 0 0 0 0 0 0 0 0 0 0 0 0 0 0 0 0 0 0 0 0 0 0 0 0 0 0 0 0 0 0 2048 0 0 0 0 0 0 0 0 0 0 0 32 0 0 0 0 0 0 0 0 0 0 0 0 65536 0 0 524288 0 0 0 0 0 0 0 0 0 0 0 0 0 0 0 0 0 0 0 0 0 0 0 0 0 64 0 0 0 0 0 0 33554432 0 0 0 0 0 0 0 0 0 0 0 0 0 0 0 0 0 0 0 0 2048 0 0 0 0 0 0 0 0 0 0 0 0 0 0 0 0 2147483648 0 0 0 0 0 0 0 0 0 0 0 0 0 0 0 0 0 0 0 0 0 0 0 0 0 0 0 0 0 0 0 0 0 0 0 0 0 0 0 0 0 0 0 0 0 0 0 0 0 0 0 0 0 0 0 0 0 0 0 0 0 0 0 0 0 0 0 0 0 0 0 0 0 0 0 0 0 0 32768 0 0 0 0 0 0 0 0 0 0 0 0 0 0 0 0 0 0 0 0 0 0 0 0 0 0 0 0 0 0 0 0 0 0 0 0 2097152 0 0 0 0 0 0 0 0 0 0 0 0 0 16 0 0 0 0 0 0 0 0 0 0 0 0 0 0 0 0 0 0 0 0 0 0 0 0 0 0 0 0 0 0 0 0 0 0 0 0 0 0 0 0 0 0 0 0 0 0 0 0 0 0 0 0 0 0 0 0 0 0 0 0 0 0 0 2147483648 0 0 0 0 0 0 0 0 0 0 0 0 0 0 0 0 0 0 0 0 0 0 0 0 0 0 0 0 0 0 0 0 0 0 0 0 0 0 0 0 0 0 0 0 0 0 0 0 0 0 0 0 0 0 0 0 0 0 0 0 0 0 0 0 0 0 0 0 0 0 0 0 0 0 0 0 0 0 0 0 0 0 0 0 0 0 0 0 0 0 0 0 0 0 0 0 0 0 0 0 0 0 0 0 0 0 0 0 0 0 0 0 0 0 0 0 0 0 0 0 0 0 0 0 0 0 0 0 0 0 0 0 0 0 0 0 0 0 0 0 0 0 0 0 0 0 0 0 0 0 0 0 0 0 0 0 0 0 0 0 0 0 0 0 0 0 0 67108864 0 0 0 0 0 0 0 0 0 0 0 0 0 0 0 0 0 0 0 0 0 0 0 0 0 0 0 0 0 0 0 0 0 0 0 0 0 0 0 0 0 0 0 0 0 0 0 0 0 0 0 0 0 0 0 0 0 0 0 0 0 0 4 0 0 0 0 0 0 0 0 0 0 0 0 0 0 0 0 0 0 0 0 0 0 0 0 0 0 2129920 0 0 0 0 0 0 0 0 1048576 0 0 0 0 0 0 0 0 0 0 1048576 0 0 0 0 0 0 0 0 0 0 0 0 0 0 0 0 0 0 0 8 0 0 0 0 0 0 8192 1073741824 0 0 0 1048576 0 0 0 0 16 0 0 0 0 0 0 0 0 0 16384 0 0 0 0 0 0 0 0 0 0 0 0 0 0 0 0 0 0 0 0 0 0 0 0 0 0 0 0 4194304 1073741824 0 2097152 0 0 0 0 0 0 0 0 0 0 0 0 0 0 0 0 0 0 0 0 512 0 0 0 0 0 2097152 0 0 0 0 0 0 0 0 0 0 0 0 0 0 0 0 536870912 0 0 0 0 0 0 0 0 0 0 0 0 262144 0 0 0 0 0 0 0 0 0 0 0 0 0 0 0 0 134217728 0 0 0 0 0 0 0 0 0 0 0 0 0 0 0 0 0 0 0 16777216 0 0 0 0 256 0 0 0 0 0 0 0 0 0 0 0 0 0 67108864 0 0 0 0 0 0 1 0 0 0 0 0 0 0 0 0 0 0 0 0 0 0 0 0 0 0 32768 0 0 0 0 0 0 0 0 0 0 0 0 0 0 0 0 32 0 0 0 0 0 0 0 524288 0 2048 2189557776 541851648 2214592547 1413484672 34816 4096 256 33816577 10485760 0 131072 262176 528 1677721600 4194817 24 128 141037600 256 8388608 0 268509184 2183135296 526545 0 0 0 0 0 0 0 0 0 0 0 0 0 0 0 0 0 0 0 0 0 0 0 0 0 0 0 0 0 0 0 0 0 0 0 0 0 0 0 0 0 0 0 0 0 0 0 0 0 0 0 0 0 0 0 0 0 0 0 0 0 0 0 0 0 0 0 0 0 0 0 0 0 0 0 0 0 0 0 0 0 0 0 0 0 0 0 0 0 0 0 0 0 0 0 0 0 0 0 0 0 0 0 0 0 0 0 0 0 0 0 0 0 0 0 0 0 0 0 0 0 0 0 0 0 0 0 0 0 0 0 0 32768 0 0 0 0 0 0 0 0 0 0 0 0 0 0 0 0 0 0 0 0 0 0 0 0 0 0 0 0 0 0 0 0 0 0 0 0 0 0 0 0 0 0 0 0 0 0 2097152 0 0 0 0 0 0 0 0 0 0 1073741824 0 0 0 65536 0 0 0 0 0 0 0 0 0 0 0 0 0 0 0 0 0 0 0 0 0 0 0 0 0 0 0 0 0 0 0 0 0 0 0 0 0 0 0 0 0 0 0 0 0 0 0 0 0 0 0 0 0 0 0 0 0 0 0 0 0 0 0 0 0 0 0 0 0 0 0 0 0 0 0 0 0 0 0 0 0 0 0 0 0 0 0 0 0 0 0 0 0 0 0 0 64 0 0 0 0 0 0 0 0 0 0 0 0 0 0 0 0 0 0 0 0 0 0 0 0 0 0 0 0 0 0 0 0 0 0 0 0 0 0 0 0 0 0 0 0 0 0 0 0 0 0 536870912 0 0 0 0 0 0 0 0 0 0 0 0 0 0 0 0 0 0 0 0 0 0 0 0 0 0 0 0 0 0 0 0 0 0 0 0 0 0 0 0 0 0 0 0 0 0 0 0 0 0 0 0 0 0 0 0 0 0 0 0 0 0 0 524288 0 0 0 0 0 0 0 0 0 0 0 0 0 0 0 0 0 0 0 0 0 0 0 0 0 0 0 0 0 0 0 0 0 0 0 0 0 0 0 0 0 0 0 0 0 0 0 0 0 0 0 0 0 0 0 0 0 0 0 0 0 0 0 0 0 0 4194304 0 0 0 131072 0 2048 8388608 0 0 0 0 0 0 0 0 0 2147483648 0 0 0 0 0 0 0 0 0 4096 0 0 0 0 0 0 0 0 0 0 0 0 0 0 0 0 0 0 0 0 0 0 0 0 0 0 0 0 0 0 0 0 2147483648 0 0 8192 0 0 131072 0 0 0 0 0 0 0 0 0 0 0 0 0 0 0 0 0 0 0 0 0 0 0 0 0 0 128 0 0 0 0 0 0 0 0 0 0 0 0 16777216 0 0 0 0 0 0 0 0 2048 0 0 0 0 1048576 0 0 8192 0 0 0 0 0 0 0 0 0 0 1050624 0 0 0 0 0 0 0 0 0 0 0 0 0 0 0 0 0 0 0 0 0 0 0 0 0 0 0 0 0 0 0 2048 0 0 0 0 0 0 1048576 0 0 0 0 0 0 0 0 0 4096 0 0 536870912 0 0 0 0 0 0 0 0 0 0 0 16384 0 0 0 0 0 0 0 0 0 2048 0 0 0 512 0 0 134217728 65536 0 0 0 0 0 0 0 0 0 0 0 0 0 0 0 0 0 0 0 2097152 0 0 0 0 0 0 0 0 0 0 0 0 0 0 0 0 0 0 0 0 0 0 0 2097152 0 0 0 0 0 0 0 0 0 0 0 0 0 0 0 0 0 0 512 0 0 0 0 0 0 0 0 0 0 0 0 0 0 0 0 0 0 0 0 0 0 0 0 0 0 0 0 0 0 0 0 0 0 0 0 0 0 0 0 0 0 0 0 0 0 131072 0 0 0 0 0 0 0 0 0 0 0 0 0 0 0 0 0 0 0 0 0 0 0 0 0 0 0 0 0 0 0 0 0 0 0 0 0 0 0 0 0 0 0 0 0 0 0 0 0 0 0 0 0 0 0 0 0 0 0 0 0 0 0 0 0 0 0 0 0 0 0 0 0 0 1024 0 0 0 0 0 67108864 4096 0 0 0 8192 0 0 0 0 0 0 0 0 0 0 0 0 0 0 0 0 0 0 0 0 0 0 0 16777216 0 0 0 0 0 0 0 0 0 0 0 0 0 0 0 0 0 0 0 0 0 0 0 0 131072 0 0 0 0 0 0 0 0 0 0 0 0 0 1073741824 0 0 0 0 0 0 4 0 0 0 0 0 0 0 0 0 0 0 0 0 0 0 0 0 0 0 0 0 0 0 0 0 0 0 0 0 0 0 0 0 0 0 0 0 0 0 0 0 0 0 0 0 0 0 0 0 0 0 0 0 0 0 0 0 0 0 0 0 134217728 0 0 0 0 0 0 0 0 0 0 0 0 0 0 0 0 0 0 0 0 0 0 0 0 0 0 0 0 0 0 0 0 0 0 0 0 0 0 0 0 0 0 0 8388608 0 0 0 0 0 0 0 0 0 0 0 0 0 0 0 0 0 0 0 0 0 0 0 0 0 0 0 32 0 0 0 0 0 0 0 0 0 0 0 0 0 0 0 0 0 0 0 0 0 0 0 0 0 0 0 0 0 0 0 0 0 0 0 0 0 0 0 0 0 0 0 0 0 0 0 0 0 0 0 0 0 0 0 0 0 0 0 0 0 0 0 0 0 0 0 0 0 0 0 0 131072 0 0 8192 0 4096 0 0 0 0 16 0 0 0 0 0 0 0 0 0 0 0 0 32768 2097152 0 0 0 0 0 0 0 0 0 1073741824 0 0 0 0 0 0 0 0 0 0 0 67108864 0 0 0 0 0 0 0 0 0 0 0 0 0 0 0 0 0 16 0 0 0 0 0 0 0 0 0 0 0 0 0 0 0 0 0 0 0 0 0 0 0 0 0 0 0 0 0 0 0 0 0 0 0 0 0 0 0 0 0 0 0 0 0 0 0 0 0 0 0 0 0 0 0 0 0 0 0 0 0 0 0 0 128 512 0 0 0 0 0 0 0 0 0 0 0 0 8 0 0 335544320 0 0 0 0 0 0 0 0 0 0 0 0 0 0 0 0 0 0 0 0 0 0 0 0 0 0 0 0 0 0 0 0 0 0 0 0 0 0 16 0 0 0 0 0 0 0 0 524288 0 0 0 0 0 0 0 0 0 0 0 0 0 0 0 0 0 0 0 0 0 0 0 0 0 0 0 0 0 0 0 0 0 0 0 0 0 0 0 0 0 0 0 32768 0 0 0 65536 4194304 0 0 0 0 0 0 0 0 0 0 0 0 0 0 0 536870912 0 0 0 0 0 0 0 0 0 0 0 0 0 0 0 0 0 0 0 0 0 0 0 0 0 0 0 0 0 0 0 0 0 0 0 0 0 0 0 0 0 0 0 0 0 0 0 0 0 0 0 0 0 0 0 0 0 0 0 0 0 0 0 0 0 0 0 1048576 0 0 0 131072 0 0 0 0 0 0 0 0 0 0 0 0 0 0 0 0 0 0 0 0 0 0 0 0 0 0 0 0 0 0 0 0 0 0 0 0 0 0 0 0 0 0 0 0 16384 0 0 0 0 0 0 0 0 0 0 0 0 0 0 0 0 0 0 0 0 0 0 0 0 0 0 0 0 0 0 0 0 0 0 0 512 0 0 0 0 0 0 0 0 0 0 0 0 0 0 0 0 0 0 0 0 0 0 0 0 0 0 0 0 0 0 0 0 0 0 0 0 0 0 0 0 0 0 0 0 0 0 0 0 0 0 0 0 0 0 0 0 0 0 0 0 0 0 0 0 0 0 0 0 0 0 0 0 0 0 0 0 0 0 0 0 0 0 0 0 0 0 0 0 0 0 0 0 0 0 0 0 0 0 0 0 0 0 0 0 0 0 0 0 0 0 0 0 0 0 0 0 0 0 0 0 0 0 0 0 0 0 0 0 0 0 0 0 131072 0 0 0 0 0 0 0 0 0 0 0 0 512 0 0 0 0 0 0 0 0 0 0 0 0 0 0 0 0 0 0 16777216 0 0 0 0 0 0 0 0 0 0 0 0 0 0 0 0 0 0 0 0 0 0 2097152 0 0 0 0 0 0 0 0 0 0 0 0 0 0 0 0 0 0 0 0 0 0 0 0 0 0 0 0 0 256 0 0 0 0 0 0 0 0 0 0 0 0 0 0 0 0 0 0 0 0 0 0 0 0 0 0 0 0 0 0 0 0 0 0 1024 0 0 0 0 0 0 0 0 0 0 0 0 0 0 0 0 8200 0 0 0 0 0 0 0 0 0 0 0 0 0 0 0 0 0 0 0 0 0 0 0 0 0 0 0 0 0 0 0 1048576 0 0 0 0 0 0 0 0 0 0 0 0 0 16777216 0 0 0 0 1073741824 64 0 0 0 0 4096 32768 0 0 0 536870912 0 0 0 0 0 0 0 0 0 0 0 0 0 0 0 0 0 0 0 0 0 0 0 0 0 0 0 0 0 0 0 0 0 0 0 0 0 0 0 0 0 0 0 0 0 0 0 0 0 0 0 0 0 8192 0 0 0 0 0 0 0 0 0 0 0 0 0 524288 0 0 0 0 0 0 0 0 0 0 0 0 0 0 0 0 0 0 0 0 0 0 0 0 0 0 0 0 0 0 0 0 0 0 0 0 0 0 2048 0 0 0 0 0 0 0 0 0 0 0 0 0 0 0 0 0 0 0 0 0 0 0 0 0 0 0 0 0 32 0 0 0 0 0 0 0 0 0 0 0 0 0 0 0 16 0 0 0 0 0 0 0 0 0 0 67108864 0 0 0 0 0 0 0 0 0 0 0 0 0 0 0 0 0 0 0 0 0 0 0 0 16 0 0 0 0 0 0 0 0 0 0 0 0 0 2048 0 0 0 0 0 65536 0 0 0 0 0 0 0 0 0 0 0 0 0 0 0 0 0 0 0 0 0 0 0 0 0 0 0 0 0 0 0 0 0 0 0 0 0 0 0 0 0 0 0 0 0 0 0 0 0 0 0 0 0 0 0 0 0 0 0 0 0 0 0 0 0 0 0 0 0 0 0 0 0 0 0 0 0 0 0 0 0 0 0 0 0 0 0 0 0 0 0 0 0 0 0 0 0 0 0 0 0 0 1073741824 0 0 0 0 0 0 0 0 0 0 0 0 0 0 0 1024 0 0 0 0 0 0 0 0 0 0 0 0 0 0 0 0 0 0 0 0 0 0 0 0 0 0 0 0 0 0 0 0 0 0 0 0 0 0 0 0 0 0 0 0 4194304 0 64 0 0 0 0 0 0 0 0 0 0 0 0 0 0 0 0 0 0 0 0 0 0 0 0 0 0 0 0 0 0 0 0 0 0 0 131072 0 0 0 0 0 0 0 0 0 0 0 0 0 0 0 0 0 0 0 0 0 0 0 0 0 0 0 0 0 0 0 0 0 0 0 0 0 0 0 0 0 0 0 0 0 0 524288 0 0 0 0 0 0 0 0 0 32768 0 0 0 0 0 0 0 0 0 0 0 0 0 0 64 0 0 0 0 0 0 0 0 0 0 0 0 0 0 0 0 0 256 0 0 0 0 0 0 0 0 0 0 0 0 0 0 0 0 0 0 0 0 0 0 0 0 0 0 0 0 0 0 0 0 0 0 0 0 0 0 0 0 0 0 0 0 0 0 0 0 0 0 0 0 0 0 0 0 0 0 0 0 0 0 0 0 0 0 0 0 0 0 0 0 0 0 0 0 0 0 0 0 0 0 0 0 0 0 0 0 0 0 0 0 0 0 0 0 0 0 0 0 0 0 0 0 0 0 0 0 0 0 0 0 0 0 0 0 0 0 0 0 0 0 0 0 0 0 0 0 0 0 0 0 0 0 128 0 0 1024 0 0 0 0 0 0 0 0 0 0 0 0 0 0 0 0 0 0 0 0 0 0 0 0 0 0 0 0 0 0 0 0 0 0 0 0 0 0 0 0 0 0 0 0 0 0 0 0 0 256 0 131072 0 0 0 0 0 0 0 536871168 0 0 0 0 0 18 0 0 67108864 0 256 0 0 0 0 0 0 0 0 0 0 0 0 132 0 0 0 0 0 0 0 0 0 0 0 0 0 0 0 0 0 0 0 0 0 0 0 0 0 0 0 0 0 0 0 0 0 0 0 0 0 0 0 0 0 0 0 0 0 0 0 0 0 0 0 0 0 16777216 0 0 0 0 0 0 0 0 0 0 0 0 0 0 0 0 0 0 0 0 0 0 0 0 0 0 0 524288 0 0 0 0 0 0 0 0 0 0 0 0 0 0 0 0 0 0 0 0 0 0 0 0 0 0 0 0 0 0 0 0 0 0 0 32768 0 0 0 0 2097152 4 0 0 0 0 512 0 0 0 0 0 0 0 0 0 0 0 0 0 0 0 0 0 0 0 0 0 0 0 0 0 0 0 0 0 0 0 0 0 0 0 0 0 0 0 4096 0 0 0 0 0 0 0 0 0 0 0 0 0 0 0 0 0 0 0 0 0 0 0 0 0 0 0 0 4096 0 0 4 0 0 0 0 1073741824 0 0 0 0 1073741824 76 2147485760 76026112 16640 67113056 66560 132 1224769536 2097152 16 1073741840 294928 32780 0 2101248 34111504 33554432 1073823744 805437444 1082130432 1 1149304832 32769 164886 2147483664 536870912 68684800 9 21266440 135532544 0 32768 2097156 310378496 537006081 32786 1077940236 1210583048 4128 8390656 524801 81920 65665 1073774592 0 539033600 545783808 131072 0 0 0 0 0 0 0 0 0 0 0 0 0 0 0 0 0 0 0 0 0 0 0 0 0 0 0 0 0 0 0 0 0 0 0 0 0 0 0 0 0 0 0 0 0 0 0 0 0 0 0 2097152 0 0 0 0 0 0 0 0 0 0 0 0 0 0 0 0 0 0 0 0 0 0 0 0 0 0 0 0 0 0 0 0 0 0 0 0 0 0 0 0 0 0 0 0 0 0 0 0 0 0 0 0 0 0 0 0 0 0 0 0 0 0 0 2097152 0 0 0 0 0 0 0 0 0 0 0 0 0 512 0 0 0 0 0 0 0 0 0 0 0 0 0 0 0 0 0 0 0 0 0 0 0 0 0 0 0 0 0 0 8 0 0 0 0 0 0 0 0 0 0 0 0 0 0 0 0 0 0 0 0 0 0 0 0 0 0 0 0 0 0 0 0 0 16 0 0 1073741824 0 0 0 0 0 0 0 0 0 0 0 0 0 0 0 0 0 0 0 0 0 0 0 0 0 0 0 0 0 0 0 0 0 0 0 0 0 0 0 0 0 0 0 0 0 0 0 0 0 0 0 0 0 0 0 0 0 0 0 0 0 0 0 0 0 0 0 0 0 0 0 0 0 0 0 0 0 0 0 0 0 0 0 0 0 0 0 0 0 0 0 0 0 0 0 0 0 0 0 0 0 0 0 0 0 0 0 0 0 0 0 8 0 0 0 0 0 0 0 0 0 0 0 0 0 0 0 0 0 0 0 0 0 0 0 0 0 0 33554432 0 0 0 0 0 0 0 0 0 0 0 0 0 0 0 0 0 0 0 0 0 0 0 0 0 131072 0 0 0 0 0 0 0 0 0 0 0 0 0 0 0 0 0 0 0 0 0 0 0 0 0 0 0 0 0 0 0 0 0 0 0 0 0 0 0 0 0 0 0 0 0 0 0 0 0 0 0 0 0 0 0 0 0 0 0 0 0 0 0 0 0 0 0 0 0 0 0 0 0 0 16384 0 0 0 0 0 0 0 0 0 0 0 0 0 0 0 0 0 0 0 0 0 0 0 0 0 0 0 0 0 0 0 0 0 0 0 0 0 4096 0 0 0 0 0 0 0 0 0 4194304 0 16777216 0 0 0 0 0 0 0 0 0 0 0 0 0 0 0 0 0 67108864 0 0 0 0 0 0 0 0 0 0 0 0 0 0 0 0 0 0 0 0 0 2147483648 0 0 64 0 0 0 0 0 0 0 0 0 0 0 0 0 0 0 0 0 0 0 0 0 0 0 1073741824 0 0 0 4 0 0 0 0 0 0 0 0 0 0 0 0 0 0 0 0 0 0 0 0 65536 0 0 0 0 0 0 0 0 0 0 0 0 0 0 4096 2 0 0 0 0 0 0 0 0 0 0 0 0 0 0 0 0 0 0 0 0 0 0 0 0 0 0 0 0 0 0 0 0 0 0 0 0 0 0 0 0 0 0 0 67108864 0 0 0 0 0 0 0 0 0 0 0 0 0 0 0 0 0 0 134217728 0 0 0 0 0 0 0 0 0 0 0 0 2 0 2097152 0 0 0 0 0 0 0 2415919104 0 16 0 0 0 0 0 0 0 0 0 0 0 0 0 2048 0 0 0 0 0 0 0 0 0 0 2099200 0 8192 0 0 0 0 0 0 0 0 0 0 0 0 0 0 0 4 0 0 0 0 0 0 0 0 0 0 0 0 0 0 0 0 0 0 0 0 0 0 0 0 0 0 0 0 0 0 0 0 0 0 0 0 0 0 0 0 0 0 0 0 0 0 0 0 0 0 0 0 0 0 0 0 0 0 0 0 0 0 0 0 0 0 0 0 32768 0 0 0 8388608 0 0 0 0 0 0 0 0 0 0 0 0 0 0 0 0 0 0 0 0 0 0 0 0 0 0 0 0 0 0 0 0 0 0 0 0 0 0 0 0 0 0 0 0 0 0 0 0 0 0 0 0 0 0 0 0 0 0 0 0 0 0 0 0 0 0 0 0 0 0 0 0 0 0 0 0 0 0 8388608 0 0 0 0 0 0 0 0 0 0 0 0 0 0 0 0 0 0 0 0 0 0 0 0 0 0 0 0 0 0 0 0 0 0 0 0 0 0 0 0 0 0 0 0 0 0 0 0 0 0 0 0 0 0 0 0 0 0 0 0 0 0 33554432 0 0 0 0 0 0 0 0 0 0 0 0 0 0 0 0 0 0 0 0 0 0 0 0 0 0 0 0 0 0 0 0 0 0 0 0 0 0 0 0 0 0 0 0 0 0 0 0 0 0 0 0 0 0 0 0 0 0 0 0 0 0 0 0 0 0 0 0 0 0 0 0 0 0 0 0 0 0 0 0 0 0 0 0 0 0 0 0 0 0 0 0 0 0 0 0 0 0 0 0 0 0 0 0 0 0 0 0 0 0 0 0 0 0 0 0 0 0 0 0 0 0 0 0 0 0 0 0 0 0 0 0 0 0 0 0 0 0 0 0 0 0 0 0 0 0 0 0 0 0 0 0 0 0 0 0 0 0 0 0 0 0 0 0 0 0 0 0 0 0 0 0 0 0 0 0 0 0 0 0 0 0 0 0 0 0 0 0 0 0 0 0 0 0 0 0 0 0 0 0 0 0 0 0 0 0 0 0 0 0 0 0 0 0 0 0 0 0 0 1024 0 0 0 0 0 0 0 0 0 0 0 0 0 0 0 0 0 0 0 0 0 0 0 0 64 0 0 0 0 0 32 0 0 0 0 0 0 0 0 0 0 0 0 0 0 0 0 131072 0 0 0 0 0 0 0 0 0 0 4194304 16777216 0 0 0 0 0 0 0 0 0 0 0 0 0 0 0 0 0 0 0 0 0 0 268435456 0 0 0 0 0 0 0 0 0 0 0 1 0 0 0 0 0 0 0 0 0 0 0 268435456 0 0 8388608 0 512 0 0 0 0 1 0 0 0 0 0 0 0 0 0 0 0 0 0 0 0 0 0 0 524288 0 134217728 0 0 0 0 0 0 0 0 0 131072 32768 0 0 0 0 0 0 0 0 0 256 0 0 0 0 0 0 0 0 0 0 0 0 512 0 0 0 0 0 0 4096 0 0 0 0 0 0 65536 0 0 0 0 0 0 0 0 0 0 0 0 0 0 0 0 0 0 0 0 0 0 0 0 0 0 0 0 0 0 0 0 0 1024 0 0 0 0 0 0 0 0 0 0 0 0 0 0 0 2 0 0 0 0 0 0 6291456 0 0 0 0 4194304 0 0 0 262144 0 0 0 0 0 0 0 0 0 0 0 0 0 0 0 0 0 0 524288 67108896 2684354608 524384 1048584 403706624 134217760 0 262144 0 77070336 2149613568 265360 0 0 0 0 0 0 0 0 0 0 0 0 0 0 0 0 0 0 0 0 0 0 0 0 0 0 0 0 0 0 0 0 0 0 0 0 0 0 0 0 0 0 0 0 0 0 0 0 0 0 0 0 0 0 0 0 0 0 0 0 0 0 0 0 0 0 0 0 0 0 0 0 0 0 0 0 0 0 16384 0 0 0 0 0 0 0 0 0 0 0 0 0 0 0 0 0 0 0 0 0 0 0 0 0 0 0 0 0 0 0 0 0 0 0 0 0 0 0 0 0 0 0 0 0 0 0 0 0 0 0 0 0 0 0 0 0 0 0 0 0 0 0 0 0 0 0 0 0 0 0 0 0 0 0 0 0 0 0 0 0 0 0 0 0 0 0 0 0 0 0 0 0 0 0 0 0 0 0 0 0 0 0 0 0 0 0 0 0 0 0 0 0 0 0 0 0 0 0 0 0 0 0 0 0 0 0 0 0 0 0 0 0 0 0 0 0 32768 0 0 0 0 0 0 0 0 0 0 0 0 0 0 0 0 0 0 0 0 0 0 0 0 0 0 0 0 0 0 0 0 0 0 0 0 0 0 0 0 0 0 0 0 0 0 0 0 0 0 0 0 0 0 0 0 0 0 0 0 0 0 0 0 0 0 0 0 0 0 0 0 0 0 0 0 0 0 0 0 0 0 131072 8192 0 0 0 0 0 0 0 0 0 0 0 0 0 0 0 0 0 0 0 0 0 0 0 0 536870912 0 0 0 0 0 0 0 0 0 0 0 0 0 0 1048576 0 0 0 0 0 0 0 0 0 0 0 0 0 0 0 0 0 0 0 0 0 0 0 0 0 0 0 0 0 0 0 0 0 0 0 0 0 0 0 0 0 0 0 0 0 0 0 0 0 0 0 0 0 0 0 0 0 0 0 0 0 0 0 0 0 0 0 0 0 0 0 0 0 0 0 0 0 0 0 0 0 0 0 0 0 0 0 0 0 0 0 0 0 0 0 0 0 0 0 0 0 0 0 0 0 0 0 0 0 0 65536 0 0 0 0 0 0 0 0 0 0 0 0 0 0 0 0 0 0 0 0 0 0 1024 8388640 0 0 0 0 268435456 0 0 67108864 0 0 0 0 4096 0 0 0 262144 0 0 0 32 0 0 64 0 0 0 0 0 0 0 0 0 0 0 8 0 0 0 0 0 0 0 0 0 0 0 0 0 0 0 2 536870912 0 0 0 0 0 0 0 0 0 0 0 0 0 0 0 0 0 16777216 0 0 0 0 0 0 0 67108864 0 0 0 0 0 0 0 65536 0 32 0 0 0 0 0 0 0 0 0 0 0 0 0 0 0 0 0 0 0 0 0 0 0 0 0 0 0 0 0 0 0 0 16 0 0 0 0 0 0 0 0 0 0 0 0 0 0 0 0 0 0 0 0 0 0 0 0 0 0 0 0 0 0 0 0 0 0 0 0 0 0 0 2048 0 0 0 0 0 0 0 0 0 0 0 0 0 0 0 0 0 0 0 0 0 0 0 0 0 0 0 0 0 0 0 0 0 0 0 0 0 0 1 16777216 0 0 0 0 0 0 0 0 0 0 0 64 0 0 0 128 16777216 0 0 0 0 0 0 0 0 0 0 0 0 0 0 0 0 0 1073741824 4096 1090523264 32899 268468232 537920584 2 105381888 19005504 0 4104 570425344 4608 131072 134217984 1048576 8192 8946496 271360 34734084 2049 2228224 0 2734686464 142606862 10244 3254779920 167789632 8390656 135267094 0 2048 0 2147483648 2625536 536870920 131345 4 32840 1107296257 64 546603073 1048642 1073823776 524288 135299072 0 6291456 536871040 1160 0 0 0 0 0 0 0 0 0 0 0 0 0 0 2 0 0 0 0 0 0 0 0 0 0 0 0 0 0 0 0 0 0 0 0 0 0 0 0 0 0 0 0 0 0 0 0 0 0 0 0 0 0 0 0 0 0 0 0 0 0 0 0 0 0 0 0 0 0 134217728 0 0 0 0 0 0 0 0 0 0 0 0 0 0 0 0 0 0 0 0 0 0 0 0 0 0 0 0 0 0 0 0 0 0 0 1024 0 0 0 0 0 0 0 0 0 0 0 0 0 0 0 0 0 0 0 0 0 0 0 0 0 0 0 0 0 0 0 0 0 0 0 0 0 0 0 0 0 0 0 0 0 0 0 0 0 0 0 0 0 0 0 0 0 0 0 0 0 0 0 0 0 0 0 0 0 0 0 0 0 0 0 8 0 0 0 0 0 0 0 0 0 0 0 0 0 0 0 0 0 0 0 0 0 0 0 0 0 0 0 0 0 0 0 0 0 0 0 0 0 0 0 0 32768 0 0 0 0 0 0 0 0 0 0 0 0 0 0 0 0 0 0 0 0 0 0 0 0 0 0 0 0 0 0 0 0 0 0 0 0 0 0 0 0 0 0 0 0 0 0 0 0 0 0 0 0 0 0 0 0 0 0 0 0 0 0 0 0 0 0 0 0 0 0 0 0 0 0 0 0 0 0 0 0 0 0 0 0 0 0 0 0 0 0 0 0 0 0 0 0 0 0 0 0 0 0 0 0 0 0 0 0 0 0 0 0 0 0 67108864 0 0 0 0 0 0 0 0 0 0 0 0 0 0 0 0 0 0 0 0 0 0 0 0 0 0 0 0 0 0 0 0 0 0 0 0 0 0 0 0 0 0 0 0 0 0 0 0 0 0 0 0 0 0 0 0 0 0 0 0 0 0 0 0 0 0 0 0 0 0 0 0 0 0 0 0 0 0 0 0 0 0 0 0 0 0 0 0 0 0 8388608 0 0 67108864 0 32768 0 0 0 0 0 0 0 0 0 0 0 0 0 0 0 0 0 0 0 1073741824 134217728 0 0 0 0 0 0 0 0 0 0 0 0 0 0 0 0 0 0 0 0 0 0 0 0 0 128 0 0 0 0 0 0 8192 0 16384 0 0 0 0 0 0 0 0 0 16 0 0 0 0 0 0 0 0 0 0 0 0 0 128 0 0 0 0 0 0 0 0 0 0 0 0 0 0 0 0 0 0 0 0 0 0 0 0 0 1024 0 0 0 0 0 0 0 0 0 0 0 0 0 0 0 0 0 0 0 131072 0 0 0 0 0 0 0 0 0 0 0 0 0 0 0 0 0 0 0 0 0 0 0 0 0 0 0 0 0 0 0 0 0 0 0 0 0 0 0 0 0 0 0 0 0 0 0 0 0 32 0 0 0 0 0 0 0 0 0 0 0 0 0 0 0 0 0 0 0 0 0 0 0 0 0 0 0 0 0 0 4096 512 0 0 0 16777216 0 0 0 4096 0 0 16 0 0 0 0 0 0 524288 0 0 0 0 0 0 0 0 0 0 0 0 0 256 0 0 0 0 0 2147483648 0 0 0 0 0 32768 0 0 0 16 0 0 0 0 32768 0 0 0 0 0 0 0 0 0 0 0 0 0 0 0 0 0 32768 0 0 0 0 0 0 0 512 1069568 16842769 134222080 16392 134217771 12648448 16384 1073741824 0 271057408 512 590338 4 0 0 0 0 0 0 0 0 0 0 0 0 0 0 0 0 0 0 0 0 0 0 0 0 0 0 0 0 0 0 0 0 0 0 0 0 0 0 0 0 0 0 0 0 0 0 0 0 0 0 0 0 0 0 0 0 0 0 0 0 0 0 0 0 0 0 0 0 0 0 0 0 0 0 0 0 0 0 0 0 0 0 0 0 0 0 0 0 0 0 0 0 0 0 0 0 0 0 0 0 0 0 0 0 0 0 0 0 0 0 0 0 0 0 0 0 0 0 0 0 0 0 0 0 0 0 0 0 0 0 0 0 0 0 0 0 0 0 0 0 0 0 0 0 0 0 0 0 0 0 0 0 0 0 0 0 0 0 0 0 0 0 0 0 0 0 0 0 0 0 0 0 0 0 0 0 0 0 0 0 0 0 0 0 0 0 0 0 0 0 0 0 0 0 0 0 0 0 0 0 0 0 0 0 0 0 0 0 0 0 0 0 0 0 0 0 0 0 0 0 0 0 0 0 0 0 0 0 0 0 0 0 0 0 0 0 0 0 0 0 0 0 0 0 0 0 0 0 0 0 2048 0 0 0 0 0 0 0 0 0 0 0 0 0 0 0 0 0 0 0 0 0 0 0 0 0 0 0 0 0 0 0 0 0 0 0 0 0 0 0 0 0 0 0 0 0 0 0 0 0 0 0 0 0 0 0 0 0 0 0 0 0 0 0 0 0 0 0 0 0 0 0 0 0 0 0 0 0 0 0 0 0 0 0 0 0 0 0 0 0 0 0 0 0 2 0 0 0 0 0 0 0 0 0 0 0 0 0 0 0 0 0 0 0 0 0 0 0 0 0 0 0 0 0 0 0 0 0 0 0 0 0 0 0 0 0 0 0 0 0 0 0 0 0 0 0 0 0 0 0 0 0 0 0 0 0 0 0 0 0 0 0 0 0 0 0 0 0 0 0 0 0 0 0 0 0 0 0 0 0 0 0 0 0 0 0 0 0 0 0 0 0 0 0 0 0 0 0 0 0 0 0 0 0 0 0 0 0 0 0 0 0 0 0 0 0 0 0 0 0 0 0 0 0 0 0 0 0 0 0 0 0 0 0 0 0 0 0 0 0 0 0 0 0 0 0 0 2 0 1048576 0 0 0 0 0 0 0 0 0 0 0 1 0 0 0 0 0 0 0 0 0 0 0 0 0 0 0 0 0 0 0 0 0 0 0 0 0 0 0 0 0 0 0 0 0 0 0 0 0 0 0 0 0 0 0 33554432 0 0 0 0 0 0 0 0 0 0 0 0 0 0 0 0 0 0 0 0 0 0 0 0 0 0 0 0 0 0 0 0 0 0 0 0 0 0 0 0 0 0 0 0 0 0 0 0 0 0 0 0 0 0 0 0 0 0 0 0 0 0 0 0 0 0 0 0 0 0 0 0 0 0 0 0 0 0 0 0 0 0 0 0 0 0 0 2048 0 0 0 0 0 0 0 0 2 0 0 0 2147483648 0 0 0 0 268435456 0 0 0 0 0 0 0 0 0 0 0 0 0 0 0 0 0 0 0 0 0 0 0 0 0 0 0 32768 0 0 0 0 0 0 0 0 0 0 0 0 0 0 0 0 0 0 0 0 1048576 0 0 0 0 0 0 0 2147483648 16 0 536870912 33591336 8388736 1152 4100 537001985 335560704 4194304 18087936 0 1141112832 360481 1568 1164 2181038083 16777280 87041 33554432 0 83927552 1073741824 0 1080033280 604012544 8716 1081504 268960323 268566656 5 805437445 603979776 1048640 524288 0 71303168 32768 271392 1087375360 268452416 268436488 1048706 1027604484 2751496192 1048576 524288 0 524288 1048577 2 4270080 136413320 1073741824 33556480 2415919104 3145856 268574720 4719616 4192 2147483648 134356994 2 2564 117440544 34263043 1048576 34603041 32 524288 134217728 268435456 2097152 539492400 65538 4 0 0 0 0 0 0 0 0 0 0 0 0 0 0 0 0 0 0 0 0 0 0 0 0 0 0 0 0 0 0 0 0 0 0 0 0 0 0 0 0 0 0 0 0 0 0 0 0 0 0 2048 0 0 0 0 0 0 0 0 0 0 0 0 0 0 0 0 0 0 0 0 0 0 0 0 0 0 0 0 0 0 0 0 0 0 524288 8388608 0 0 0 0 0 0 0 0 0 0 0 0 0 0 0 0 0 0 0 0 0 0 0 0 0 0 0 0 0 0 0 0 0 0 0 0 0 0 0 0 0 0 134217728 0 0 0 0 0 0 0 0 0 0 0 0 0 0 0 0 0 0 0 0 0 0 0 0 0 0 0 0 0 0 0 0 0 0 0 0 0 0 40960 0 0 0 0 0 0 0 0 0 0 0 0 0 0 0 0 0 0 0 0 0 0 0 0 0 0 0 0 1073741824 0 0 0 0 0 0 0 0 0 0 0 0 0 0 0 0 0 0 0 0 0 0 0 0 0 0 0 0 0 0 0 0 0 0 0 0 0 0 0 0 0 0 0 0 0 0 0 0 0 0 0 0 0 0 0 0 0 0 0 0 0 0 0 0 0 0 0 0 0 0 0 0 0 0 0 0 0 0 0 0 0 0 0 0 0 0 0 0 0 0 0 0 0 0 0 0 0 0 0 0 0 0 0 0 0 0 0 0 0 0 0 0 0 0 0 0 0 0 0 0 0 0 0 0 0 0 0 0 0 0 0 0 0 0 0 0 0 0 0 0 0 0 0 0 0 0 0 0 0 0 0 0 0 0 0 0 0 0 0 0 0 0 0 0 0 0 0 0 0 0 0 0 0 0 0 0 0 0 0 0 0 0 0 0 0 0 0 0 0 0 0 0 0 0 0 0 0 0 0 0 0 0 0 0 0 0 0 0 0 0 0 0 0 0 0 0 0 0 0 0 0 0 0 0 0 0 0 0 0 0 0 0 0 0 0 0 0 0 0 0 0 0 0 0 0 0 0 0 0 0 0 0 0 0 0 0 0 0 0 0 0 0 0 0 0 0 0 0 0 0 0 0 0 0 0 0 0 0 0 0 0 0 0 0 0 33554432 0 4194304 0 8388608 0 0 8192 0 2 32 0 0 0 0 0 0 0 0 0 0 0 0 262144 0 0 0 0 0 0 0 0 0 0 0 0 0 0 0 0 0 0 0 0 0 0 0 0 0 0 0 0 0 0 0 0 0 0 0 0 0 0 0 0 0 0 0 0 0 0 0 0 0 0 0 0 0 0 0 0 0 0 0 0 0 0 0 0 0 0 0 0 0 0 0 0 0 0 0 0 0 0 0 0 0 0 0 0 0 0 0 0 0 0 0 0 0 0 0 0 0 0 0 0 0 0 0 0 0 0 0 0 0 0 0 0 1048576 0 0 0 0 0 0 0 0 0 0 0 4 0 0 0 0 0 0 0 0 0 0 0 0 0 0 0 0 0 0 0 0 0 0 0 0 0 0 0 0 0 0 0 0 0 0 0 0 0 0 0 0 0 0 0 0 0 0 0 0 0 0 0 0 0 0 262144 0 0 64 0 0 0 0 0 0 0 0 0 0 0 0 0 0 0 0 512 0 0 0 262144 512 0 0 0 0 64 8404992 1207959568 151076930 4456467 2561 1610661888 1 525312 0 8388609 134217985 1024 2097728 42205187 134218754 33558528 1074823296 0 1074270224 134217730 0 1077936128 1073758336 92 268518656 4194816 1082130448 1210720512 67174400 2432696320 256 0 16 2248146952 40972 8224 16777280 337256448 295448 268435746 71827456 0 17170432 2097152 134217728 2097152 534529 553713664 8388640 18055680 65568 4096 2684354688 262656 525312 16777230 8388609 16791552 256 0 0 0 0 4194304 0 0 0 0 0 0 0 0 0 0 0 0 0 0 0 536870912 0 0 0 0 0 0 0 0 0 0 128 0 0 0 0 8192 0 0 0 0 0 0 0 0 0 0 0 0 0 0 0 0 0 0 0 0 0 0 0 0 0 0 0 0 0 0 0 0 0 0 0 0 0 0 0 0 0 0 0 0 0 0 0 0 0 0 0 0 0 0 0 131072 0 0 0 0 0 0 0 0 0 0 0 0 0 0 0 0 0 0 0 0 0 0 0 0 0 0 0 0 0 0 0 0 0 0 0 0 0 0 0 0 0 33554432 0 0 0 0 0 0 0 0 0 0 0 0 0 0 0 0 0 0 0 0 0 0 0 0 0 67108864 0 0 0 0 0 0 0 0 0 0 0 0 16777216 0 0 0 0 0 0 0 0 0 0 0 0 0 0 0 0 0 0 0 0 0 0 0 0 0 0 0 0 0 0 0 0 0 0 0 0 0 0 0 0 0 0 0 0 0 0 0 0 0 0 0 0 0 0 0 0 0 0 0 0 0 0 0 0 0 0 0 0 0 0 0 0 0 0 0 0 0 0 0 0 0 0 0 0 0 0 0 0 0 0 0 0 16777216 0 0 0 0 0 0 0 0 0 0 0 0 0 0 0 0 0 0 0 0 0 0 0 0 0 0 0 0 0 0 0 0 0 0 0 16384 0 0 0 0 0 0 0 0 0 0 0 0 0 0 0 0 0 0 0 0 0 0 0 0 0 0 0 0 0 0 0 0 0 0 8 16777216 0 0 0 0 0 0 0 33554432 0 0 0 0 0 0 0 0 0 0 0 0 0 0 0 0 0 0 0 0 0 0 0 0 0 0 0 0 0 0 0 0 0 0 0 0 0 0 0 0 0 0 0 0 0 0 0 0 0 0 0 0 0 0 0 0 0 0 0 0 0 0 0 0 0 0 0 0 0 0 0 0 0 0 0 0 0 0 0 1024 0 0 0 0 0 256 0 0 0 0 16384 0 128 0 0 0 8 0 0 0 0 0 0 0 0 0 0 0 0 0 0 0 0 0 0 0 0 0 0 0 0 0 0 0 0 0 0 0 0 0 0 0 0 0 0 0 0 0 0 0 0 0 256 0 2 1048576 524320 0 64 0 0 0 0 0 0 0 0 0 536870912 0 0 0 0 0 0 0 0 0 1 0 0 0 0 0 0 0 0 0 0 0 0 0 0 0 0 0 0 0 0 0 0 0 0 0 0 0 0 0 0 0 0 0 0 0 0 0 67108864 0 0 0 0 0 0 0 0 0 0 0 0 0 0 0 0 0 0 0 131072 0 0 32 0 0 65536 0 0 0 0 0 0 0 0 0 0 0 0 0 0 0 0 0 0 0 0 0 0 0 0 0 0 0 0 0 0 0 0 0 0 0 0 0 0 0 0 0 0 0 0 0 0 0 0 0 0 0 0 0 0 0 0 0 0 0 0 0 0 0 0 0 0 0 0 0 0 0 0 0 0 0 0 0 0 0 0 0 0 0 0 0 0 0 0 0 0 0 0 0 0 0 0 0 0 0 0 0 0 0 0 0 0 0 0 0 0 0 0 0 0 0 0 0 0 0 0 0 0 0 0 0 0 0 33554432 0 0 8192 0 0 0 0 0 0 0 0 0 0 0 0 0 0 0 0 0 0 0 0 0 0 0 0 0 0 0 0 0 0 0 0 0 0 0 0 0 0 0 0 0 0 0 0 0 0 0 0 0 0 0 0 0 2048 0 0 0 0 0 0 0 0 0 0 0 0 0 0 0 0 0 0 0 0 0 0 0 0 0 0 0 0 0 0 0 0 0 0 0 0 0 0 0 0 0 0 0 0 0 0 0 0 0 0 0 131072 0 0 0 0 0 0 0 0 0 0 0 0 0 0 0 0 0 0 0 0 0 0 0 0 0 0 0 0 0 0 0 0 0 0 0 0 0 0 0 0 0 0 0 0 0 0 0 0 0 0 0 0 0 0 0 0 0 0 0 0 0 0 32768 0 0 0 0 0 0 0 0 0 16384 0 0 0 0 0 0 0 0 0 0 0 5 0 0 0 0 0 0 0 0 0 0 0 0 0 0 0 0 0 0 0 0 0 0 0 0 0 0 0 0 0 0 0 0 0 0 0 0 0 0 0 0 0 0 0 0 0 0 0 0 0 0 0 0 0 0 0 0 0 0 0 0 0 0 0 0 0 0 0 0 0 0 0 0 0 0 0 0 0 0 0 0 0 0 0 0 0 0 0 0 0 0 0 0 0 0 32768 0 0 0 0 0 0 0 0 0 0 0 0 0 4 0 0 0 0 0 0 0 0 0 0 0 0 0 0 0 0 0 0 0 0 0 0 0 0 0 0 0 0 0 0 0 0 0 0 0 0 0 0 0 0 0 0 0 0 0 0 0 0 2 0 0 0 0 0 0 0 0 0 0 0 0 0 0 0 0 0 0 0 0 0 0 0 0 0 0 0 0 0 0 0 0 0 0 0 0 0 0 0 2147483648 0 0 134217728 0 0 0 0 0 0 0 0 0 0 0 0 0 0 0 0 0 0 0 0 0 0 0 0 0 0 0 0 0 0 536870912 0 0 0 0 0 0 0 0 0 0 0 0 0 0 0 0 0 0 0 0 0 0 0 0 0 0 0 0 2048 0 0 0 0 0 0 0 0 0 0 0 0 0 0 0 0 0 0 0 268435456 0 0 0 0 0 0 0 0 0 0 0 0 0 512 0 2097152 0 0 0 0 0 0 0 0 0 0 0 0 0 0 0 0 1074790400 0 256 0 0 0 0 0 0 0 0 0 0 0 0 0 8 0 0 0 0 0 0 0 0 0 0 0 0 0 0 0 0 0 0 0 0 0 0 0 0 0 0 0 0 0 0 0 0 0 0 0 0 0 1024 0 0 0 0 0 0 0 0 16777216 0 0 0 256 0 0 0 0 0 0 0 0 0 0 8192 0 0 0 0 0 2097152 0 0 0 0 0 0 0 0 0 0 1024 0 0 0 0 0 0 0 0 0 0 0 0 0 0 0 0 0 0 32768 0 0 0 0 0 0 0 0 0 0 0 0 0 0 0 0 0 0 0 0 0 0 0 0 0 0 0 0 0 0 0 0 0 0 0 0 0 0 0 0 32768 0 128 0 0 0 0 0 0 0 0 0 0 0 0 0 0 0 0 0 0 0 0 0 0 0 2048 262144 0 0 0 0 0 0 0 0 0 0 0 0 0 0 0 0 0 0 0 0 0 0 0 0 0 0 0 0 0 0 0 0 0 0 2097152
is_linear=0
shrinkage=0.05


Tree=4
num_leaves=63
num_cat=52
split_feature=6 6 15 15 1 6 7 6 1 1 6 3 6 1 6 6 6 6 7 1 1 1 10 10 1 6 3 6 2 6 6 1 6 12 1 6 1 6 9 7 1 1 6 1 3 1 1 4 10 6 1 1 7 11 9 10 12 12 3 1 1 1
split_gain=698.696 321.88 184.292 146.461 118.376 105.883 95.1761 94.6615 77.6537 67.0994 67.7712 66.1002 64.1638 63.0363 55.061 75.6836 66.5996 53.9906 45.6542 53.3006 50.1679 43.9724 43.7181 41.4136 41.3084 39.6486 39.5297 39.184 39.1498 38.7344 55.5612 50.1227 46.7836 41.9758 39.6842 43.9847 37.9623 37.8686 37.2775 36.6823 68.8749 35.4247 34.9177 35.2109 33.9488 31.0017 29.6382 29.2307 31.5525 28.4705 27.5078 27.1849 27.0393 26.4601 33.9757 67.277 34.9154 25.5515 25.1506 45.0431 29.4023 24.3313
threshold=0 1 2 3 4 5 6 7 8 9 10 11 12 13 14 15 16 17 18 19 20 21 225.00000000000003 275.00000000000006 22 23 24 25 26 27 28 29 30 78450.000000000015 31 32 33 34 3.5000000000000004 35 36 37 38 39 40 41 42 43 275.00000000000006 44 45 46 47 265.00000000000006 4.5000000000000009 414.00000000000006 64010.000000000007 92040.000000000015 48 49 50 51
decision_type=9 9 9 9 9 9 9 9 9 9 9 9 9 9 9 9 9 9 9 9 9 9 2 2 9 9 9 9 1 9 9 9 9 2 9 9 9 9 2 9 9 9 9 9 9 9 9 9 2 9 9 9 9 2 2 2 2 2 9 9 9 9
left_child=3 39 25 -1 14 21 7 44 -5 10 11 -9 -11 49 26 28 23 61 36 -20 -21 22 38 -17 -23 -3 -4 -14 53 31 -31 33 -32 -19 35 -34 -10 52 -6 40 -2 -26 43 -36 -7 -27 -42 48 -28 -8 -33 -41 -18 54 55 -16 -56 -47 59 -38 -60 -15
right_child=1 2 4 8 5 6 13 9 18 12 -12 -13 27 17 15 16 37 29 19 20 -22 24 -24 -25 41 45 47 -29 -30 30 32 50 34 -35 42 -37 58 -39 -40 51 46 -43 -44 -45 -46 57 -48 -49 -50 -51 -52 -53 -54 -55 56 -57 -58 -59 60 -61 -62 -63
leaf_value=0.14865379750086391 0.074748937150419428 -0.021569625243681289 0.046337366550080243 -0.032904200806533952 -0.05011916690397801 0.041407771323389735 -0.019026053808185728 0.44388604257105241 -0.022812777742252009 0.057313199862545752 -0.016743769659753875 0.12157945670600367 0.0354361692681395 0.13112267131719807 1.9641131228839777 0.097975556822904236 0.061116240982201531 0.11923469642886866 0.077604373807775226 0.07085047426116077 -0.023127964977414886 0.08143607522165662 0.09087593701526972 0.43320099482543822 0.045581160504839624 -0.022485240206184927 0.062191736594647218 -0.033447166090481255 1.4474470459035986 0.078501713246840396 0.068319769544936668 0.031145252851473577 0.056392807030230668 0.028131023046446903 0.093485879761718516 -0.025203577017471175 -0.023694445504387839 -0.033614195499948145 0.47857798207967017 0.0083795056030002962 0.025564356281937223 -0.025270817312255639 -0.01876368589777988 -0.019060537111259608 0.17763065120742758 0.073457419524065745 -0.038088981340750346 0.071027419489226612 0.25929541421147823 0.042167323405393031 -0.0112518250908131 -0.040049082567713022 -0.018951425929245438 0.48529895456206101 -0.050036048124650123 0.73968603589927584 0.87148677865451107 0.13667663834991853 -0.019835396839112299 0.1369213312927707 0.086947737994757524 0.0012292019065384095
leaf_weight=51.996821767708752 13.243166144005952 14.513058301876297 97.538112153939437 22.113390732323751 0.4456105146673498 9.2951641508261673 20.648729404318146 1.8221206609159708 10.212062645412514 13.288877319428137 29.062230435141828 12.528290726942938 15.741340534703339 4.0777093736105599 0.17376978578977287 1.350934902904555 15.194001844036391 15.064298972371033 22.121934725844767 8.2009425908909162 55.023696384159848 7.4965520701371133 35.836853371700272 2.8970829049358144 15.102775030885821 9.9147393801249546 3.1186367996269837 659.33415805845289 0.20033016439992901 7.5049288478912786 8.16612162144156 37.429593656561337 32.755634544766508 78.679061978240497 6.7243395496043377 22.232441143365577 8.9864538494148274 84.413907972862944 1.324089804140385 33.662927407422103 19.105786794738378 50.570317336707376 749.5280739220907 12.608007191854997 9.0040990239940584 87.750543067988474 61.203994493698701 11.977061425743159 5.8187627596780658 112.01720754767302 191.12861610436812 696.47198244853644 15.747942425077783 0.74716521799564362 0.15021934389369562 0.31655747280456126 0.32554484700085595 19.542514952772763 9.8755993399536219 34.124636933731381 66.283530942106154 15.361909151484726
leaf_count=12976 20354 10558 140402 28298 444 12455 31459 2338 12330 16272 47183 20294 22322 4529 232 1921 22091 20590 25876 10049 68109 9609 45663 3760 19650 7574 4683 1089220 207 8397 8953 54057 49106 114110 9496 34870 9640 131333 1342 58255 29195 68049 1159469 18416 11277 65291 99798 16559 7142 165737 280738 1233261 23608 795 220 380 413 15406 11937 35287 78433 17902
internal_value=-0.000323032 -0.00680115 0.00202206 0.0729478 -0.00122531 -0.00494966 -0.00757972 -0.0216796 0.0509872 -0.0248895 0.0314148 0.0957683 -0.0288394 0.000572374 0.0313751 0.00585281 -0.00566702 -0.00319345 0.060702 0.0238968 -0.00292689 0.0406244 0.0812505 0.0973734 0.0124854 0.0574397 0.0550638 -0.0313471 0.12626 -0.00484828 -0.0104824 0.00970098 -0.0122078 0.0386483 -0.0138157 0.0246005 0.0815091 -0.0169266 0.345452 -0.0337756 -0.00222702 -0.00510681 -0.0168438 0.0386116 0.0701183 0.0681495 -0.0217918 0.122089 0.190518 0.0319769 -0.0032942 -0.0377332 0.0256901 0.708736 0.88154 1.17362 0.580522 0.0777278 0.091515 0.129705 0.0819132 0.0637604
internal_weight=3659.1 3370.16 2546.47 288.939 2414.75 2174.78 2064 750.076 236.942 731.777 43.4126 14.3504 688.364 1313.93 239.97 121.517 119.604 1181.26 214.829 85.3466 63.2246 110.776 37.6066 4.24802 73.1696 131.721 118.453 675.075 1.91359 1161.82 839.52 322.302 832.015 93.7434 823.848 54.9881 129.482 115.356 1.7697 823.688 93.5529 65.6731 768.86 19.3323 18.2993 117.208 80.3098 20.9145 8.9374 132.666 228.558 730.135 30.9419 1.71326 0.966091 0.490327 0.475764 107.293 119.27 43.1111 76.1591 19.4396
internal_count=5530320 5237385 3796522 292935 3697693 3343947 3199190 1221361 279959 1197629 69815 22632 1127814 1977829 353746 184960 182713 1780633 251661 104034 78158 144757 47449 5681 97308 98829 168786 1111542 2247 1758202 1288707 469495 1280310 134700 1271357 83976 147627 177032 1786 1440863 149347 87699 1187381 27912 23732 88271 128993 28384 11825 197196 334795 1291516 45699 2040 1245 612 633 80697 135297 44927 90370 22431
cat_boundaries=0 722 1389 1390 1391 1403 2125 2127 2847 2859 2871 3592 3593 4317 4329 5027 5747 6463 7181 7183 7195 7207 7219 7230 7954 7955 8677 8678 9404 10117 10129 10850 10862 11571 11583 12300 12302 12314 12326 13038 13050 13051 13063 13075 13076 13793 13805 13817 13819 13820 13832 13844 13855
cat_threshold=0 0 0 0 0 0 0 0 0 0 0 0 0 0 0 0 0 0 268435456 0 0 0 0 0 0 0 0 0 0 0 0 0 0 0 134217728 0 0 0 0 0 0 0 0 0 0 0 0 0 0 0 0 0 0 0 0 0 0 0 0 0 0 0 0 0 0 0 0 512 0 0 0 0 0 0 0 0 0 0 0 0 0 0 0 0 0 0 0 0 0 0 0 0 0 0 0 0 0 0 0 0 0 0 0 0 0 0 0 0 0 0 0 0 0 262144 0 0 0 0 0 0 0 0 0 0 0 0 0 0 0 0 0 0 0 0 0 0 0 0 0 0 0 0 0 0 0 0 0 0 0 0 0 0 0 0 0 0 0 0 0 0 0 0 0 0 0 0 0 0 0 0 0 0 0 0 0 0 0 0 0 0 0 0 0 0 0 0 0 0 0 0 0 0 0 0 0 0 0 0 0 0 0 0 0 0 0 0 0 0 0 0 0 0 0 0 0 0 0 0 0 0 0 0 0 0 0 0 0 0 0 0 0 0 0 0 0 0 0 0 0 0 0 0 16 0 0 0 0 0 0 0 2048 0 0 0 0 0 0 0 16777216 0 0 8 0 0 0 0 0 0 0 0 0 0 0 0 0 0 0 0 0 0 0 0 0 0 0 0 0 0 0 0 0 0 0 0 0 0 0 0 0 0 0 0 0 0 0 0 0 1024 0 0 0 0 0 0 0 0 0 0 0 0 0 0 0 0 0 0 0 0 0 0 0 0 0 0 0 0 0 0 0 0 0 0 0 0 2 0 0 0 0 0 0 0 0 0 0 0 0 0 0 0 0 0 0 0 0 0 0 0 0 0 0 0 0 0 0 0 0 0 0 0 0 0 0 0 0 0 0 0 0 0 0 0 0 0 0 0 0 0 0 0 0 0 0 0 0 0 0 0 0 0 0 0 0 0 0 0 0 0 0 0 0 0 0 0 0 0 0 0 0 0 0 0 0 0 0 0 0 0 0 0 0 0 1 0 0 0 0 0 0 0 0 0 0 0 0 0 0 0 0 0 0 0 0 0 0 0 0 0 0 0 0 0 0 0 0 0 0 0 0 0 0 0 0 0 0 0 0 0 0 0 0 0 0 0 0 0 0 0 0 1048576 256 32768 0 0 0 0 0 131072 0 0 0 1 0 0 0 0 0 0 0 0 0 0 0 0 0 0 0 0 0 0 0 0 0 0 0 0 4096 0 0 0 0 0 0 0 0 0 0 0 0 0 0 0 0 0 0 33554434 0 0 0 0 0 0 0 0 0 0 0 8 0 0 0 0 0 0 0 0 0 0 0 0 0 0 0 0 0 0 0 0 0 0 0 0 0 0 0 0 0 0 0 0 0 0 0 0 0 0 0 0 0 0 0 0 0 0 0 0 0 0 0 0 0 0 0 0 0 0 0 0 0 0 0 0 0 0 0 0 0 0 0 0 0 0 0 2048 0 0 0 0 0 0 0 0 2 0 0 0 2147483648 0 0 0 0 268435456 0 0 0 0 0 0 0 64 0 0 0 0 0 0 0 0 0 0 0 0 0 0 0 0 0 0 0 32768 0 0 0 0 0 0 0 0 2147483648 0 0 0 0 0 0 0 65536 0 0 0 1048576 0 0 0 0 0 0 0 2147483648 16 0 536870912 0 0 0 0 0 0 1024 0 0 0 0 0 0 0 0 0 0 0 0 0 0 0 0 0 0 0 0 0 0 0 256 0 0 0 0 0 0 0 0 0 0 0 0 0 0 0 0 32 0 0 0 0 0 0 0 0 0 0 0 0 0 0 0 0 0 0 0 1073741824 0 536870920 2 0 0 0 0 0 0 0 0 0 0 0 0 0 0 0 0 0 0 0 0 0 0 0 0 0 0 0 0 0 0 0 0 0 0 0 0 0 0 0 0 0 0 0 0 0 0 0 0 0 0 0 0 0 0 0 0 0 0 0 0 0 0 0 0 0 0 0 0 0 0 0 0 0 0 0 0 0 0 0 0 0 0 0 0 0 0 0 0 0 67108864 0 0 0 0 0 0 0 0 0 32768 0 0 0 0 0 0 0 0 0 0 4096 0 0 16385 0 0 0 0 0 4096 0 0 0 0 0 0 0 0 0 0 0 0 0 0 0 0 0 0 0 0 0 0 0 0 0 0 0 0 0 0 1024 0 0 0 0 0 0 0 0 0 0 0 0 0 0 0 0 0 0 0 0 0 0 0 0 0 0 0 0 0 0 0 0 0 0 0 0 1024 0 0 0 0 0 0 0 0 0 0 0 0 0 0 32 0 0 0 0 0 0 0 0 0 0 0 0 0 0 0 0 0 0 0 0 0 0 0 0 0 0 0 0 0 0 0 0 0 0 0 0 0 0 0 0 0 0 0 0 0 0 0 0 0 0 0 0 0 0 0 0 0 0 0 0 0 0 0 0 0 0 0 0 0 0 0 0 0 0 0 0 0 0 0 0 0 0 0 0 0 0 0 0 0 0 0 0 0 0 0 0 0 0 0 0 0 0 0 0 0 0 0 0 0 0 0 0 0 0 0 0 0 0 0 0 0 0 0 0 0 0 0 0 0 0 0 0 0 0 0 0 0 0 0 0 0 0 0 0 0 0 0 0 0 0 0 0 0 0 0 0 0 0 0 0 0 0 0 8 0 0 0 0 0 0 0 0 0 0 0 0 0 0 0 0 0 0 0 0 0 0 0 0 0 0 0 0 0 0 0 0 0 0 0 0 0 0 0 0 0 0 0 0 0 0 0 0 0 0 0 524544 0 0 0 0 0 0 0 0 0 0 0 0 0 0 0 0 0 0 134217728 0 0 0 67108864 0 0 0 0 0 0 0 0 0 0 0 0 0 0 4096 0 0 0 0 0 0 0 0 0 0 0 0 0 0 0 0 0 0 4096 0 0 0 256 0 0 0 0 0 0 0 0 0 0 0 0 0 0 0 0 0 0 0 0 0 0 0 0 0 0 0 0 0 0 0 134217728 0 0 0 0 0 0 0 0 0 0 0 0 0 0 0 2 0 0 0 0 0 0 0 0 0 0 0 0 0 0 0 0 0 0 0 0 0 0 0 0 0 0 0 0 0 0 0 0 0 0 0 256 0 0 0 2097152 0 0 0 0 0 0 0 0 0 0 0 0 0 128 0 0 0 0 1 1073741824 0 0 0 0 0 0 0 1073741824 26 18 2148597824 2112 5216 1242109960 8421376 524288 131200 150994944 2097152 536870912 1075841040 262144 0 0 0 0 0 0 0 0 0 0 0 0 0 0 0 0 0 0 0 0 0 0 0 0 0 0 0 0 0 0 0 0 0 0 0 0 0 0 0 0 0 0 0 0 16384 0 0 0 0 0 0 0 0 0 0 0 0 0 0 0 0 0 0 0 0 0 0 0 0 0 0 0 0 0 0 512 0 0 0 0 0 0 0 0 32 0 0 0 0 0 0 0 0 0 0 0 0 0 0 0 0 0 0 0 0 0 0 0 0 0 0 0 0 0 0 0 0 0 0 0 0 0 0 0 0 0 0 0 0 0 0 0 0 0 0 0 0 0 0 0 0 0 0 0 0 0 0 0 0 0 0 0 0 0 0 0 0 0 0 0 8 0 0 0 0 0 0 0 32768 0 0 0 0 0 0 0 0 0 0 2097152 0 0 0 0 0 0 0 0 0 0 0 0 0 2147483648 0 0 0 0 0 0 0 0 0 0 0 0 0 0 0 0 0 0 0 0 0 0 0 0 0 0 0 4194304 0 0 0 0 0 0 0 0 0 0 0 0 0 0 0 0 0 0 0 0 0 0 0 0 0 0 0 0 0 0 0 0 0 0 0 0 0 0 0 0 0 0 0 0 0 0 0 0 0 0 0 0 0 0 0 0 0 0 0 0 0 0 0 0 0 0 0 0 0 0 0 0 0 0 0 0 0 0 0 0 0 0 0 0 0 0 0 0 0 0 0 0 0 0 0 0 0 0 0 0 0 0 0 0 0 0 0 0 0 0 0 0 0 0 0 0 0 0 0 0 0 0 0 0 0 0 0 0 0 0 0 0 0 0 0 0 0 0 0 0 0 0 0 0 0 0 0 0 0 0 0 0 0 0 0 0 0 0 0 0 0 0 0 0 0 0 0 0 0 0 0 0 0 0 0 0 0 0 0 0 0 0 0 0 0 0 0 0 0 0 0 0 0 0 0 0 0 0 0 0 0 0 0 0 0 0 0 0 0 0 0 0 0 0 0 0 0 0 0 0 0 0 0 0 0 0 0 0 0 0 0 0 0 0 0 0 0 0 0 0 0 0 0 0 0 0 0 0 0 0 0 0 0 8388608 0 0 0 0 0 0 0 0 0 0 0 0 0 0 0 0 2 0 8 0 0 0 0 0 4096 0 0 0 0 536870912 2147483648 0 0 0 0 0 0 0 0 0 0 0 0 0 0 0 0 0 0 0 0 0 0 0 0 0 0 0 0 0 0 0 0 0 0 0 0 0 0 0 0 0 1073741824 0 0 0 0 0 0 0 0 0 0 0 0 0 0 0 0 0 0 0 0 0 0 512 0 524288 0 0 0 2097152 0 0 0 0 4096 0 0 0 0 0 0 0 0 0 0 0 536870912 0 0 0 0 0 0 0 0 0 0 0 0 262144 0 0 0 0 0 0 0 0 0 0 0 0 0 0 0 0 134217728 0 0 0 0 0 0 0 0 0 0 0 0 0 0 0 65536 0 0 524288 0 0 0 0 0 256 0 0 0 0 0 0 0 0 0 0 0 0 0 67108864 0 0 0 0 0 0 1 0 0 0 0 0 0 0 0 0 0 0 0 0 0 128 1024 0 0 0 0 0 0 0 0 0 0 2048 0 0 0 64 0 0 0 0 0 0 0 0 0 0 0 0 0 0 0 0 0 0 0 524288 2782268812 1910573612 0 0 0 0 0 0 0 0 0 0 0 0 0 0 0 0 0 0 0 0 0 0 0 0 0 0 0 0 0 0 0 0 0 0 0 0 0 0 0 0 0 0 0 0 0 0 0 0 0 0 0 0 0 0 0 0 0 0 0 0 0 0 512 0 0 0 0 0 0 0 0 0 0 0 0 268435456 0 0 0 0 0 0 0 0 0 0 0 0 0 0 0 0 0 0 0 0 0 0 0 0 0 0 0 0 0 0 0 0 0 0 0 0 0 0 0 0 0 0 0 0 0 0 0 0 0 0 0 0 0 0 0 0 0 0 0 0 0 16384 0 0 0 0 0 0 0 0 0 0 0 0 0 0 0 0 0 0 0 0 0 0 0 0 0 0 0 0 0 0 0 0 0 0 0 512 0 0 0 0 0 0 0 0 0 0 1024 0 0 0 0 0 0 0 0 0 0 0 0 0 0 0 0 0 0 0 0 0 0 0 0 0 0 0 0 0 0 0 0 0 0 16777216 0 0 0 134217728 1048576 0 0 0 0 0 0 0 0 0 0 0 0 0 0 0 0 0 0 0 0 0 0 0 0 0 0 0 0 0 0 0 0 0 0 0 0 0 0 0 0 4 0 0 0 0 0 0 0 0 0 0 0 0 0 0 0 0 0 0 0 0 0 0 0 0 0 0 0 0 0 0 0 0 0 0 0 0 0 0 0 0 0 0 0 0 0 0 0 0 0 0 0 0 0 0 1024 0 0 0 0 0 0 0 0 0 0 0 0 0 0 0 0 1048576 0 0 0 0 0 0 0 0 0 0 0 0 0 0 0 0 0 0 0 0 0 0 0 67108864 0 0 0 0 0 0 0 0 0 0 0 0 0 0 0 0 0 0 0 0 0 0 0 0 0 0 0 0 0 256 0 0 0 0 0 0 0 0 0 0 0 0 0 0 0 0 0 0 0 0 0 0 0 0 0 0 0 0 0 0 0 0 0 0 0 524288 0 0 0 0 256 0 0 0 0 0 0 0 0 0 0 0 0 0 0 0 0 0 0 0 0 0 0 0 0 0 0 0 0 0 0 0 0 0 0 0 0 0 0 0 0 4194304 0 0 0 0 0 0 0 0 16 67108864 0 0 0 0 0 0 0 0 0 0 0 0 0 2 0 0 0 0 0 0 0 0 0 0 0 0 0 8 0 0 0 0 0 0 0 0 0 0 0 0 0 0 0 0 0 0 0 0 0 0 0 0 524288 0 0 0 0 0 0 0 0 0 0 0 0 0 0 0 0 0 0 0 0 0 0 0 0 0 65536 0 0 0 128 0 0 32768 0 0 0 0 0 0 0 0 0 0 0 0 0 0 0 0 0 0 0 0 0 0 0 0 0 0 0 0 0 32768 0 0 512 0 0 0 0 0 0 0 0 0 0 0 0 0 0 0 0 0 0 0 0 0 0 0 0 0 0 0 0 0 0 0 0 0 0 0 0 0 0 0 0 0 0 0 0 0 0 0 0 0 0 0 0 0 0 0 2 0 0 0 0 0 0 0 0 0 0 0 0 0 0 0 0 0 0 0 0 0 0 0 0 0 0 2048 0 0 0 0 32768 0 0 0 0 0 0 0 0 0 0 0 0 0 0 0 0 32 0 0 33554432 0 0 0 0 0 0 0 0 262144 528 1409286144 4211201 9437192 268439552 1080037408 0 8388608 0 402661376 2183135552 526401 1082130432 4461058 2298478594 542113792 134746116 8321 16464 1082130432 4194313 64 1024 128 0 0 0 0 0 0 0 0 0 0 0 0 0 0 0 0 0 0 1024 0 536870912 0 0 0 0 0 0 0 0 0 0 128 0 0 0 0 0 4096 0 0 0 0 0 0 0 0 0 0 0 0 0 0 0 0 0 0 0 0 0 0 0 0 0 0 0 0 0 0 0 0 0 0 0 0 0 0 0 0 0 0 0 0 0 0 0 0 0 0 0 2097152 0 0 0 0 0 0 0 0 0 0 0 0 0 0 0 1024 0 0 0 0 0 0 0 0 0 0 0 0 0 0 0 0 0 0 0 0 0 0 0 0 0 0 0 0 0 0 0 0 0 0 0 0 0 0 0 0 0 0 0 0 0 0 0 0 0 0 0 0 0 0 0 0 0 0 0 0 0 0 0 0 0 0 0 0 0 0 0 0 0 0 0 0 0 0 0 0 0 0 0 0 0 0 0 1073741824 0 0 0 0 0 0 0 0 0 0 0 0 0 0 0 0 0 0 0 0 0 0 32768 0 0 0 0 0 0 0 0 0 0 0 0 0 0 0 0 0 0 0 0 0 0 0 0 0 0 0 0 0 0 0 0 0 0 0 0 0 0 0 0 0 0 0 0 0 0 0 0 0 0 0 0 0 0 0 0 0 0 0 0 0 0 0 0 0 0 0 0 0 0 0 0 0 0 256 0 0 0 0 0 0 0 0 0 0 16384 0 0 0 0 0 0 0 0 0 0 0 0 0 0 0 0 0 0 0 0 0 0 0 0 0 0 0 0 0 0 0 0 0 0 0 16777216 0 0 0 0 0 0 0 0 0 0 0 0 0 0 0 0 0 0 0 0 0 0 0 0 0 0 0 0 0 0 0 0 0 0 0 0 0 0 0 0 0 0 0 0 0 0 0 0 0 0 0 0 0 0 0 0 0 0 0 0 0 0 0 0 0 0 0 0 0 0 0 0 0 0 0 0 0 0 0 0 0 0 0 0 0 0 0 1024 0 0 0 0 0 0 0 0 0 0 8388608 0 0 0 0 0 0 0 0 0 0 0 0 0 0 0 0 0 0 0 0 0 0 0 0 0 0 0 0 0 0 0 0 0 0 0 0 0 4096 0 0 0 0 0 0 0 0 0 0 0 8388608 0 16384 0 2 0 0 0 64 0 0 0 0 0 0 0 1048576 0 0 0 0 0 0 0 0 0 128 0 0 0 0 0 0 0 0 0 0 0 0 0 0 0 0 0 0 0 0 0 0 0 0 0 0 0 0 0 0 32768 0 0 0 0 0 0 0 0 0 67108864 0 0 0 0 0 0 0 0 0 0 0 0 0 0 0 0 0 0 0 0 0 0 0 0 65536 0 0 0 0 0 0 0 0 0 0 0 0 16384 0 0 524288 0 0 0 0 0 0 0 0 0 0 0 0 0 0 0 0 0 0 0 0 0 0 0 0 0 0 0 0 0 0 0 0 4096 4096 0 0 0 0 0 0 0 0 0 0 0 0 0 0 0 0 0 0 0 0 0 0 0 0 0 0 0 0 0 0 0 0 0 0 0 0 0 0 0 0 0 0 0 0 0 0 0 0 0 0 0 2147483648 0 0 0 0 0 0 0 64 0 0 0 0 32768 0 0 0 0 0 0 0 0 0 0 0 0 0 0 0 0 0 0 0 2147483648 0 0 0 0 0 512 4 0 0 0 0 0 0 0 0 0 0 0 0 0 0 2 0 0 0 0 0 0 0 0 0 0 0 0 0 0 0 0 0 0 0 0 0 0 0 0 0 0 0 0 0 0 0 0 0 0 0 0 0 0 0 0 0 0 0 0 0 0 0 0 0 0 0 0 0 0 134217728 0 0 0 0 0 0 0 0 0 0 0 0 0 0 0 0 0 0 0 0 0 0 0 0 0 0 0 0 0 0 0 0 0 0 0 131072 0 0 0 0 0 0 0 0 0 0 0 0 0 0 0 0 0 0 0 0 0 0 0 0 0 0 0 0 0 0 0 0 0 0 0 0 0 0 0 0 0 0 0 0 0 0 0 0 1073741824 0 0 0 0 0 0 0 0 0 0 0 0 0 0 0 0 0 0 0 0 0 0 0 16384 0 0 0 0 0 0 0 0 0 0 0 0 0 0 0 0 0 0 1073741824 0 0 0 0 0 0 0 0 0 0 0 0 0 0 0 0 0 0 0 0 0 0 0 0 0 0 0 0 0 0 0 0 0 0 0 0 0 0 0 0 0 0 0 0 0 0 0 0 0 0 0 0 0 0 0 0 0 0 0 0 1073741824 0 0 0 0 0 0 0 0 0 0 0 0 0 0 0 0 0 0 0 0 0 0 0 0 0 0 32768 0 0 0 0 0 0 0 0 0 0 0 0 0 0 0 0 0 0 0 0 0 0 0 0 0 0 0 0 0 0 0 0 0 0 0 0 0 0 0 536870912 0 0 0 0 0 0 0 0 0 0 0 0 0 0 0 0 0 0 0 0 0 0 0 0 0 0 0 262144 0 0 0 0 0 0 0 0 0 0 0 0 0 0 0 0 0 0 0 0 0 0 0 0 0 0 0 0 0 0 0 0 0 0 0 0 0 0 0 0 0 0 0 0 0 0 0 0 0 0 0 0 0 0 0 0 0 0 0 0 0 0 0 0 0 0 0 0 0 0 0 0 0 0 0 0 0 0 0 0 0 0 0 0 0 0 0 0 0 0 0 0 0 0 0 0 0 65536 0 0 0 0 0 0 0 0 0 0 0 0 0 0 0 0 0 0 0 268435456 0 0 0 0 0 0 0 0 128 0 0 0 0 0 0 0 0 0 0 0 294912 0 0 0 0 0 0 0 262144 0 0 0 0 0 0 0 0 0 0 0 0 0 0 0 0 0 0 0 0 0 0 0 0 0 0 0 0 0 0 0 0 268435456 0 0 0 0 0 1024 0 0 0 0 0 0 16777216 0 0 0 0 0 0 0 0 0 0 0 0 0 8388608 0 0 0 0 33554432 0 0 0 0 0 256 0 0 0 0 0 0 0 0 0 0 0 0 0 0 524288 0 0 0 0 0 0 0 0 0 0 0 131072 0 0 0 0 0 0 0 0 0 0 0 0 0 0 0 0 0 0 0 0 0 0 0 0 0 0 0 0 0 0 0 0 0 0 0 0 0 0 2048 0 0 0 0 0 0 0 0 1048576 0 0 0 0 0 0 0 0 0 0 0 256 0 0 0 0 0 0 0 0 0 0 0 0 0 0 0 0 0 0 0 0 0 0 2048 0 0 0 0 0 0 0 16 0 0 0 0 0 0 0 0 0 0 0 0 0 0 0 0 0 0 0 0 8192 0 32768 0 0 0 0 0 0 0 0 0 0 1024 401408 2955460624 1442065 132224 2112 1024 256 4194304 0 4194304 164352 524296 0 0 0 0 4194304 0 0 0 0 0 0 0 0 0 0 0 0 0 0 0 0 0 0 0 0 0 0 0 0 0 0 0 0 0 0 0 0 0 0 0 0 0 0 0 0 0 0 0 0 0 0 0 0 0 0 0 0 0 0 0 0 0 0 0 0 0 0 0 0 0 0 0 0 0 0 0 0 0 0 0 0 0 0 0 0 0 0 0 0 2097152 0 0 131072 0 0 0 0 0 0 0 0 0 1073741824 0 0 0 0 0 0 0 0 0 0 0 0 524288 0 0 2048 0 0 0 0 0 0 0 0 0 0 0 0 0 0 0 0 0 0 0 0 0 0 0 0 0 0 0 0 0 0 0 0 0 0 0 0 0 0 0 0 0 8 0 0 0 0 0 0 0 0 0 0 0 0 0 0 0 0 0 0 0 0 0 0 0 0 0 0 0 0 0 0 0 0 0 0 0 0 0 0 0 0 0 0 0 0 0 0 0 0 0 0 0 0 0 0 0 0 0 0 0 0 0 0 0 1048576 0 0 0 0 0 0 0 0 0 0 0 0 0 0 0 0 0 0 0 0 0 0 0 0 0 0 0 0 0 0 0 0 0 0 0 0 0 0 0 0 0 0 0 0 0 0 0 0 0 0 0 0 0 0 0 0 0 0 0 0 0 0 0 0 0 0 0 0 0 0 0 0 0 0 0 0 0 16384 0 0 0 131072 0 0 0 0 0 0 0 0 0 0 0 0 0 0 0 0 0 0 0 0 0 0 0 0 0 0 0 0 0 0 0 0 0 0 0 0 0 0 0 0 0 0 0 0 0 0 0 0 0 0 0 0 0 0 0 0 0 0 0 0 0 0 0 0 0 0 0 0 0 0 0 0 0 0 0 0 0 0 0 0 0 0 0 0 0 0 0 0 0 0 0 0 0 0 0 0 0 0 0 0 0 0 0 0 0 0 0 0 0 0 0 0 0 0 0 0 0 0 0 1536 0 0 0 0 0 0 0 0 0 0 8388608 0 0 0 0 0 0 0 0 0 0 0 0 0 0 0 0 0 0 0 0 0 0 0 0 0 0 0 0 0 0 0 0 0 1048576 0 0 0 0 0 0 0 0 0 0 0 33554432 0 0 0 0 0 0 8192 0 32768 0 0 64 0 0 0 0 4096 0 0 0 0 0 0 0 0 0 0 0 0 0 0 0 0 0 0 0 0 0 0 0 0 0 0 0 0 0 0 0 0 0 16777216 0 0 0 0 0 0 0 0 0 32768 0 0 0 4194304 0 0 0 0 0 0 0 0 0 0 8192 0 0 0 0 0 0 0 32768 0 0 0 0 0 0 0 0 0 0 0 16777216 0 0 0 0 0 0 0 0 0 0 0 0 0 0 0 0 0 0 0 0 0 0 0 0 0 0 0 1048576 0 0 0 0 0 0 0 0 0 0 0 0 0 0 0 0 0 0 0 0 0 0 0 0 0 0 0 0 0 0 0 0 0 0 32 0 0 0 0 0 0 0 0 0 0 16384 0 0 0 0 16 0 0 0 0 0 0 0 0 0 0 0 0 0 0 0 0 0 0 0 0 0 0 0 0 0 0 0 0 0 0 0 32768 0 0 0 0 0 0 2048 0 0 0 0 0 0 0 0 0 0 0 0 0 0 0 0 0 0 0 0 0 0 8192 0 0 0 0 0 0 0 0 0 0 0 0 0 0 0 0 0 0 0 0 0 0 0 0 0 0 0 0 0 0 0 0 0 0 0 0 0 0 0 0 0 0 0 0 0 0 0 0 0 0 0 0 0 0 0 32768 0 0 0 0 0 0 0 0 0 0 0 0 0 0 0 0 0 0 0 0 0 0 0 0 0 0 0 0 0 0 0 0 0 0 0 0 0 0 0 0 0 0 0 0 0 0 0 0 0 0 0 0 0 0 0 0 536870912 0 0 0 0 0 0 0 0 0 0 0 0 0 0 0 0 0 0 0 0 0 0 0 0 0 0 0 0 0 64 0 0 0 0 0 0 0 0 0 0 0 0 0 0 0 0 0 0 0 0 0 0 0 0 67108864 0 0 0 65536 0 0 0 0 0 0 0 0 0 0 64 0 0 0 0 0 0 0 0 0 0 0 0 0 0 0 0 0 0 0 0 0 0 0 0 0 0 0 0 0 0 0 0 0 0 0 0 0 0 131072 0 0 0 32768 0 0 0 0 0 0 0 0 0 0 0 0 0 0 0 0 0 0 0 0 0 0 0 0 0 0 0 0 0 0 0 0 0 0 0 0 0 0 0 0 0 0 0 0 0 0 0 0 0 0 0 0 0 0 0 0 0 0 0 0 0 0 0 0 0 0 0 0 0 0 0 0 0 0 0 0 0 0 0 0 0 0 0 0 0 0 0 0 67108864 0 0 0 0 0 0 0 0 0 0 0 0 0 0 0 0 0 0 0 0 0 0 0 0 0 0 0 0 0 0 0 0 0 0 0 0 0 0 0 0 0 0 0 0 0 0 0 0 0 0 0 0 0 134217728 0 0 0 0 0 0 0 0 0 0 0 0 0 0 0 0 0 0 0 0 0 0 0 0 0 0 0 0 0 0 0 0 0 0 0 0 0 0 0 0 0 0 0 0 0 0 0 0 0 0 0 0 0 0 0 0 0 0 0 0 0 1073741824 0 0 0 0 0 0 0 0 0 0 0 0 0 0 0 0 0 0 0 0 0 1048576 0 0 0 0 0 0 0 0 0 0 0 8192 0 0 0 8 0 0 0 0 0 0 0 0 0 0 0 0 0 0 2147483648 0 0 0 0 0 0 0 0 0 0 0 16384 0 0 0 0 0 0 0 0 0 0 0 0 0 0 0 0 0 0 0 0 0 0 0 0 0 0 0 0 4194304 0 0 0 0 0 0 0 0 0 0 0 0 0 0 0 0 32 0 0 0 0 0 0 0 0 0 0 524288 0 0 0 0 0 0 0 0 0 0 0 0 0 0 0 0 0 0 0 0 0 0 0 0 0 0 0 0 0 0 0 0 0 256 0 0 0 0 0 0 0 0 0 0 0 0 0 0 0 0 0 0 0 0 0 0 0 1024 0 0 0 2052 0 0 0 0 512 0 16777216 0 0 0 0 0 0 0 0 0 0 0 0 0 0 0 0 0 0 0 0 0 0 0 0 0 1024 0 0 0 0 0 0 0 0 0 0 0 0 0 0 0 0 0 0 0 0 0 0 0 16777232 0 0 0 0 0 0 0 0 0 0 0 0 32 0 0 0 0 0 0 0 0 0 0 0 1073741824 0 0 0 0 0 0 0 0 0 0 0 0 0 0 0 0 0 0 0 0 0 0 0 0 0 0 0 0 0 0 0 0 0 0 0 0 0 0 0 0 0 0 0 0 0 0 0 0 0 0 0 0 0 0 0 0 0 0 0 0 0 0 0 0 0 0 0 0 0 0 0 0 0 0 0 268435456 0 0 0 0 0 0 0 0 0 0 0 0 0 0 0 0 0 0 0 0 0 0 0 0 0 0 0 0 0 0 0 0 0 0 0 0 0 0 0 0 0 0 0 0 0 0 0 0 0 0 0 0 0 0 0 0 32768 0 0 0 0 0 0 0 0 0 0 0 0 0 0 0 0 0 0 0 0 0 0 0 0 0 0 0 0 0 0 0 0 0 0 0 0 0 128 0 0 0 0 0 0 0 0 0 0 0 0 0 0 0 0 0 4194304 0 0 0 0 0 0 0 0 0 0 0 0 0 0 0 0 0 0 0 0 0 0 0 0 0 0 0 0 0 0 0 0 4194304 0 0 0 0 0 0 0 0 0 0 0 0 0 0 0 0 0 0 0 0 0 0 0 0 0 0 0 0 0 0 0 0 0 0 0 0 0 0 0 0 0 0 0 0 268435456 0 0 0 0 0 0 0 0 0 0 0 0 0 0 0 0 0 0 0 0 0 0 0 0 0 0 0 0 0 0 0 0 0 0 0 0 0 0 0 0 0 0 0 0 0 0 0 0 0 0 0 0 0 0 0 0 0 0 0 0 0 0 0 0 0 0 0 0 0 0 0 0 0 0 0 0 0 0 0 0 0 0 0 0 0 0 0 0 0 0 0 0 0 0 0 0 0 0 0 0 0 0 0 0 0 0 0 0 0 0 0 0 0 0 0 0 256 0 0 0 0 0 0 0 0 0 0 0 0 0 0 0 0 0 0 0 0 0 0 0 0 0 16777216 0 0 0 0 0 0 0 0 0 0 0 0 0 0 0 0 0 0 0 1024 0 0 0 0 0 0 0 0 0 0 0 0 0 0 0 0 0 0 0 0 0 2099200 0 0 0 0 0 0 0 0 0 0 0 0 0 0 0 0 0 0 0 0 0 0 0 0 0 0 0 0 0 0 0 0 0 0 0 2097152 0 0 0 0 0 0 8 2 0 0 0 1073741824 262144 0 0 0 0 0 0 0 0 0 0 0 0 0 0 0 0 0 0 0 0 0 0 0 0 0 0 0 0 0 0 0 0 2147483648 0 0 0 0 0 0 0 0 0 0 0 1 0 0 0 0 0 0 0 0 0 0 0 0 1024 0 0 0 0 0 0 0 0 0 0 0 0 16777216 0 0 0 0 0 0 0 0 0 0 0 0 0 0 0 0 0 0 0 2 0 0 0 0 0 0 0 0 0 0 0 0 0 0 0 262144 0 0 0 0 0 0 0 0 0 0 0 0 0 0 0 0 0 0 0 0 64 0 0 0 0 0 0 0 2097152 0 0 0 65536 0 0 0 0 0 0 0 0 0 0 0 0 0 0 0 0 0 0 0 0 0 0 0 0 0 0 0 0 0 0 0 0 0 0 0 33554432 0 0 0 0 0 4096 0 0 0 2 0 0 0 0 0 0 0 0 0 0 0 0 0 0 0 0 0 0 0 0 33554432 0 0 0 512 0 0 0 524288 0 0 0 0 0 0 0 0 0 0 0 0 0 0 0 0 0 0 0 0 0 0 0 0 0 0 0 0 0 0 0 0 0 0 0 0 0 0 0 0 0 0 0 0 0 0 0 0 0 0 0 0 0 0 0 0 0 0 0 0 0 0 0 0 0 0 0 0 0 0 0 0 0 0 0 0 0 0 0 0 0 0 0 0 0 0 0 0 0 0 0 0 0 0 0 0 0 0 0 0 0 0 0 0 0 0 0 0 0 0 0 0 0 0 0 0 0 0 0 0 0 0 0 0 0 0 0 0 0 16 0 0 0 0 0 0 0 0 0 0 0 0 0 0 0 0 0 0 0 0 0 0 0 0 0 0 0 0 0 0 0 0 0 0 0 0 0 0 0 0 0 0 0 0 0 0 0 0 0 0 0 0 0 0 0 0 0 0 0 0 0 0 0 0 0 0 0 0 0 0 0 0 0 0 0 0 0 0 0 0 0 0 0 0 0 0 0 0 0 0 0 0 0 0 0 0 0 0 0 0 0 0 0 0 0 0 0 0 0 0 0 0 0 0 0 0 0 0 0 0 0 0 0 0 0 0 0 0 0 0 0 0 0 0 0 0 268435456 0 0 0 0 0 0 0 0 0 0 0 0 0 0 0 0 0 0 0 0 0 0 0 0 0 0 0 0 0 0 0 0 0 0 0 0 0 0 0 0 0 0 0 0 0 0 0 0 0 0 0 0 0 0 0 0 0 0 0 0 0 0 0 0 0 0 0 0 0 0 0 0 0 0 0 0 0 0 0 0 0 2 0 0 0 0 0 0 0 0 0 0 0 0 0 0 0 0 0 0 0 0 0 0 0 0 0 0 0 0 0 0 0 0 0 0 0 0 0 0 0 0 0 0 0 0 0 0 0 0 0 0 0 0 0 0 0 0 0 0 0 0 0 0 0 0 0 0 0 0 0 0 0 0 0 0 0 0 0 0 0 0 0 0 0 0 0 0 0 0 0 0 0 0 0 0 0 0 0 0 0 0 0 0 2097152 0 0 134217728 0 0 0 0 0 0 0 0 0 0 0 0 0 0 0 0 0 0 0 0 0 0 0 0 0 8388608 0 0 0 0 0 0 0 0 0 0 0 0 0 0 0 0 0 8192 1073741824 0 0 0 0 0 0 0 0 0 0 0 0 0 0 0 0 0 0 0 0 0 0 0 0 0 0 0 0 0 0 0 0 0 0 16777216 0 0 0 0 0 0 0 0 0 0 0 0 0 4194304 0 0 0 0 0 0 0 0 0 0 0 0 0 0 0 0 0 0 0 0 0 0 0 0 0 67108864 0 0 0 0 0 0 0 0 0 0 0 0 0 0 0 0 0 0 0 0 0 0 0 0 0 0 0 0 0 0 0 0 0 0 0 0 0 0 0 0 2048 0 0 0 0 0 0 0 0 0 0 0 0 0 0 0 0 0 0 0 0 0 0 0 2048 0 0 0 0 16777216 0 0 0 0 0 0 0 0 0 0 0 4096 0 0 0 0 0 0 0 0 0 0 0 0 0 0 0 0 0 0 0 33554432 0 0 0 0 0 0 0 0 32768 262146 0 0 64 0 0 0 0 0 0 0 0 0 0 0 0 0 0 0 0 0 0 0 0 0 0 0 0 0 0 0 2048 34275844 7373890 8392776 41943042 2129988 82944 256 16448 106496 134217728 268435465 1077936128 538183680 65544 1059968 4259840 1157760010 134217731 4227124 67108864 2684354561 655360 0 0 8193 8194 12 2147745803 67108865 268714000 68157442 4276224 4194304 0 0 1074266112 545325056 524351 2134016 1207959680 0 131072 1107361792 2181038156 805339146 1107297282 2147483652 17039360 33570948 0 0 0 65536 0 0 0 0 0 0 0 0 0 0 0 0 0 0 0 0 0 0 0 0 0 0 0 0 0 0 0 0 0 0 0 0 0 0 0 0 0 0 0 0 0 0 0 0 0 0 0 0 0 0 0 0 0 0 0 0 0 0 0 0 0 0 0 0 0 0 0 0 0 0 0 0 0 0 0 0 0 0 0 0 0 0 0 0 0 0 0 0 0 0 0 0 0 0 0 0 0 0 0 0 0 0 0 0 0 0 0 0 0 0 0 2097152 0 0 0 0 0 0 0 0 0 0 0 0 0 512 0 0 0 0 0 0 0 0 0 0 0 0 0 0 0 0 0 0 0 0 0 0 0 0 0 0 0 0 0 0 8 0 0 0 0 0 0 0 0 0 0 0 0 0 0 0 0 0 0 0 0 0 0 0 0 0 0 0 0 0 0 0 0 0 16 0 0 1073741824 0 0 0 0 0 0 0 0 0 0 0 0 0 0 0 0 0 0 0 0 0 0 0 0 0 0 0 0 0 0 0 0 0 0 0 0 0 0 0 0 0 0 0 0 0 0 0 0 0 0 0 0 0 0 0 0 0 0 0 0 0 0 0 0 0 0 0 0 0 0 0 0 0 0 0 0 0 0 0 0 0 0 0 0 0 0 0 0 0 0 0 0 0 0 0 0 0 0 0 0 0 0 0 0 0 0 0 0 0 0 0 8 0 0 0 0 0 0 0 0 0 0 0 0 0 0 0 0 0 0 0 0 0 0 0 0 0 0 0 0 0 0 0 0 0 0 0 0 0 0 0 0 0 0 0 0 0 0 0 0 0 0 0 0 131072 0 0 0 0 0 0 0 0 0 0 0 0 0 0 0 0 0 0 0 0 0 0 0 0 0 0 0 0 0 0 0 0 0 0 0 0 0 0 0 0 0 0 0 0 0 0 0 0 0 0 0 0 0 0 0 0 0 0 0 0 0 0 0 0 0 0 0 0 0 0 0 0 0 0 16384 0 0 0 0 0 0 0 0 0 0 0 0 0 0 0 0 0 0 0 0 0 0 0 0 0 0 0 0 0 0 0 0 0 0 0 0 0 0 0 0 0 0 0 0 0 0 0 0 0 16777216 0 16777216 0 0 0 0 0 0 0 0 0 0 4096 0 0 0 0 67108864 0 0 0 0 0 0 0 0 0 0 0 0 0 0 0 0 0 0 0 0 0 2147483648 0 0 64 0 0 0 0 0 0 0 0 0 0 0 0 0 0 0 0 0 0 0 0 0 0 0 1073741824 0 0 0 4 0 0 0 0 0 0 0 0 0 0 0 0 0 0 0 0 0 0 0 0 65536 0 0 0 0 0 0 0 0 0 0 0 0 0 0 4096 0 0 0 0 0 0 0 0 0 0 0 0 0 0 0 0 0 0 0 0 0 0 0 0 0 0 0 0 0 0 0 0 0 0 0 0 0 0 0 0 0 0 0 0 67108864 0 0 0 0 0 0 0 0 0 0 0 0 0 0 0 0 0 0 134217728 0 0 0 0 0 0 0 0 0 0 0 0 2 0 2097152 0 0 0 0 0 0 0 2415919104 0 16 0 0 0 0 0 0 0 0 0 0 0 0 0 2048 4194304 0 0 0 128 0 0 0 0 0 2099200 0 0 0 0 0 0 0 0 0 0 0 0 0 0 1024 2 0 0 0 0 0 0 0 0 0 0 0 0 0 0 0 0 0 0 0 0 0 0 0 0 0 0 0 0 0 0 0 0 0 0 0 0 0 0 0 0 0 0 0 0 0 0 0 0 1073741824 0 0 0 512 0 0 0 0 0 0 0 0 0 0 0 0 0 0 0 0 0 0 0 0 0 0 0 0 0 0 0 0 0 0 0 0 0 0 0 0 0 0 0 0 0 0 0 0 0 0 0 0 0 0 0 0 0 0 0 0 0 0 0 0 0 0 0 0 0 1024 0 0 0 0 0 0 0 0 0 0 0 0 0 32768 0 0 0 0 0 0 0 0 0 0 0 0 0 0 0 0 0 0 0 0 0 0 0 0 0 0 0 0 0 0 0 0 0 0 0 0 0 0 0 0 0 0 0 0 0 0 0 0 0 0 0 0 0 0 0 0 0 1073741829 0 0 0 65536 0 0 0 0 0 0 0 0 0 0 0 0 0 0 0 0 0 0 0 0 0 0 0 0 0 0 0 0 0 0 0 0 0 0 0 0 0 0 0 0 0 0 0 0 0 0 0 0 0 0 0 0 0 0 0 0 0 0 0 0 0 0 0 0 0 0 0 0 0 0 0 0 0 0 0 0 0 0 0 0 0 0 0 0 0 0 0 0 0 8388608 0 0 0 0 0 0 0 0 0 0 0 0 0 0 0 0 0 0 0 0 0 0 0 0 0 0 0 0 0 0 0 0 0 0 0 0 0 0 0 0 0 0 0 0 0 0 0 0 0 0 0 0 0 0 0 0 0 0 0 0 0 0 0 0 0 0 0 0 0 0 0 0 0 0 0 0 0 0 0 0 0 0 0 0 0 0 0 0 0 0 0 0 0 0 0 0 0 0 0 0 0 0 0 0 0 0 0 0 0 0 0 0 0 0 0 0 0 0 0 0 0 524288 0 0 0 0 0 0 0 0 0 0 0 0 0 0 0 536870912 0 0 0 0 0 8388608 0 0 32768 0 0 0 0 0 0 0 0 0 0 0 0 0 0 0 0 0 0 0 0 0 0 0 0 16 0 0 0 0 0 0 0 0 0 0 0 0 0 0 0 0 0 0 0 0 0 0 0 0 0 0 0 0 0 0 0 0 536870912 0 0 0 0 0 0 0 0 0 16777216 0 0 0 0 0 0 0 0 0 0 0 0 0 4 0 0 0 0 0 0 0 0 0 0 0 0 0 0 0 0 0 0 0 0 0 0 0 0 0 0 0 0 0 0 0 0 0 131072 0 0 0 0 0 0 0 0 0 0 524288 131072 0 0 0 134217728 0 0 0 16777216 0 0 0 0 0 0 0 0 0 0 0 0 0 0 0 0 0 0 0 0 256 0 0 0 0 0 0 0 8192 0 0 0 0 0 0 0 0 0 0 0 0 0 0 0 0 0 0 0 0 0 0 0 0 0 0 0 0 0 0 0 0 0 0 0 0 0 0 0 0 0 0 0 0 0 0 0 2097152 0 0 0 0 4096 0 0 0 0 0 0 0 0 0 0 0 0 0 0 0 0 0 0 0 0 0 0 0 0 0 0 0 0 0 0 0 0 0 0 0 512 0 0 0 0 0 0 0 0 0 0 0 0 0 0 0 0 0 0 0 0 0 0 0 0 128 4096 0 0 0 524288 0 0 0 4096 0 2097152 4 0 0 0 0 0 0 0 0 0 0 0 0 0 0 0 0 0 0 0 0 0 0 0 0 0 0 0 0 0 0 0 0 0 0 0 0 8192 0 0 0 0 0 0 2097152 0 0 0 0 0 0 0 0 0 0 0 0 0 0 0 0 0 0 0 0 0 0 0 0 0 0 0 0 0 0 0 0 0 0 0 0 0 0 0 0 0 0 0 0 0 2097152 0 0 131072 0 0 0 0 0 0 0 0 0 0 0 0 0 0 0 0 0 0 0 0 0 0 2097152 0 0 0 0 0 0 0 0 0 0 0 0 0 0 0 0 0 0 0 0 0 0 0 0 0 0 0 0 0 0 0 0 0 0 0 0 0 0 0 0 0 0 0 0 0 0 0 0 0 0 0 0 0 0 0 0 0 16777216 0 0 0 0 0 0 0 0 0 0 0 0 0 0 0 0 0 0 0 0 0 0 0 0 0 0 0 0 0 0 0 0 0 0 0 0 0 0 0 0 0 0 0 0 0 0 0 0 0 0 0 0 0 0 4 0 0 0 0 0 0 0 0 0 0 0 0 0 0 0 0 0 0 0 0 0 0 0 0 0 0 0 0 0 0 0 0 0 0 0 0 0 0 0 0 0 0 0 0 0 0 0 0 0 0 0 0 0 0 0 0 0 0 0 0 0 0 64 0 0 0 0 0 0 0 0 0 0 0 0 0 0 0 0 0 0 0 0 0 0 0 0 0 0 0 0 0 0 0 0 0 0 0 0 0 0 0 0 0 0 0 0 0 0 0 0 0 0 0 0 0 0 0 0 0 0 0 0 0 0 0 0 0 0 0 0 0 0 0 0 0 0 0 0 0 0 0 8388608 0 0 0 0 0 0 0 0 0 0 0 0 0 0 0 0 0 0 0 0 0 0 0 0 0 0 0 0 0 0 0 0 0 0 0 0 0 0 0 0 0 0 0 0 0 0 0 0 0 0 0 0 0 0 0 0 0 0 0 0 0 0 0 0 0 0 0 0 0 0 0 0 0 0 0 0 0 0 0 0 0 0 0 0 0 0 0 0 0 0 0 0 256 0 0 0 0 0 0 1064960 0 0 0 32 0 4096 0 0 0 0 0 0 0 0 0 0 0 0 0 8 0 0 0 0 0 0 0 0 0 0 0 0 0 0 1073741824 4194304 0 0 0 0 0 0 0 0 0 0 0 0 0 0 0 0 0 0 0 0 0 0 0 0 0 0 0 0 16 0 0 0 0 0 0 0 0 0 0 0 8388608 0 0 0 0 0 0 0 0 268435456 0 0 0 0 512 0 0 0 0 16777216 0 0 0 0 0 0 0 0 0 0 0 0 0 0 0 0 0 0 0 0 0 0 0 0 0 0 0 0 0 0 0 0 0 0 0 0 0 0 67108864 0 0 0 0 0 0 0 0 0 0 0 268468224 0 0 0 0 0 0 0 0 32 0 0 0 0 0 0 0 0 0 0 0 0 0 0 0 0 0 0 0 0 0 0 0 0 0 0 0 4 0 16 0 0 0 0 0 0 0 0 524288 0 0 0 0 0 0 0 0 0 0 0 0 0 0 0 0 0 0 0 0 0 0 0 0 0 0 0 0 0 0 0 0 0 8388608 0 0 0 0 0 0 0 0 0 32768 0 0 0 0 0 0 0 0 0 0 0 0 0 0 131072 0 0 0 65536 0 0 0 0 0 0 0 0 0 0 0 0 0 0 0 0 0 0 0 0 0 0 0 0 0 0 0 0 0 0 0 0 0 0 0 0 0 0 0 0 0 0 0 0 0 0 0 0 0 0 0 0 0 0 0 0 0 0 0 0 0 0 0 0 0 0 0 0 0 0 0 0 0 0 16384 1024 0 0 0 0 32768 0 0 0 1048576 0 0 0 0 0 0 0 0 0 0 0 0 0 0 0 0 0 0 0 0 0 0 0 0 0 0 0 0 0 0 0 0 0 0 0 0 0 0 0 0 0 0 0 0 0 0 0 0 0 0 0 0 0 0 0 0 0 0 0 0 0 0 0 0 0 0 0 0 0 0 0 0 0 0 0 0 0 0 8388608 0 0 0 0 0 0 0 0 0 0 0 0 0 0 0 0 0 0 0 0 0 0 0 0 0 0 0 8192 0 0 0 0 0 0 0 0 0 0 0 0 0 0 0 0 0 0 0 0 0 0 0 0 0 0 0 0 0 0 0 0 0 0 33554432 0 0 0 0 0 0 0 0 0 0 0 0 0 0 0 0 0 0 0 0 0 0 0 0 0 0 0 0 0 0 0 0 0 0 1024 0 0 0 0 0 0 0 0 0 0 0 0 0 0 0 0 0 0 0 0 0 0 0 0 0 0 0 0 0 0 0 0 0 0 0 0 0 0 0 0 0 0 0 0 0 0 0 0 0 0 0 0 0 0 0 0 0 0 0 0 0 134217728 0 0 0 0 0 0 0 0 0 0 0 0 0 0 0 0 0 0 0 0 0 0 0 0 0 0 0 0 0 0 0 0 0 67108864 0 0 0 0 0 0 0 0 0 0 0 0 0 0 0 0 0 0 0 0 0 0 0 0 0 0 0 0 0 0 0 0 0 0 0 0 0 0 0 0 0 0 0 0 0 0 0 0 134217728 0 0 0 0 0 0 0 0 0 0 0 0 0 0 0 0 0 0 0 0 0 0 0 0 0 0 0 0 0 0 0 0 0 0 0 0 0 0 0 0 32768 0 0 0 0 0 0 0 0 0 0 0 0 0 0 0 0 0 0 0 0 0 0 0 0 0 0 0 0 0 0 0 0 0 0 0 0 4096 0 0 0 1048576 0 0 0 32 0 131072 64 0 0 0 0 0 0 0 0 0 0 0 0 0 0 0 0 0 0 67108864 0 0 0 67108864 0 0 0 0 0 0 0 0 0 0 0 0 0 0 0 0 0 0 0 0 0 0 0 16777216 0 0 0 0 0 0 0 0 0 0 0 0 0 0 0 0 0 0 0 0 0 0 0 0 16777216 0 0 0 0 0 0 0 0 0 0 0 0 0 0 0 0 0 0 0 0 0 0 0 0 0 0 0 0 0 0 0 0 0 0 0 2048 8 0 0 0 0 0 0 0 0 0 67108864 0 0 0 0 0 0 0 0 0 0 0 0 0 0 0 0 0 0 0 0 0 0 0 0 0 0 0 1048576 0 0 0 0 0 0 0 0 0 0 0 0 0 0 0 0 0 536870912 0 0 0 0 0 0 0 0 0 0 0 1 0 0 2147483648 0 0 0 0 0 0 0 0 32 0 0 0 0 2097152 0 0 0 0 0 0 0 0 0 0 0 0 0 0 0 0 0 0 1073741824 268439688 0 24580 8438020 38274088 65536 2097224 0 8 1074003984 2684354568 32785 0 0 0 0 0 0 2 0 0 0 0 0 0 0 0 4 0 0 0 0 0 0 0 0 0 0 0 0 0 0 0 0 0 0 0 0 0 0 0 0 0 0 0 0 0 0 0 0 0 0 0 0 0 0 0 0 0 0 0 0 0 0 0 0 0 0 0 0 0 0 0 0 0 0 0 0 0 0 0 0 0 0 0 0 0 0 0 0 0 0 0 0 0 0 0 0 0 0 0 0 0 0 0 0 0 0 0 0 0 0 0 0 0 0 0 0 0 0 0 0 0 0 0 0 0 0 0 0 0 0 0 0 0 0 0 0 0 0 0 0 0 0 0 0 0 0 0 0 0 0 0 0 0 0 0 0 0 0 0 0 0 0 0 0 0 0 0 0 0 0 0 0 0 0 0 0 0 0 0 0 0 8 0 0 0 0 0 0 0 0 512 0 0 0 0 0 0 0 0 0 0 0 0 0 0 0 0 0 0 0 0 0 0 0 0 0 0 0 0 0 0 0 0 0 0 0 0 0 0 0 0 0 0 0 0 0 0 0 0 33554432 0 0 0 0 0 0 0 0 0 0 0 0 0 0 0 0 0 0 0 0 0 0 0 0 0 0 0 0 0 0 0 0 0 0 0 0 0 0 0 0 0 0 0 0 0 0 0 0 0 0 0 0 0 0 0 0 0 0 0 131072 0 0 0 0 0 0 0 0 0 0 0 0 0 0 0 0 0 0 0 0 0 0 0 0 0 0 0 0 0 0 0 0 0 0 0 0 0 0 0 0 1048576 0 0 0 0 0 0 0 0 0 0 0 0 0 0 0 0 0 0 0 0 0 0 0 0 0 0 0 0 0 0 0 0 0 0 0 0 0 0 0 0 0 0 0 0 0 0 0 0 0 0 0 0 0 0 0 0 0 0 0 0 0 0 0 0 0 0 0 0 0 0 0 0 0 0 0 0 0 0 0 0 0 0 0 0 0 0 0 0 0 0 0 0 0 0 0 0 0 0 0 0 0 0 0 0 0 0 0 0 0 0 0 0 0 0 0 0 65536 0 0 0 0 0 0 0 0 0 0 0 0 0 0 0 0 0 64 0 0 0 0 268435456 0 0 0 0 0 0 0 0 0 0 0 0 0 1073741824 0 0 0 67108864 0 0 0 0 0 0 0 256 8 16 0 0 0 0 128 0 0 0 0 0 0 0 0 0 0 0 0 0 0 0 0 0 0 0 0 0 0 0 0 0 131072 0 0 0 0 0 0 0 0 0 0 0 0 0 0 0 0 0 8192 0 8192 0 0 0 0 0 0 0 1 0 0 0 0 0 0 0 0 0 0 0 0 0 0 0 0 0 0 0 0 0 0 0 0 16384 0 0 0 0 0 0 0 0 0 0 0 0 0 0 0 0 0 0 0 0 0 0 0 0 0 0 0 0 0 512 0 0 0 0 0 0 0 0 0 0 0 0 0 0 0 0 0 4096 512 0 0 0 16777216 0 0 0 0 0 0 16 0 0 0 0 0 0 0 0 0 0 0 0 0 0 0 0 0 0 0 0 256 0 0 0 16777216 0 0 0 0 0 8 0 0 0 0 0 0 0 0 0 0 0 0 0 0 0 0 0 0 262144 0 0 0 0 0 0 0 0 0 0 0 2147483648 0 0 0 0 0 8192 1124073744 8401056 524288 536870944 8192 3024093184 66048 525312 64 2155872265 4130 128 0 0 0 0 4194304 0 0 0 0 0 0 0 0 0 0 0 0 0 0 0 536870912 0 0 0 0 0 0 0 0 0 0 0 0 0 0 0 0 0 0 0 0 0 0 0 0 0 0 0 0 0 2048 0 0 0 0 0 0 0 0 0 0 0 0 0 0 0 0 0 0 0 0 0 0 0 0 0 0 0 0 0 0 0 0 0 0 0 0 0 0 0 0 0 0 0 0 0 0 0 0 0 0 0 0 0 0 0 0 0 0 0 0 0 0 0 0 0 0 0 32 0 0 0 0 0 0 0 0 0 0 0 0 0 0 0 0 0 0 0 0 0 0 0 0 0 0 0 0 0 0 0 0 0 0 0 0 0 0 0 0 0 0 0 0 0 0 0 0 0 0 0 0 0 0 0 0 0 0 0 0 0 0 0 0 0 0 0 0 0 0 0 0 0 0 0 0 0 0 0 0 0 0 0 0 0 0 0 0 0 0 0 0 0 0 0 0 0 0 0 0 0 0 0 0 0 1048576 0 0 0 0 0 0 0 0 0 0 0 0 0 0 0 0 0 0 0 0 0 0 0 0 0 0 0 0 0 0 0 0 0 0 0 0 0 0 0 0 0 0 0 0 0 0 0 0 0 0 0 0 0 0 0 0 0 0 0 0 0 0 0 0 0 0 0 0 0 0 0 0 0 0 0 0 0 16384 0 0 0 0 0 0 0 0 0 0 0 0 0 0 0 0 0 0 0 0 0 0 0 0 0 0 0 0 0 0 0 0 0 0 0 16777216 0 0 0 0 0 0 0 33554432 0 0 0 0 0 0 0 0 0 0 0 256 0 0 0 0 0 0 0 0 0 0 0 0 0 0 0 0 0 0 0 0 0 0 0 0 256 0 0 0 0 0 0 0 0 0 0 0 0 0 0 0 0 0 0 0 0 0 0 0 0 0 0 0 0 0 0 0 0 0 0 0 0 0 0 0 0 0 0 1536 0 0 0 0 0 0 0 0 0 0 8388608 0 128 0 0 0 8 0 0 0 0 0 0 0 0 0 0 0 0 0 0 0 0 0 0 0 0 0 0 0 0 0 0 0 0 0 0 0 0 0 0 0 0 0 0 0 0 0 0 0 0 0 0 0 2 0 8388608 0 64 0 0 0 0 0 0 0 0 0 0 0 0 0 0 0 0 0 0 0 0 0 0 0 0 0 0 0 0 0 0 0 0 0 0 0 0 0 0 0 0 0 0 0 0 0 0 1073741824 0 32768 0 0 32 0 0 0 0 0 0 0 0 0 0 0 0 0 0 0 0 0 0 0 0 0 0 0 0 0 0 0 0 32 0 0 0 0 0 0 0 0 0 0 0 0 0 0 0 0 0 0 0 0 0 0 0 0 0 0 0 0 0 0 0 0 0 0 0 67108864 0 0 0 0 0 0 0 0 0 0 0 0 0 0 0 0 0 0 32768 0 0 0 0 0 0 0 0 0 0 0 0 0 0 0 0 0 0 0 0 0 0 0 0 0 0 0 32768 0 0 0 0 0 0 0 0 0 0 0 0 0 0 0 0 0 0 0 0 0 2048 0 0 0 0 0 0 0 0 0 0 0 0 0 0 0 0 0 0 0 0 0 0 0 0 0 0 2048 1114112 135266560 172036 675840324 3104 4 2305 2097152 268435456 553648128 134225928 2 0 0 0 0 0 0 0 0 0 0 0 0 0 0 0 0 0 0 0 0 536870912 0 0 0 0 0 0 0 0 0 0 0 0 0 0 0 0 0 0 0 0 0 0 0 16384 0 0 0 0 0 0 0 0 0 0 0 0 0 0 0 0 0 0 0 0 0 0 0 0 0 0 0 0 0 0 0 0 0 0 0 0 0 0 0 0 524288 0 0 0 0 0 0 0 0 0 0 0 0 0 0 0 0 0 0 0 0 0 0 0 0 0 0 0 0 0 0 0 0 0 0 0 0 0 0 0 0 0 0 0 0 0 0 0 0 33554432 0 0 0 0 0 0 0 0 0 0 0 0 0 0 0 0 0 0 0 0 0 0 0 0 0 0 0 0 0 0 0 0 0 256 0 0 0 0 0 0 0 0 0 0 0 0 0 0 0 0 0 0 0 0 0 0 0 0 0 0 0 0 0 0 0 0 0 0 0 0 0 0 0 0 0 0 0 0 0 0 0 0 0 0 0 0 0 0 0 0 0 0 0 0 0 0 0 0 0 0 0 0 0 0 0 0 0 0 0 0 0 0 0 0 0 0 0 0 0 0 0 0 0 0 0 0 0 0 0 0 0 16777216 0 0 0 0 0 0 2147483648 0 0 0 0 0 0 0 0 0 0 0 0 0 0 0 0 0 0 0 0 0 0 0 0 0 0 0 0 0 0 0 0 0 0 0 0 0 0 0 0 0 0 0 0 0 0 0 0 0 0 0 0 0 0 0 0 0 0 0 0 0 0 0 0 0 0 0 0 0 0 0 0 0 0 0 0 0 0 0 0 0 0 0 0 0 0 0 0 0 0 0 0 0 0 0 0 0 0 0 0 0 0 0 0 0 0 0 0 0 0 0 0 0 0 0 0 0 0 0 0 0 0 0 0 0 0 0 0 0 0 0 0 0 0 0 0 0 0 0 0 0 0 0 0 0 0 0 0 0 0 0 0 0 0 0 0 0 0 0 0 0 0 0 0 0 0 0 0 0 8200 0 0 0 0 0 0 0 0 0 0 0 0 0 0 0 0 0 0 0 0 0 0 0 0 0 0 0 0 0 0 0 4096 0 0 0 0 0 4 0 0 0 0 0 8388608 0 0 0 2 0 0 0 0 0 0 0 0 0 8192 0 0 0 0 0 0 0 0 0 0 0 0 0 1 0 0 0 0 0 0 0 268435456 0 0 0 0 0 0 0 0 0 0 0 0 0 0 0 0 0 0 0 0 0 0 0 0 1073741824 0 0 0 0 0 0 0 0 0 0 131072 0 0 0 0 0 33554432 0 0 0 0 0 0 0 0 0 0 0 0 0 0 0 0 0 0 0 0 0 0 2048 0 0 0 0 0 536870912 0 0 0 0 0 0 0 0 0 0 0 0 0 0 0 0 0 0 0 268435456 2048 0 0 0 1048576 0 0 0 0 0 0 0 0 0 0 0 0 0 0 0 0 0 4194304 0 0 0 0 0 268435456 0 0 0 0 0 256 0 0 0 0 0 0 0 0 0 0 0 0 0 0 0 0 0 0 0 0 0 0 0 0 0 0 0 0 0 0 0 0 0 0 0 0 0 0 0 0 0 0 0 0 0 0 0 0 0 0 0 0 0 0 0 0 512 0 2048 0 8192 0 0 0 65536 0 64 1212170242 1644216641 2147483664 570425352 67119680 33570816 289669120 135270400 1048577 33554432 0 44564480 135185 18 8192 41943040 973611012 2130304 524328 1476399104 1048576 393216 0 75563008 64 136256 0 0 0 0 0 0 0 0 0 0 0 0 0 0 0 0 0 0 0 0 0 0 0 0 0 0 0 0 0 0 0 0 0 0 0 0 0 0 0 0 0 0 0 0 0 0 0 0 0 262144 0 0 0 0 0 0 0 0 0 0 0 0 0 0 0 0 0 0 0 0 0 0 0 0 0 0 0 0 0 0 0 0 0 0 0 0 0 0 0 0 0 0 0 0 0 0 0 0 0 0 0 0 0 0 0 0 0 0 0 0 0 0 0 0 0 0 0 0 0 0 0 0 0 0 0 0 0 0 0 0 0 0 0 0 0 536870912 0 0 0 0 0 0 0 0 0 0 0 0 0 0 0 0 0 0 0 0 0 0 0 0 0 0 0 0 0 0 0 0 8192 0 0 0 0 0 0 0 0 0 0 0 0 0 0 0 0 0 0 0 0 0 0 0 0 0 65536 0 0 0 0 0 0 0 12288 1048576 0 0 0 0 0 0 0 0 0 0 0 0 0 0 0 0 0 0 0 0 0 0 0 0 0 0 0 0 0 0 0 0 0 0 0 0 0 0 0 0 0 0 0 0 0 0 0 0 0 0 0 2048 0 0 32768 0 0 0 0 0 0 0 0 0 0 0 0 0 0 0 0 2097152 0 0 0 0 0 0 0 0 0 0 0 0 0 0 0 0 0 0 0 0 0 0 0 0 0 0 0 0 0 0 0 0 0 0 0 0 0 0 0 0 0 0 0 0 0 0 0 0 0 0 0 0 32 0 0 0 0 0 0 0 0 8 0 0 0 0 0 0 0 0 0 0 0 0 0 0 0 0 0 0 0 0 0 0 0 0 0 0 0 0 0 0 0 0 0 0 0 0 0 0 0 0 0 0 0 0 0 0 0 0 0 0 0 0 0 0 0 0 0 0 0 0 0 0 0 0 0 0 0 0 0 0 0 0 0 0 0 0 0 0 0 0 0 0 0 0 0 0 0 0 128 0 0 0 0 0 0 0 0 0 0 0 0 0 0 0 0 0 0 0 0 0 0 0 0 0 0 0 0 0 0 0 0 0 1048576 0 0 0 0 0 0 0 0 0 0 0 0 0 1024 0 0 0 0 0 0 0 0 0 16 0 0 0 0 0 0 0 0 32 0 0 0 0 0 16 0 0 0 0 0 0 0 0 0 0 0 0 0 0 0 0 0 0 0 0 0 0 0 0 0 4096 0 0 0 0 0 0 0 2147483648 0 0 0 0 0 0 0 0 0 0 0 0 0 0 0 0 0 0 0 0 0 0 0 0 0 0 0 0 0 0 0 0 512 0 0 0 0 0 0 0 0 0 0 0 0 0 0 0 8192 0 0 0 0 0 0 0 0 2 0 0 2147483648 0 0 0 0 1024 0 0 0 0 0 0 0 0 0 0 0 0 2048 0 0 0 0 0 1024 0 0 0 0 0 0 0 0 0 0 0 0 0 0 0 0 0 0 0 0 0 1 0 0 0 0 0 0 0 0 0 0 0 0 0 0 0 0 0 0 0 0 0 0 0 0 0 0 0 0 0 0 16386 0 0 0 0 0 0 0 0 0 0 0 0 0 0 0 0 134217728 0 0 0 0 0 0 0 0 0 0 0 0 0 0 0 0 0 0 0 0 0 0 4096 16396 33554432 67108864 32769 525314 1208041473 786432 32769 0 1074266128 536870913 131072 2 67117056 546570288 34078720 1049104 403708161 136314912 0 0 0 8978432 524288 268418 4128 335546400 1572864 9 33032 0 0 557056 2097152 268435456 1610678304 360964 2 0 0 0 0 0 0 0 0 0 0 0 0 0 0 0 0 0 0 0 0 0 0 0 0 0 0 0 0 0 0 0 0 0 0 0 0 0 0 0 0 0 0 0 0 0 0 0 0 0 0 0 0 0 2048 0 0 0 0 0 0 0 0 0 0 0 0 0 0 0 0 0 0 0 0 0 0 0 0 0 0 0 0 0 0 0 0 0 0 0 0 0 0 0 0 0 0 0 0 0 0 0 0 0 0 0 0 0 0 0 0 0 0 0 0 0 2621440 0 0 2048 0 0 0 0 0 0 0 0 0 0 0 0 0 0 0 0 0 0 0 0 0 0 0 0 0 0 0 0 0 0 0 0 0 0 0 0 0 0 0 0 0 0 0 0 0 0 0 0 0 0 0 0 0 0 0 0 0 0 0 0 0 0 0 0 0 0 0 0 0 0 0 0 0 0 0 16 0 0 0 0 0 0 0 8192 0 0 0 0 0 0 0 0 0 0 0 0 0 0 0 0 0 0 0 0 0 1048576 0 0 0 0 0 0 0 0 0 0 0 0 0 0 0 0 0 0 0 0 0 0 0 0 0 0 0 0 0 0 0 0 0 0 0 0 0 0 0 0 0 16777216 0 0 0 0 0 0 2147483648 0 0 0 0 0 0 0 0 0 0 0 0 0 0 0 0 0 0 0 0 0 0 0 0 0 0 0 0 0 0 0 0 131072 0 0 8 0 0 0 0 0 0 0 0 0 0 0 0 0 0 0 0 0 0 0 0 0 0 0 0 0 0 0 0 16777216 0 0 0 0 0 0 0 0 0 0 0 0 0 0 0 0 0 0 0 0 0 0 0 0 0 0 0 0 0 0 0 0 0 0 0 0 0 0 0 0 0 0 0 0 0 0 0 0 0 0 0 0 0 0 0 0 0 0 0 0 0 0 0 0 0 0 0 0 0 0 0 0 0 0 0 0 0 0 0 0 0 0 0 0 0 0 0 0 0 0 0 0 0 0 0 0 0 0 0 0 0 0 0 0 0 0 0 0 0 0 0 0 0 0 0 0 0 0 0 0 0 0 0 0 0 0 0 0 0 0 0 0 0 0 0 0 0 0 0 0 0 0 0 0 33554432 0 4194304 0 0 0 0 0 2 1048576 32 0 0 0 0 0 0 0 0 0 0 0 0 0 16 0 0 0 0 0 0 0 1 0 0 0 0 0 0 0 0 0 0 0 0 0 0 0 0 0 0 0 0 0 0 0 0 0 0 0 0 32768 0 0 0 0 0 0 0 0 0 1073741824 0 0 0 0 0 0 0 0 0 0 0 0 32768 0 0 0 0 0 0 67108864 0 32 0 0 0 0 0 0 33554432 0 0 0 0 0 0 0 0 0 0 0 0 0 0 0 0 0 0 0 0 0 0 0 0 0 0 0 0 0 0 0 0 0 0 0 0 0 0 0 0 0 0 0 0 0 0 0 0 0 0 0 0 0 0 0 0 0 0 32 0 0 0 0 0 0 16384 0 0 0 0 0 0 0 0 0 0 0 0 0 0 0 0 0 0 0 0 0 0 0 0 0 0 0 0 0 0 0 0 0 0 0 0 0 0 0 0 32768 0 0 0 0 0 0 0 0 0 8388608 0 0 0 0 0 0 0 2048 0 8192 0 0 0 0 0 64 67141632 1 340262912 67108864 270532624 69206048 17826308 33587200 12587010 19922944 16640 2084 4259840 140574856 1073741824 526848 2147631168 3145728 8200 18350080 32 2684355088 131075 64 3805696 1427412551 4 8288 2155872291 33554752 393344 34603137 1024 0 262144 0 1086324736 32768 168364 4230144 4456452 1211105314 1040 134218498 68222976 0 655360 0 2147483648 8454180 74752 71336488 201392130 75563520 1 272695297 16384 1073807361 2654208 0 209719296 2148007936
is_linear=0
shrinkage=0.05


Tree=5
num_leaves=63
num_cat=34
split_feature=15 6 6 6 7 6 6 14 13 6 2 6 6 6 6 2 6 3 3 4 6 10 9 10 6 11 3 7 13 13 4 9 12 13 6 7 6 6 13 13 6 13 13 13 6 10 9 13 10 10 9 9 9 6 3 12 11 2 10 9 4 13
split_gain=583.146 357.436 230.314 103.116 93.7106 94.1909 87.2761 75.612 66.3441 61.5804 114.681 55.8607 58.4758 55.7453 49.9506 46.2619 39.5764 34.9197 32.0899 53.0155 27.6899 25.63 33.2112 25.1089 23.7084 23.2494 18.7041 18.575 19.4953 19.1847 26.0318 22.7766 17.9728 17.7167 17.4709 16.7503 20.1055 19.7082 20.6448 19.0879 20.6955 18.5756 17.6 16.3889 16.2246 15.7315 14.4715 48.2132 14.0509 13.2263 13.1934 23.4921 13.1808 12.9531 66.2967 13.2547 11.4517 9.9903 9.78302 12.4679 11.1163 9.77945
threshold=0 1 2 3 4 5 6 7 4.241093873977662 8 9 10 11 12 13 14 15 16 17 18 19 318.00000000000006 3.5000000000000004 275.00000000000006 20 265.00000000000006 21 22 4.241093873977662 2.0715673565864567 23 5.5000000000000009 95040.000000000015 4.1813211441040048 24 25 26 27 2.0715673565864567 5.0750956535339364 28 5.0005793571472177 3.9015133380889897 4.1813211441040048 29 598.00000000000011 5.5000000000000009 1.7005987167358401 318.00000000000006 275.00000000000006 3.5000000000000004 4.5000000000000009 4.5000000000000009 30 31 85950.000000000015 265.00000000000006 32 414.00000000000006 4.5000000000000009 33 1.7005987167358401
decision_type=9 9 9 9 9 9 9 9 2 9 1 9 9 9 9 1 9 9 9 9 9 2 2 2 9 2 9 9 2 2 9 2 2 2 9 9 9 9 2 2 9 2 2 2 9 2 2 2 2 2 2 2 2 9 9 2 2 1 2 2 9 2
left_child=1 18 8 23 7 25 -2 14 -3 10 -7 17 -13 26 -5 49 -15 48 27 56 -18 46 -23 -4 -16 57 45 28 29 30 -1 -32 -19 34 -22 37 -37 -26 -39 40 41 -38 -40 44 -14 -11 61 -48 -9 -8 -27 -52 -21 54 55 -17 -20 -6 60 -60 -25 -12
right_child=6 2 3 4 5 9 15 11 -10 13 21 12 43 16 24 53 20 32 19 52 33 22 -24 58 35 50 -28 -29 -30 -31 31 -33 -34 -35 -36 36 39 38 42 -41 -42 -43 -44 -45 -46 -47 47 -49 -50 -51 51 -53 -54 -55 -56 -57 -58 -59 59 -61 -62 -63
leaf_value=0.060384372259515151 -0.02787329604267675 -0.039366075117970821 0.0014082219861035121 -0.024063577223853022 0.016199017018725538 0.0085057457417180918 0.05475274019288804 0.25405331226074629 0.024763880776028813 0.1740635272759663 0.05204067740313395 0.074742179386733054 0.013718137418789404 0.042840159695113449 -0.02758472859858388 0.15559675329328315 0.020721178595947496 0.045895425933113784 0.045441314955788993 0.099054412798258246 0.0045552360060312153 0.96153240352807012 0.35769013073778705 -0.007858761079701378 -0.010921928006716347 -0.050040891324780984 0.075458393051072811 0.0125824993114325 0.10408848863645065 0.011102149295166093 0.36391489531225263 -0.050056083891944693 -0.037895742674611682 -0.0045391067232088368 -0.032432670251722313 -0.016844905438760143 -0.03717309882732249 0.073949898032455816 -0.0071777817756116863 0.093972950238731298 0.017152924435651504 0.040165607014115964 0.038813939708609947 -0.010085482423485316 -0.032543548867482862 0.48968714637092747 0.88898824827605771 0.071002873704162278 0.097037902287811492 0.10583446495982703 0.81595981257334937 0.18812395596570436 0.16691954798797476 -0.00098727360010194133 1.0346635279104048 0.05819489067133285 0.12149493739272919 0.055181975489741047 0.14091053441235768 0.06772031600919004 0.078032602763173947 0.25596856088242997
leaf_weight=19.921762057056185 19.216026475012768 703.49918169697048 11.661118346790316 80.510269272781443 28.684565275558271 11.103525490267202 13.832915221806614 2.3019101645913906 42.781839813455008 2.6765981893404391 0.97949677309952665 7.2326129233697429 19.808113058155868 13.687173157115465 23.426304283435456 4.6195383084123032 26.041588854161091 28.666188979346771 87.969588128384203 17.763770167191982 38.551437865593471 0.2965473609510807 0.98091799352550879 4.7403518653009087 25.802930607169401 0.20385444635758077 7.5688782883807999 86.613897472154349 18.489999156619888 22.89824181701988 1.3285951214493277 0.44307833863422263 8.2390354353701678 69.242809476272669 731.58179451868637 47.258060551306698 34.99349846097175 33.470553334918804 25.666805010172538 7.6385386222973457 495.29286881128792 9.9778996437671577 109.73577916104114 180.23203868948622 238.73545865161577 0.4631021944223902 0.31945891364011902 0.41307197033893317 3.7393849319778383 151.00328469177475 0.23094667663099244 0.41987684252671897 11.979643638129344 21.597358647850342 0.18438105430687102 14.320310709415935 5.2446815033908925 38.485339975799434 12.304764291213361 11.038809992547611 18.347108558460608 1.4704876012401653
leaf_count=21687 15650 1303422 14376 132087 37628 16338 11147 3151 63629 2392 1071 8701 30075 17231 37942 4538 36623 43098 99081 11349 61636 248 849 5080 38106 266 9147 108680 19909 30540 1272 424 12640 111622 1244033 73471 54440 48600 37349 11403 719795 14855 154765 267167 375764 372 297 546 5242 63435 300 543 8751 25787 203 16743 4058 46139 13032 12912 19279 1789
internal_value=-0.00113203 -0.00632472 -0.0111117 -0.00354549 -0.00527753 -0.0170861 0.0751196 0.00309835 -0.0352178 -0.0214645 0.0575486 -0.0125552 -0.0180162 -0.0234707 0.011706 0.0855941 -0.0251748 0.0368503 0.047594 0.0682664 -0.0267276 0.308679 0.497864 0.0571617 0.0154964 0.0364704 0.0610283 0.0337935 0.0525863 0.0430237 0.0767181 0.260385 0.0271892 -0.0284263 -0.0309431 0.0171031 0.0124273 0.0300922 0.0366192 0.0152088 0.0143767 -0.016373 0.0300958 -0.0211766 -0.0297274 0.220618 0.232739 0.427729 0.156865 0.101548 0.300968 0.410913 0.126388 0.042035 0.0598445 0.0819518 0.0497205 0.0385345 0.0834752 0.1063 0.0603973 0.174439
internal_weight=3657.93 3433.16 3160.5 2414.22 2356.13 973.401 224.774 1382.73 746.281 905.377 15.5635 488.955 446.008 889.813 893.774 205.558 879.105 42.9465 272.653 122.958 865.418 4.45998 1.27747 58.0922 813.263 68.0246 10.7086 149.696 63.0817 44.5917 21.6934 1.77167 36.9052 839.376 770.133 789.837 595.161 194.676 168.873 547.903 540.264 44.9714 135.403 438.776 258.544 3.1397 3.18252 0.732531 6.0413 164.836 0.854678 0.650824 29.7434 40.7216 19.1242 18.9398 93.2143 67.1699 46.431 23.3436 23.0875 2.44998
internal_count=5532705 5395202 5089451 3722400 3657721 1589070 137503 2068651 1367051 1504194 21138 745838 681707 1483056 1322813 121853 1471145 64131 305751 123239 1453914 4800 1097 64679 1190726 84876 11911 182512 73832 53923 23383 1696 55738 1417291 1305669 1152784 873964 278820 240714 800493 789090 69295 192114 673006 405839 2764 3703 843 8393 74582 1109 843 20100 47271 21484 21281 103139 83767 50303 25944 24359 2860
cat_boundaries=0 1 723 1390 2110 2112 2823 3532 3533 4258 4259 4973 5686 6406 7115 7116 7840 7841 7842 7843 8563 9286 9287 9289 9290 10014 10016 10733 11455 12174 12882 13517 13518 13519 13520
cat_threshold=64 0 0 0 0 0 0 0 0 0 0 0 0 0 0 0 0 0 0 268435456 0 0 0 0 0 0 0 0 0 0 0 0 0 0 0 134217728 0 0 0 0 0 0 0 0 0 16384 0 0 0 0 0 0 0 0 0 0 0 0 0 0 0 0 0 0 0 0 0 0 512 0 0 0 0 0 0 0 0 0 0 0 0 0 0 0 0 0 0 0 0 0 0 0 0 0 0 0 0 0 0 0 0 0 0 0 0 0 0 0 0 0 0 0 0 0 262144 0 0 0 0 0 0 0 0 0 0 0 0 0 0 0 0 0 0 0 0 0 0 0 0 0 0 0 0 0 0 0 0 0 0 0 0 0 0 0 0 0 0 0 0 0 0 0 0 0 0 0 0 0 0 0 0 0 0 0 0 0 0 0 0 0 0 0 0 0 0 0 0 0 0 0 0 0 0 0 0 0 0 0 0 0 0 0 0 0 0 0 0 0 0 0 0 0 0 0 0 0 0 0 0 0 0 0 0 0 0 1048576 0 0 0 0 0 0 0 0 0 0 0 0 0 0 0 0 0 16 0 0 0 0 0 0 0 0 0 0 0 0 0 0 0 16777216 0 0 8 0 0 0 0 0 0 0 0 0 0 0 0 0 0 0 0 0 0 0 0 0 0 0 0 0 0 0 0 0 0 0 0 0 0 0 0 0 0 0 0 0 0 0 0 0 1024 0 0 0 0 0 0 0 0 0 0 0 0 0 0 0 0 0 0 0 0 0 0 0 0 0 0 0 0 0 0 0 0 0 0 0 0 0 0 0 0 0 0 0 0 0 0 0 0 0 0 0 0 0 0 0 0 0 0 0 0 0 0 0 0 0 0 0 0 0 0 0 0 0 0 0 0 0 0 0 0 0 0 0 0 0 0 0 0 0 0 0 0 0 0 0 0 0 0 0 0 0 0 0 0 0 0 0 0 0 0 0 0 0 0 0 0 0 0 512 0 0 0 0 0 0 0 0 0 0 8388608 0 0 0 0 1 0 0 0 0 0 0 0 0 0 0 0 0 0 0 0 0 0 0 0 0 0 0 0 0 0 0 0 0 0 0 0 0 0 0 0 0 0 0 0 0 0 0 0 0 0 0 0 0 0 0 0 8 0 0 0 0 1048576 4352 0 0 0 0 0 2147483648 0 0 0 0 0 0 0 0 0 0 0 0 0 0 0 0 0 0 0 0 0 0 0 0 0 0 0 0 0 4096 0 0 0 0 0 0 0 0 0 0 0 0 0 0 0 0 0 0 0 0 0 0 0 0 0 0 0 0 0 0 8 0 0 0 0 0 0 0 0 0 0 0 0 0 0 4096 0 0 0 0 0 0 0 0 0 0 0 0 0 0 0 0 0 0 0 0 0 0 0 0 0 0 0 0 0 0 0 0 2048 0 0 0 0 0 0 0 0 0 0 0 0 0 0 0 0 0 0 0 0 0 0 0 0 65536 0 0 0 0 0 0 0 0 0 0 0 2 0 0 4 0 0 0 0 0 0 0 67108864 0 0 0 0 0 0 0 0 0 0 0 0 0 0 0 0 0 0 0 0 0 128 0 0 0 0 0 0 0 0 0 0 0 2048 2147483648 0 0 0 0 0 0 0 65536 0 0 0 1048576 0 0 0 0 0 0 0 0 0 0 524288 0 0 0 0 0 0 1024 0 0 0 0 0 0 0 0 0 0 0 0 0 0 0 0 0 0 0 0 0 0 0 256 0 0 0 0 0 0 0 0 0 0 0 0 0 0 0 0 32 0 0 0 0 0 0 0 0 0 0 0 0 0 0 0 0 0 0 0 0 0 536870920 2 0 0 0 0 0 0 0 0 0 0 0 0 0 0 0 0 0 0 0 0 0 0 0 0 0 0 0 0 0 0 0 0 0 0 0 0 0 0 0 0 0 0 0 0 0 0 0 32 0 0 0 0 0 0 0 0 0 0 0 0 0 0 0 0 0 0 0 0 0 0 0 0 0 0 0 0 0 0 0 0 0 0 0 0 0 0 0 0 0 0 0 0 0 0 0 0 0 0 0 32768 0 0 0 0 0 0 0 0 0 0 4096 0 0 1 0 0 0 0 0 4096 0 0 0 0 0 0 0 0 0 0 0 0 0 0 0 0 0 0 0 0 0 0 0 0 0 0 0 0 0 0 1024 0 0 0 0 0 0 0 0 0 0 0 0 0 0 0 0 0 0 0 0 0 0 0 0 0 0 0 0 0 0 0 0 0 0 0 0 1024 0 0 0 0 0 0 0 0 0 0 0 0 0 0 32 0 0 0 0 0 0 0 0 0 0 0 0 0 0 0 0 0 0 0 0 0 0 0 0 0 0 0 0 0 0 0 0 0 0 0 0 0 0 0 0 0 0 0 0 0 0 0 0 0 0 0 0 0 0 0 0 0 0 0 0 0 0 0 0 0 0 0 0 0 0 0 0 0 0 0 0 0 0 0 0 0 0 0 0 0 0 0 0 0 0 0 0 0 0 0 0 0 0 0 0 0 0 0 0 0 0 0 0 0 0 0 0 0 0 0 0 0 0 0 0 0 0 0 0 0 0 0 0 0 0 0 0 0 0 0 0 0 0 0 0 0 0 0 0 0 0 0 0 0 0 0 0 0 0 0 0 0 0 0 0 0 0 0 8 0 0 0 0 0 0 0 0 0 0 0 0 0 0 0 0 0 0 0 0 0 0 0 0 0 0 0 0 0 0 0 0 0 0 0 0 0 0 0 0 0 0 0 0 0 512 0 0 0 0 0 524544 0 2 0 0 0 0 0 0 0 0 0 0 0 0 0 0 0 0 134217728 0 0 0 67108864 0 0 0 0 0 0 0 0 0 0 0 0 0 0 0 0 0 0 0 0 0 0 0 0 0 0 0 0 0 0 0 0 0 4096 0 0 0 256 0 0 0 1073741824 0 0 0 0 0 0 0 0 0 0 0 0 0 0 0 0 0 0 0 0 0 0 0 0 0 0 0 134217728 0 0 0 0 0 0 0 0 0 0 0 0 0 0 0 2 0 0 0 0 0 0 0 0 0 0 0 0 0 0 0 0 0 0 0 0 0 0 0 0 0 0 0 0 0 0 0 0 0 0 0 256 0 0 0 2097152 0 0 0 0 0 0 0 0 0 0 0 0 0 128 0 0 0 0 1 1073741824 0 0 0 0 0 0 0 1073741824 0 0 0 0 0 0 0 0 0 0 0 0 0 0 0 0 0 0 0 0 0 0 0 0 0 0 0 0 0 0 0 0 0 0 0 0 0 0 0 0 0 0 0 0 0 0 0 0 0 0 0 0 0 0 0 0 0 0 0 0 0 0 0 0 0 0 0 0 0 0 0 0 0 0 0 512 0 0 0 0 0 0 0 0 32 0 0 0 0 0 0 0 0 0 0 0 0 0 0 0 0 0 0 0 0 0 0 0 0 0 0 0 0 0 0 0 0 0 0 0 0 0 0 0 0 0 0 0 0 0 0 0 0 0 0 0 0 0 0 0 0 0 0 0 0 0 0 0 0 0 0 0 0 0 0 0 0 0 0 0 0 0 0 0 0 0 0 0 32768 0 0 0 0 0 0 0 0 0 0 0 0 0 0 0 0 0 0 0 0 0 0 0 0 2147483648 0 0 0 0 0 0 0 0 0 0 0 0 0 0 0 0 0 0 0 0 0 0 0 0 0 0 0 4194304 0 0 0 0 0 0 0 0 0 0 0 0 0 0 0 0 0 0 0 0 0 0 0 0 0 0 0 0 0 0 0 0 0 0 0 0 0 0 0 0 0 0 0 0 268435456 0 0 0 0 0 0 0 0 0 0 0 0 0 0 0 0 0 0 0 0 0 0 0 0 0 0 0 0 0 0 0 0 0 0 0 0 0 0 0 0 0 0 0 0 0 0 0 0 0 0 0 0 0 0 0 0 0 0 0 0 0 0 0 0 0 0 0 0 0 0 0 0 0 0 0 0 0 0 0 0 0 0 0 0 0 0 0 0 0 0 0 0 0 0 0 0 0 0 0 0 0 0 0 0 0 0 0 0 0 0 0 0 0 0 0 0 256 0 0 0 0 0 0 0 0 0 0 0 0 0 0 0 0 0 0 0 0 0 0 0 0 0 16777216 0 0 0 0 0 0 0 0 0 0 0 0 0 0 0 0 0 0 0 0 0 0 0 0 0 0 0 0 0 0 0 0 0 0 0 0 0 0 0 0 0 0 0 0 0 0 0 0 0 0 0 0 0 0 0 0 0 0 0 0 0 1048576 0 0 0 0 0 0 0 0 0 0 0 0 0 0 0 0 0 0 0 0 32768 0 0 0 0 0 8192 1073741824 0 0 0 0 0 0 0 0 0 0 0 0 0 0 0 0 0 0 16384 0 0 0 0 0 0 0 0 0 0 0 0 0 0 0 0 0 0 0 0 0 0 0 0 0 0 0 0 0 1073741824 0 0 0 0 0 0 2 0 0 0 8192 0 0 0 0 0 0 0 0 0 0 0 0 0 524288 67108864 0 0 2097152 0 0 0 0 0 0 0 0 0 0 2048 0 0 0 0 0 0 0 8192 0 0 0 0 0 0 0 0 0 0 262144 0 0 0 0 0 0 0 0 0 0 0 0 0 0 0 0 134217728 0 0 32 0 0 0 0 0 0 0 0 0 0 0 0 0 0 0 0 0 0 0 0 0 256 0 0 0 16384 0 0 0 0 0 0 0 0 0 0 0 0 0 0 0 64 1 0 0 0 0 0 0 0 0 0 0 0 0 0 0 0 1024 0 0 0 0 0 0 0 16 0 0 0 0 0 0 0 0 0 0 0 0 0 0 0 0 0 0 0 2147483648 0 0 0 0 16 141148210 504690130 0 0 0 0 0 0 0 0 0 0 0 0 0 0 0 0 0 0 0 0 0 0 8192 0 0 0 0 0 0 0 0 0 0 0 0 0 0 0 0 0 0 0 0 0 0 0 0 0 1073741824 0 0 0 0 0 0 0 0 0 0 0 0 0 0 0 0 0 0 0 0 0 0 0 0 0 0 268435456 0 0 0 0 0 0 0 0 0 0 0 0 0 0 0 0 0 0 0 0 0 0 0 0 0 0 0 0 0 0 0 0 0 0 0 0 0 0 0 2097152 0 0 0 0 0 0 0 0 0 0 0 0 0 0 0 0 0 0 0 0 0 0 0 0 0 0 0 0 0 0 0 0 0 0 0 0 0 0 0 0 0 0 0 0 8 0 0 0 0 0 0 0 0 0 0 0 0 0 0 0 0 0 0 0 0 0 0 0 0 0 0 0 0 0 0 4096 0 0 0 0 0 0 0 0 0 0 0 0 0 0 0 0 0 0 0 0 0 0 0 0 0 0 0 0 0 0 0 0 0 0 0 0 0 0 0 0 0 0 0 0 0 0 0 0 0 0 0 0 0 0 0 0 0 0 0 0 0 0 0 0 0 0 0 0 0 0 0 0 0 0 0 0 0 0 0 0 0 0 0 0 0 0 0 0 0 0 0 0 0 0 0 0 0 0 0 0 0 0 0 0 0 0 0 0 0 0 0 0 0 0 0 0 0 0 0 0 0 0 0 0 0 0 0 0 1024 0 0 0 0 0 0 0 0 0 0 0 0 0 0 0 0 0 0 0 0 0 536870912 0 0 0 0 0 0 0 0 0 0 0 0 0 0 0 0 0 0 2097152 0 0 0 0 0 0 0 0 0 0 0 0 0 0 0 0 0 0 0 0 0 0 0 0 0 0 0 0 0 0 0 0 0 0 0 0 0 32 0 0 0 0 0 0 0 0 0 0 0 0 0 0 0 0 0 0 0 0 0 0 0 0 0 0 0 524288 0 1024 0 32768 0 0 0 0 0 0 0 0 0 0 0 0 0 0 0 0 0 0 0 0 0 0 0 0 0 0 0 0 1048576 0 0 0 0 0 0 0 0 0 0 0 0 4194304 0 4096 0 0 0 0 0 0 0 0 0 0 0 0 0 0 0 0 0 0 0 0 0 0 0 0 0 0 0 0 0 536870912 0 0 16 0 0 1 0 128 0 0 0 0 0 0 0 0 0 0 0 0 0 0 0 0 0 0 0 0 0 0 0 0 0 0 0 0 0 0 0 0 0 0 0 0 0 0 0 0 0 0 0 0 0 0 0 0 0 0 0 0 128 0 0 0 0 512 0 0 0 524288 0 0 0 0 0 0 0 0 0 0 0 0 0 0 0 0 0 1048576 0 0 0 0 0 0 0 0 0 0 0 0 0 0 0 0 0 0 2048 0 0 0 0 0 0 0 0 0 0 0 0 0 0 0 0 0 0 0 0 0 0 0 0 0 0 0 0 0 32 2048 0 0 0 0 0 0 0 0 0 0 0 0 0 0 0 0 0 0 0 0 0 0 0 0 0 0 0 0 0 0 0 0 0 0 0 0 0 0 0 0 0 2048 2 0 0 0 32768 0 0 0 0 0 0 0 0 0 0 0 0 0 0 0 0 0 0 0 33554432 0 0 0 0 0 0 0 0 0 0 0 0 0 0 0 0 0 0 0 0 0 0 0 0 0 0 0 0 0 0 0 0 0 0 0 0 0 0 0 0 0 0 0 0 0 0 0 0 0 0 0 2097152 0 0 0 0 0 0 0 0 0 0 0 0 0 0 0 0 0 536870912 0 0 0 0 0 0 0 0 0 0 0 0 0 0 0 0 0 0 0 0 0 0 0 0 0 0 0 0 0 0 0 0 0 0 0 0 0 0 0 0 0 0 0 0 0 2097152 0 0 0 0 0 0 0 0 0 0 0 0 0 512 0 0 0 0 0 0 0 0 0 0 0 0 0 0 0 0 0 0 0 0 0 0 0 0 0 0 0 0 0 0 8 0 0 0 0 0 0 0 0 0 0 0 0 0 0 0 0 0 0 0 0 0 0 0 1 0 0 0 0 0 0 0 0 0 0 0 0 0 0 0 0 0 0 0 0 0 0 0 0 0 0 0 0 0 0 0 0 0 0 0 0 1024 0 0 0 0 0 0 0 0 0 0 0 0 0 0 0 0 0 0 0 0 0 0 0 0 0 0 0 0 0 0 0 0 0 0 0 0 1024 0 0 0 0 0 0 0 0 0 0 0 0 0 0 32 0 0 0 0 0 0 0 0 0 0 0 0 0 0 0 0 0 0 0 0 0 0 0 0 0 0 0 0 0 0 0 0 0 0 0 8 0 0 0 0 0 0 0 0 0 0 0 0 0 0 0 0 0 0 0 0 0 0 0 0 0 0 0 0 0 0 0 0 0 0 0 0 0 0 0 0 0 0 0 0 0 0 0 0 0 0 0 0 131072 0 0 0 0 0 0 0 0 0 0 0 0 0 0 0 0 0 0 0 0 0 0 0 0 0 0 0 0 0 0 0 0 0 0 0 0 0 0 0 0 0 0 0 0 0 0 0 0 0 0 0 0 0 0 0 0 0 0 0 0 0 0 0 0 0 0 0 0 0 0 0 0 0 0 16384 0 0 0 0 0 0 0 0 0 0 0 0 0 0 0 0 0 0 0 0 0 0 0 0 0 0 0 0 0 0 0 0 0 0 0 0 0 4096 0 0 0 0 0 0 0 0 0 0 0 0 0 0 0 0 0 0 0 0 0 0 0 0 4096 0 0 0 0 67108864 0 0 0 0 0 0 0 0 0 0 0 0 0 0 0 0 0 0 0 0 0 2147483648 0 0 64 0 0 0 0 0 0 0 0 0 0 0 0 0 0 0 0 0 0 0 256 0 0 67108864 1073741824 0 0 0 4 0 0 0 0 0 0 0 0 0 0 0 0 0 0 0 0 0 0 0 0 65536 0 0 0 0 0 0 0 0 0 0 0 0 0 0 0 0 0 0 2 0 0 0 0 0 0 0 0 0 0 0 0 0 0 0 0 0 0 0 0 0 0 0 0 0 0 0 0 0 0 0 0 0 0 0 0 0 0 0 0 67108864 0 0 0 0 0 0 0 0 0 0 0 0 0 0 0 0 0 0 134217728 0 0 0 0 0 0 0 0 0 0 0 0 2 0 2097152 0 0 0 0 0 0 0 2147483648 0 16 0 0 0 0 0 0 0 0 0 0 0 0 0 2048 0 0 0 0 0 0 0 0 0 0 2099200 12 0 0 0 0 0 0 0 0 0 0 0 0 0 0 0 0 0 0 0 0 0 0 0 0 0 0 0 0 0 0 0 0 0 0 0 0 0 0 0 0 0 0 0 0 0 0 0 0 0 0 0 0 0 0 0 0 0 0 0 0 0 0 512 0 0 0 0 0 0 0 0 0 0 0 0 0 0 0 0 0 0 0 0 0 0 0 0 0 0 0 0 0 0 0 0 0 0 0 0 0 0 0 0 0 0 0 0 0 0 0 0 0 0 0 0 0 0 0 0 0 0 0 0 0 0 0 0 0 0 16 0 0 0 0 0 0 0 16384 0 0 0 0 0 0 0 0 0 0 0 0 0 0 0 0 0 0 0 0 0 0 0 0 0 0 0 0 0 0 0 0 0 0 0 0 0 0 0 0 0 0 0 0 0 0 1024 0 0 0 0 0 0 0 0 0 0 0 0 0 0 0 0 0 0 0 0 64 0 0 0 0 0 0 0 0 0 0 0 0 0 16777216 0 0 0 134217728 0 0 0 0 0 0 0 0 0 0 0 0 0 0 0 0 0 0 0 0 0 0 0 0 0 0 0 0 0 0 0 0 0 0 0 0 0 0 0 0 0 4 0 0 0 0 0 0 0 0 0 0 0 0 0 0 0 0 0 0 0 0 0 0 0 0 0 0 0 0 0 0 0 0 0 32 0 0 16384 0 0 0 0 0 0 0 0 0 0 0 0 0 0 0 0 512 0 0 0 0 0 0 0 0 0 0 0 0 0 0 0 0 0 0 0 0 0 0 0 0 0 0 0 0 0 0 0 0 0 262144 0 0 0 0 0 0 0 0 0 0 0 0 0 0 0 0 0 0 0 0 0 0 0 0 0 0 0 0 0 0 0 0 0 0 0 0 0 256 0 0 0 0 0 0 0 0 0 0 0 0 0 0 0 0 0 0 0 0 0 0 0 0 0 0 0 0 0 0 0 0 0 0 0 0 0 0 0 0 0 0 0 0 0 0 0 0 0 0 0 0 0 0 0 0 0 0 0 0 0 0 0 0 0 0 0 0 0 0 0 0 0 0 0 0 0 0 0 0 0 0 0 8388608 0 0 0 0 0 0 16 67108864 0 0 0 0 0 0 0 0 0 0 0 32768 0 0 0 0 0 0 0 0 0 134217728 0 0 0 0 0 0 0 0 0 0 0 0 67108864 0 0 0 0 0 0 0 0 0 536870912 0 0 0 0 268435456 0 0 524288 0 0 0 0 0 0 0 0 0 16777216 0 0 0 2097152 0 0 0 0 0 0 0 0 0 0 0 0 0 0 0 0 0 0 0 0 0 0 0 0 0 0 0 0 0 0 0 0 0 0 0 0 0 134217728 0 0 0 0 0 0 0 0 0 0 32768 0 128 512 0 0 0 67108864 0 0 0 0 0 0 0 0 0 0 0 0 0 0 0 0 0 0 0 0 0 0 0 0 0 0 0 0 0 0 0 0 0 0 0 0 0 0 0 0 0 0 0 0 0 0 0 0 0 0 0 0 0 0 0 0 0 0 0 0 0 0 0 1024 0 0 0 0 0 0 0 0 0 0 0 0 0 0 0 0 0 0 0 0 0 0 0 0 0 0 0 0 0 0 0 0 0 0 0 0 32 0 0 0 0 0 0 0 0 0 0 0 0 0 0 0 0 1073741824 8 0 0 0 0 0 0 0 0 0 0 0 0 0 0 0 4 0 0 0 0 0 0 0 0 0 0 0 0 0 0 0 0 0 0 0 0 0 0 0 0 0 0 0 0 0 0 0 0 0 0 0 0 0 0 0 0 0 0 0 0 0 0 0 0 0 0 0 0 0 0 0 0 0 0 0 0 0 0 0 0 0 0 0 0 0 0 0 0 0 0 0 0 0 0 0 0 0 0 0 0 0 0 0 0 0 0 0 0 0 0 0 0 0 0 0 0 0 0 0 0 0 0 0 0 0 0 0 0 0 0 0 0 0 0 0 0 0 0 0 0 0 0 0 0 0 0 0 0 0 0 0 0 0 0 0 0 0 0 0 0 0 0 0 4194304 0 0 0 0 0 0 0 0 0 0 0 0 0 0 0 0 0 0 0 0 0 0 0 0 0 0 0 0 0 0 0 0 0 0 0 0 0 131072 0 0 0 0 0 0 0 0 0 0 0 0 0 0 0 0 0 0 0 0 0 0 0 0 0 0 0 0 0 0 0 0 0 0 0 0 0 0 0 0 0 0 0 0 0 0 0 0 0 0 0 0 0 0 0 0 0 0 0 0 0 0 0 0 0 0 0 0 0 0 0 0 0 0 0 0 0 0 0 0 0 0 0 0 0 0 0 0 0 0 0 0 0 0 0 0 0 131072 0 0 0 0 0 0 0 0 0 0 0 0 0 0 0 0 0 0 0 0 0 0 0 0 0 0 0 0 0 0 0 0 0 0 0 0 0 67108864 0 0 0 0 0 0 0 0 0 0 0 0 0 0 0 0 0 0 0 0 0 0 0 0 0 0 0 0 0 0 0 0 0 0 0 0 0 0 0 0 0 0 0 0 0 0 0 0 0 0 0 0 0 0 0 0 0 0 0 0 0 0 0 0 0 0 0 0 0 0 0 0 0 0 0 0 0 0 0 0 0 0 0 0 0 0 0 0 1024 0 0 0 0 0 0 0 0 0 0 0 0 0 0 0 0 0 0 0 0 0 0 0 0 32768 0 0 0 0 0 0 0 0 0 0 0 0 0 0 0 0 0 0 0 0 131072 0 0 8388608 0 4096 0 0 268435456 4 0 33554432 0 0 0 0 0 0 0 8 0 0 0 0 0 0 131072 0 0 0 0 0 0 0 0 0 16 0 0 0 0 0 0 1 0 0 0 0 0 0 0 0 0 0 0 0 536870912 0 0 0 0 2147483648 16777216 0 0 0 0 0 0 0 0 0 0 0 0 4198400 0 0 0 0 0 0 0 0 0 0 0 0 0 0 0 0 0 0 0 0 0 0 0 0 0 0 0 0 0 0 0 0 0 0 0 0 0 0 0 0 0 0 0 0 0 0 0 0 0 0 0 0 0 0 0 0 0 0 0 0 0 32 0 0 0 0 0 0 0 0 268435456 0 0 0 512 0 0 0 0 0 0 0 0 0 0 0 0 0 0 0 0 0 0 0 0 0 0 0 0 0 0 16384 0 0 0 0 0 0 2147483648 0 0 0 0 0 0 0 0 0 0 0 0 0 0 0 0 0 0 0 33562624 0 0 0 0 0 0 0 0 0 0 0 0 0 0 0 0 0 0 0 0 0 4194304 0 0 0 0 0 0 0 0 0 2048 0 0 0 0 4096 0 0 0 0 0 0 0 0 0 0 0 0 0 0 0 0 0 0 0 0 0 0 0 0 0 0 0 0 0 0 0 0 0 0 1 0 0 0 0 0 0 0 0 0 0 0 0 0 0 0 0 2097152 0 0 0 0 0 0 0 0 0 0 0 0 0 0 0 0 0 0 0 0 0 0 0 0 0 0 0 0 0 0 0 0 0 0 0 0 0 0 0 0 0 0 0 0 0 0 0 0 0 0 0 0 0 0 0 0 0 0 0 0 0 0 0 0 0 0 0 0 0 0 0 0 0 0 0 0 0 0 0 0 0 0 0 536870912 0 0 0 0 0 0 0 0 0 0 0 0 0 0 0 0 0 0 0 0 0 0 0 0 0 0 0 0 0 0 0 0 0 0 0 0 0 0 0 0 0 0 0 0 0 0 0 0 0 0 0 0 0 0 0 0 0 0 0 0 0 0 0 0 0 0 4096 0 0 0 0 0 0 0 0 0 0 0 0 0 0 0 0 0 0 0 0 0 0 0 0 0 0 0 0 0 0 0 0 0 0 0 0 33554432 0 0 0 0 0 0 0 0 0 0 0 0 0 0 0 0 0 0 0 0 0 0 0 0 0 0 0 0 0 0 0 0 0 0 0 0 0 0 0 0 0 0 0 0 0 0 0 0 0 0 0 0 0 0 0 0 0 0 0 0 0 0 0 0 0 0 0 0 0 0 0 0 0 0 0 0 0 0 0 0 0 0 0 0 0 0 0 0 32 0 0 0 0 0 0 0 0 8 0 0 0 0 0 0 0 0 0 0 0 0 0 0 0 0 0 0 0 0 0 0 0 0 0 0 0 0 0 0 0 0 0 0 0 0 0 0 0 0 0 0 0 0 0 0 0 0 0 0 0 0 0 0 0 0 0 0 0 0 0 0 0 0 0 0 0 0 0 0 0 0 134217728 0 0 0 0 0 0 0 0 0 0 0 0 0 0 0 0 0 0 0 0 0 0 0 0 0 0 0 0 0 0 0 0 0 0 0 0 0 0 0 0 2048 0 0 0 0 0 0 0 0 0 0 0 0 0 0 0 0 0 0 0 0 0 0 0 0 0 0 0 0 0 131072 0 0 16 0 0 0 0 0 8192 0 0 8388640 0 18 0 0 0 16 0 0 0 0 0 0 0 0 0 0 0 0 0 0 0 0 0 0 0 0 0 0 0 0 0 0 0 0 0 0 0 0 0 0 0 0 8192 0 0 0 0 0 0 0 0 0 0 0 8388608 0 0 0 0 0 0 0 0 0 0 0 0 0 0 0 0 2147483648 0 0 0 0 0 0 0 0 0 0 0 0 0 0 0 0 0 0 0 0 0 0 0 0 0 0 0 0 0 0 0 0 0 1024 0 0 0 0 0 0 0 0 0 0 0 0 0 0 0 0 0 0 0 0 0 0 0 0 0 0 0 0 0 0 0 0 0 0 0 0 0 0 0 2048 4096 0 0 524288 0 4 0 0 0 0 0 0 16 0 0 0 0 0 536870912 0 0 0 0 0 0 0 0 0 0 0 0 0 0 0 0 0 0 16777216 0 0 0 0 0 0 0 512 0 0 0 0 0 0 0 0 0 0 0 0 0 0 0 64 0 0 0 0 0 0 0 0 0 512 65536 0 0 0 0 0 0 0 0 0 0 0 0 0 0 0 0 0 0 0 0 0 0 0 0 0 0 0 0 0 0 0 0 0 0 0 0 0 0 0 0 0 0 0 0 0 0 0 0 0 0 0 0 0 0 0 0 0 0 0 0 0 0 0 0 0 0 0 0 0 0 0 0 0 0 0 0 0 0 0 0 0 0 0 0 0 0 0 0 0 0 0 0 0 0 0 0 0 0 0 0 0 0 0 0 0 1024 0 0 0 0 0 0 0 0 0 0 0 0 0 2 0 0 0 0 0 0 0 0 0 0 0 0 0 0 0 0 0 0 0 0 0 0 0 0 0 0 0 0 0 0 0 0 0 0 0 0 0 0 0 0 0 0 0 0 0 0 0 0 0 0 0 0 0 0 0 0 0 0 0 0 0 0 0 0 0 0 0 0 0 0 0 0 0 0 0 0 0 0 0 0 0 0 0 0 0 0 0 0 0 0 0 0 0 0 0 0 0 0 0 0 0 0 0 0 0 0 0 0 0 0 0 0 0 0 0 0 0 0 0 0 0 0 0 0 0 0 0 0 0 0 0 0 0 0 0 0 0 0 0 0 0 0 0 0 0 0 0 0 0 0 0 0 0 0 0 0 0 0 0 0 0 0 0 0 0 0 0 0 0 0 0 64 0 0 0 0 0 0 0 0 0 0 0 0 0 0 0 0 0 0 0 0 0 0 0 0 0 0 0 0 0 0 0 0 0 0 0 0 0 0 0 0 0 0 0 0 0 1048576 0 0 0 0 0 0 0 0 0 0 0 0 0 0 0 0 0 0 0 0 0 0 0 0 0 0 0 0 0 0 0 0 0 0 0 0 0 0 0 0 0 0 0 0 0 0 0 0 0 0 0 0 0 0 0 0 0 0 0 0 0 0 0 0 0 0 0 0 0 0 0 0 0 0 0 0 0 0 0 0 0 0 0 0 0 0 0 0 0 0 0 0 0 0 256 0 0 0 0 0 0 0 0 0 0 0 0 0 0 0 0 0 0 65536 0 0 0 0 0 0 0 0 0 0 0 0 0 0 0 0 0 0 0 268435456 0 0 0 1048576 0 0 0 0 0 0 0 0 0 0 0 0 4096 16793600 0 8 0 0 0 0 0 0 0 0 0 0 0 1048576 0 0 0 0 0 4194304 0 8 0 0 0 0 0 0 0 0 0 0 0 0 0 0 0 0 0 0 0 0 0 0 0 0 0 0 0 1024 0 0 0 0 0 0 0 0 0 0 0 0 0 0 67108864 0 0 0 0 0 0 0 512 0 32 0 0 0 0 0 0 256 0 0 0 0 0 0 0 0 0 0 0 0 0 0 524288 0 0 0 0 2 0 0 0 524288 0 16 0 0 0 0 0 0 0 0 0 2048 0 256 0 0 0 0 0 0 0 0 0 0 0 0 0 0 0 0 0 0 0 0 0 0 0 0 0 0 0 0 0 0 0 0 0 0 0 0 0 0 0 0 0 0 0 0 0 0 0 0 258 0 0 0 0 0 0 0 0 0 0 0 0 0 0 0 0 0 0 0 0 0 0 0 0 0 0 0 0 0 0 16 0 1024 0 0 0 0 0 0 0 0 0 0 0 0 0 0 0 0 0 0 0 0 0 0 0 0 0 0 0 1074003968 0 0 0 0 0 0 0 0 0 0 0 0 0 0 0 0 0 0 0 0 0 0 0 0 0 0 0 0 0 0 0 0 0 0 1 0 0 0 0 0 0 0 0 0 0 0 0 0 0 0 0 0 0 0 0 0 0 0 0 0 0 0 0 0 0 0 0 1073741824 0 64 0 0 0 0 0 0 0 0 0 0 0 0 0 0 0 524288 0 0 0 0 0 0 0 0 0 0 0 0 8388608 0 0 0 0 0 0 0 0 0 0 0 0 0 0 0 0 0 0 0 2048 0 0 0 0 0 0 0 0 0 0 134217728 0 0 0 0 33554432 0 0 0 0 0 0 0 0 0 0 0 0 0 0 0 0 0 0 0 0 0 0 0 0 0 67108864 0 0 0 0 0 0 0 0 0 0 0 0 0 0 0 0 0 0 0 0 0 0 0 16384 0 0 0 4194304 0 0 0 0 1073741824 16 0 0 0 0 0 0 0 0 0 0 0 0 0 0 0 0 0 0 0 0 0 0 0 0 0 0 0 0 0 0 0 0 0 0 0 0 0 0 0 0 0 0 0 0 0 0 0 0 0 0 0 0 0 0 0 0 0 0 0 0 0 0 0 0 0 0 0 0 0 0 0 16777216 0 0 0 0 0 0 2147483648 0 0 0 0 0 0 0 0 0 0 0 0 0 0 0 0 0 0 0 0 0 0 0 0 0 0 0 0 0 0 0 0 131072 0 0 8 0 0 0 0 0 0 0 0 0 0 0 0 0 0 0 0 0 0 0 0 0 0 0 0 0 0 33554432 0 0 0 0 0 0 0 0 0 0 0 0 0 0 0 0 0 0 2147483648 0 0 256 0 0 0 0 0 0 0 0 0 0 0 0 0 0 0 0 0 0 0 0 0 0 0 0 0 0 0 0 0 0 0 0 0 0 0 0 0 0 0 0 0 0 0 0 0 0 0 0 0 0 0 0 0 0 0 0 0 0 0 0 0 0 0 0 0 0 0 0 0 0 0 0 0 0 0 0 0 0 0 0 0 0 0 0 8192 0 0 0 0 0 0 0 0 0 0 0 0 0 0 0 0 0 0 0 0 0 0 0 0 0 0 0 0 0 0 0 4096 0 0 0 0 0 0 0 33554432 0 4194304 0 0 0 0 0 0 0 33554432 0 0 0 0 0 0 0 0 0 0 0 0 262144 0 0 0 0 0 0 0 0 0 0 0 0 0 0 0 0 0 0 0 0 0 0 0 0 0 0 0 0 0 0 0 0 0 0 0 0 0 0 0 0 0 0 0 0 0 0 0 0 0 0 0 0 0 0 0 0 0 0 0 0 0 0 0 0 0 0 0 0 0 32 0 0 0 0 0 0 0 0 0 0 0 0 0 0 0 0 0 0 0 0 0 0 0 0 0 0 0 0 0 0 0 0 0 0 0 0 0 0 0 0 0 0 0 0 0 0 0 0 0 0 0 0 0 0 0 0 0 0 0 0 0 0 0 0 0 32 268435456 0 0 0 0 0 0 0 0 0 0 0 0 2147483648 0 0 0 0 0 0 0 0 0 0 0 0 0 0 0 0 0 0 0 0 0 0 0 0 0 0 0 0 0 0 0 0 0 0 0 0 0 0 0 0 0 0 0 0 0 128 0 0 0 0 0 2048 2 0 0 0 0 0 0 0 0 0 0 0 0 0 0 0 0 0 0 0 0 0 0 0 0 0 0 0 0 0 0 0 0 0 0 0 0 0 0 0 0 0 0 0 0 0 0 0 0 0 0 0 0 0 2048 0 0 0 0 0 0 0 0 0 0 0 0 0 0 0 134217728 0 0 0 0 0 0 0 0 0 0 0 0 0 0 0 0 0 0 0 0 0 0 0 0 0 0 0 0 0 0 0 0 0 0 0 131072 0 0 0 0 0 0 0 0 0 0 0 0 0 0 0 0 0 0 0 0 0 0 0 0 0 0 0 0 0 0 0 0 0 0 0 0 0 0 0 0 0 0 0 0 0 0 0 0 1073741824 0 0 0 0 0 0 0 0 0 0 0 0 0 0 0 0 0 0 0 0 0 0 0 0 0 0 0 0 0 0 0 0 0 0 0 4 0 0 0 0 0 0 0 0 0 0 0 0 0 0 0 0 0 0 0 0 0 0 0 0 0 0 0 0 0 0 0 0 0 0 0 0 0 0 0 0 0 0 0 0 0 0 0 0 0 0 0 0 0 0 0 0 0 0 0 0 0 0 0 0 0 0 0 0 0 0 0 0 0 0 0 0 0 0 0 0 0 0 0 0 0 0 0 0 0 0 0 0 0 0 0 0 0 0 0 0 256 0 0 0 0 0 0 0 4 0 0 0 0 0 0 0 0 0 0 0 0 0 0 0 0 0 0 0 0 0 0 0 0 0 0 0 0 0 0 0 0 0 0 0 0 0 0 0 0 1048576 0 0 0 0 0 0 0 0 0 0 0 0 0 0 0 0 0 0 0 0 0 0 0 0 0 0 0 0 0 0 0 0 0 0 0 0 0 0 0 0 0 0 0 0 0 0 0 0 0 0 134217728 0 0 0 0 0 0 0 0 0 0 0 0 0 0 524288 0 0 0 0 0 0 0 0 0 0 0 0 0 0 0 536870912 0 0 0 0 0 8388608 0 0 0 0 0 0 0 0 0 0 0 0 0 0 0 0 0 0 0 0 0 0 0 0 0 0 0 0 0 0 0 0 0 0 0 0 0 0 0 0 0 0 0 0 0 0 0 0 0 0 0 128 0 0 0 0 0 0 0 0 0 0 0 262144 0 0 0 0 0 0 0 0 0 0 0 1048576 0 0 0 0 0 0 0 0 0 0 0 0 0 0 0 8 0 0 0 0 0 0 0 0 0 0 0 0 2147483648 0 0 0 0 0 0 0 0 0 0 0 1 0 0 0 0 0 0 0 0 0 0 0 0 0 0 0 0 0 134217728 0 0 512 0 0 0 0 0 0 0 0 0 0 0 0 0 0 0 0 0 0 0 0 0 0 0 0 0 0 0 0 0 0 0 131072 0 0 0 0 0 0 0 0 0 0 0 0 0 0 0 0 0 0 0 32768 0 0 0 0 0 131072 0 0 0 0 0 0 0 0 0 0 0 0 0 0 0 0 0 0 0 0 0 1048576 0 0 4096 0 0 0 0 0 0 0 0 0 0 0 0 0 0 0 0 0 0 0 0 0 0 0 0 0 0 0 0 0 0 0 2147485696 0 0 0 0 0 0 0 0 0 0 0 0 32768 0 0 0 0 0 0 0 0 0 0 0 0 0 0 0 0 0 32768 0 0 0 64 0 0 0 512 0 0 1024 4 2 4 0 0 0 0 1024 0 2 0 0 0 0 0 0 0 0 0 0 0 0 0 0 0 0 0 0 0 0 0 0 0 0 128 0 0 0 0 0 0 0 0 0 0 0 0 0 0 0 0 0 0 0 0 512 0 0 0 0 0 0 0 0 0 0 0 0 0 0 0 0 0 0 0 0 0 0 0 0 0 0 0 0 0 0 0 0 0 0 0 0 0 0 0 0 0 0 0 0 0 0 0 0 0 0 0 0 0 0 0 0 0 0 0 0 0 0 0 0 0 1024 0 0 0 0 0 0 0 0 0 0 0 0 0 0 0 0 0 0 0 0 0 0 0 0 0 0 0 0 0 0 0 0 0 0 0 0 0 0 0 0 0 32 0 0 0 0 0 0 0 0 0 0 0 0 0 0 0 0 0 0 2097152 0 0 0 0 0 0 0 0 0 0 1073741824 0 0 0 65536 0 0 0 0 0 0 0 0 0 0 0 0 0 0 0 0 0 0 0 0 0 0 0 0 0 0 0 0 0 0 0 0 0 0 0 0 0 0 0 0 0 0 0 0 0 0 0 0 0 0 0 0 0 0 0 2048 0 0 0 0 0 0 0 0 0 0 0 0 0 0 0 0 0 0 0 0 0 0 0 0 0 0 0 0 0 0 0 0 0 8388608 0 0 0 0 0 0 0 0 0 0 0 0 0 0 0 0 0 0 0 0 0 0 0 0 0 0 0 0 0 0 0 0 0 0 0 0 0 0 0 0 0 0 0 0 0 0 0 0 0 0 0 0 0 16777216 0 0 0 0 0 0 0 0 0 0 0 0 0 0 0 0 0 0 0 0 0 0 0 0 0 0 0 0 0 0 0 0 0 0 0 0 0 0 0 0 0 0 0 0 0 0 0 0 0 0 0 0 0 0 0 0 0 0 0 0 0 0 0 0 0 0 0 0 0 0 0 0 0 0 0 0 0 0 0 0 0 0 0 0 0 0 0 128 0 0 0 0 0 0 0 0 0 0 0 0 0 0 0 0 0 0 0 0 0 0 0 0 0 0 0 0 0 0 0 0 0 0 0 0 0 0 0 0 0 0 0 0 0 0 0 0 32 0 0 0 0 0 0 0 0 0 0 0 0 0 0 0 0 0 0 0 0 0 0 0 0 0 0 0 0 1073741824 0 0 0 0 0 0 0 0 0 0 0 0 0 0 0 0 0 0 268435456 0 4096 0 0 0 0 0 0 0 0 0 0 0 0 0 0 0 0 0 0 0 0 0 0 0 0 0 0 0 0 0 0 0 0 524288 0 0 0 0 0 0 33554432 0 16777216 0 0 0 16777216 0 0 0 0 0 0 0 0 0 0 8192 0 0 0 0 0 0 0 0 0 0 0 0 0 0 0 0 0 0 0 0 0 0 0 0 1048576 0 0 0 0 0 0 0 0 0 0 0 0 0 0 0 0 0 0 0 0 0 0 0 0 0 0 0 0 0 0 0 0 0 0 0 524288 0 0 0 0 0 0 0 0 0 0 0 0 0 0 0 0 0 0 0 0 0 0 0 0 0 67108864 0 0 0 0 0 0 0 0 0 0 0 0 0 0 0 512 0 0 0 65536 0 0 0 0 0 0 0 0 0 0 0 64 0 0 0 0 0 0 0 0 128 0 0 0 65536 524288 0 0 0 4096 0 0 0 0 0 131072 0 0 0 0 0 0 0 0 0 0 0 0 0 0 0 0 0 0 0 0 0 0 0 0 0 0 0 0 0 0 0 0 0 0 0 0 0 0 0 0 0 0 134217728 0 0 0 0 0 0 0 0 0 0 0 0 0 0 0 0 0 0 0 0 0 0 0 0 0 0 0 0 0 0 0 0 0 0 0 0 0 0 0 0 0 0 0 0 0 0 0 0 0 0 0 512 0 0 0 0 0 0 0 0 0 0 0 0 0 0 0 0 0 0 0 0 0 0 0 0 0 0 0 0 67108864 0 0 0 0 0 0 0 0 0 0 0 0 0 0 0 0 0 0 0 0 0 0 0 0 0 0 0 0 0 0 0 0 0 0 0 0 0 0 0 0 0 0 0 0 0 0 0 0 0 0 0 0 0 0 0 0 67108864 0 0 0 2097152 0 0 0 0 0 0 0 0 0 0 0 0 0 0 0 0 0 0 0 0 0 0 0 0 0 0 0 0 0 0 0 0 0 0 0 0 0 0 0 0 0 0 0 0 0 0 0 0 0 0 0 0 0 0 0 0 0 0 0 0 0 0 0 0 0 0 0 0 0 0 0 0 0 0 0 0 0 0 0 0 0 0 0 0 0 0 0 0 0 0 0 0 0 0 0 0 0 0 0 0 0 0 0 0 0 0 0 0 0 0 0 0 0 0 0 0 0 0 0 0 0 0 0 0 0 0 0 0 0 0 0 0 0 0 0 0 0 0 0 0 0 0 0 0 0 0 0 0 0 0 0 0 0 0 0 0 0 0 0 0 0 0 0 0 0 0 0 0 0 0 2097152 131072 0 0 0 0 0 0 0 0 0 0 0 0 0 0 0 0 0 0 0 0 0 0 0 0 0 0 0 0 0 0 0 0 0 0 0 0 0 0 0 0 0 0 0 0 0 0 0 0 0 0 0 0 0 0 0 0 0 0 0 0 0 0 0 0 0 0 0 0 0 0 0 0 0 0 16384 0 0 0 0 0 0 0 0 0 0 0 0 0 0 0 0 0 0 0 0 0 0 0 0 0 0 0 0 0 0 0 0 0 0 0 0 0 0 0 0 0 0 0 0 0 0 0 0 0 0 0 16777216 0 0 0 8388640 0 4160 0 0 0 0 0 0 0 0 0 0 0 0 0 0 0 0 0 0 0 0 0 0 0 0 0 0 0 0 0 0 0 8192 0 0 0 0 0 0 0 0 0 0 0 0 0 0 0 0 0 65537 0 32 0 0 0 0 0 0 32768 0 0 0 0 0 0 0 0 0 0 0 0 32768 0 0 0 0 0 0 0 0 0 0 0 0 0 0 0 0 16777216 0 0 0 1 0 0 0 0 33554432 0 0 0 0 0 0 0 0 0 0 0 0 0 0 0 0 0 0 0 0 0 0 0 0 0 1048576 0 0 0 0 0 0 0 0 0 0 0 0 0 0 0 0 0 0 0 0 0 0 0 0 0 0 0 0 0 0 0 256 0 0 0 8192 0 0 0 128 0 0 0 0 0 0 0 0 0 0 0 0 0 2097152 0 0 0 2097152 0 0 0 0 0 0 0 0 0 0 0 32768 0 0 0 0 0 0 0 0 0 0 0 0 0 0 0 0 0 0 0 0 0 0 0 4 0 0 0 0 0 0 0 0 16384 4 196612 1075086336 4 0 0 0 0 0 0 0 0 0 0 0 0 0 0 0 0 0 0 1024 0 536870912 0 0 0 0 0 0 0 0 0 0 0 0 0 0 0 0 0 0 0 0 0 0 0 0 0 0 0 0 0 0 0 0 0 0 0 0 0 0 0 0 0 0 0 0 0 0 0 0 0 0 0 0 0 0 0 0 0 0 0 0 0 0 0 0 0 0 0 0 0 0 0 0 0 0 0 0 0 0 0 0 0 1073741824 0 0 0 0 0 0 0 0 0 0 0 0 0 0 0 0 0 0 0 0 0 0 0 0 0 0 0 0 0 0 0 0 0 0 0 0 0 0 0 0 0 0 0 0 0 0 0 0 0 0 0 0 0 0 0 0 0 0 0 0 0 0 0 0 0 0 0 0 0 0 0 0 0 0 0 0 0 0 0 0 0 0 0 0 0 0 0 1 0 0 0 0 0 0 0 0 0 0 0 8192 0 0 0 0 0 0 0 0 0 0 0 0 0 0 0 0 0 0 0 0 0 0 0 0 0 0 0 0 0 0 0 0 0 0 0 0 0 0 0 0 0 0 0 0 0 0 0 0 0 0 0 0 0 0 0 32768 0 0 0 0 0 0 0 0 0 0 0 0 0 0 64 0 0 0 0 0 0 0 0 0 0 0 0 0 0 0 0 0 0 0 0 0 0 0 0 0 0 0 0 0 0 0 0 131072 0 0 0 0 0 0 0 0 0 0 0 0 0 0 0 0 0 0 0 0 0 0 0 0 0 0 0 0 0 0 0 0 0 0 0 0 0 0 0 0 0 0 0 0 0 0 0 0 0 0 0 0 0 0 0 0 0 0 0 0 0 0 0 0 0 0 0 0 0 0 0 0 0 0 0 0 0 0 0 0 0 0 0 0 0 0 0 0 0 0 0 0 0 0 0 0 0 0 0 0 0 0 0 0 0 0 0 0 0 0 0 0 0 0 0 0 0 4 0 0 0 0 0 0 0 0 0 0 0 0 0 0 0 0 0 0 0 0 0 0 0 0 0 0 0 0 0 0 0 0 0 0 0 0 0 0 0 0 0 0 0 0 0 0 0 0 0 0 0 0 0 0 0 0 0 0 0 0 0 0 0 0 131072 0 0 0 8388608 0 0 0 0 0 16777216 0 0 0 0 0 67108864 0 131072 0 0 0 0 0 0 0 0 0 0 0 0 0 0 0 0 0 0 0 0 0 0 0 0 0 0 0 0 268435520 0 0 64 0 0 0 0 0 0 0 131072 0 0 0 0 0 0 0 0 0 0 0 0 0 0 0 0 0 0 0 0 0 0 0 0 0 0 0 0 0 0 0 0 0 0 0 0 0 0 0 0 0 0 0 0 0 0 0 0 0 0 0 0 0 0 0 0 0 0 0 0 0 0 0 0 0 0 0 0 0 0 0 0 0 0 0 0 0 0 0 0 0 0 0 4 0 0 0 0 0 0 0 0 0 0 0 0 0 0 0 0 0 0 0 0 0 0 0 0 0 0 0 536870912 0 268435456 0 0 0 0 0 0 0 0 0 0 0 0 0 0 33554432 0 0 0 0 0 0 0 0 0 262144 0 0 64 0 0 0 0 0 0 0 0 0 0 0 0 0 0 0 0 0 0 0 0 2097152 4096 0 0 0 0 0 0 2147483648 0 0 536870912 0 33554432 0 1344514 0 0 0 0 0 0 0 0 0 0 0 0 0 0 0 0 0 0 0 0 0 0 0 0 0 0 0 0 0 0 0 0 0 0 0 0 4096 0 0 0 0 0 0 0 0 0 131072 0 0 0 0 2097152 1073741824 0 0 0 0 0 0 0 0 0 0 0 0 0 0 0 0 0 0 0 0 0 0 0 0 0 0 0 0 0 0 0 0 0 32 0 0 0 0 0 0 0 0 0 0 0 0 0 0 0 0 0 0 0 0 0 0 0 0 0 0 0 0 524288 0 0 0 0 0 0 0 0 0 0 0 0 0 0 0 0 0 0 0 0 0 0 0 0 0 0 0 0 0 0 0 0 0 0 0 0 0 0 0 0 0 0 0 0 0 0 0 0 0 64 0 0 262144 0 0 0 0 0 0 0 0 0 0 0 0 0 1 0 0 0 0 0 0 0 0 0 0 0 0 0 0 0 0 0 0 0 0 0 0 0 0 0 0 0 0 0 0 0 0 0 0 0 0 0 0 2097664 0 0 0 0 0 0 0 0 0 0 0 0 0 0 0 0 0 0 0 0 0 0 0 0 0 0 0 0 0 0 0 0 0 0 0 0 0 0 0 0 0 0 0 0 262144 0 0 0 0 0 0 0 0 0 0 0 0 0 0 0 0 0 0 0 0 0 0 0 0 0 0 0 0 0 0 0 0 0 0 0 0 0 0 0 0 0 0 0 0 32768 0 0 0 0 0 0 0 0 0 0 0 0 0 0 0 0 0 0 0 0 0 0 0 0 0 0 0 0 0 0 0 0 0 0 0 0 0 0 0 0 0 0 0 0 0 0 0 0 0 0 0 0 0 0 0 0 0 0 0 0 0 0 0 0 0 0 0 0 0 0 0 0 0 0 0 0 0 0 0 0 0 0 0 0 0 0 0 0 0 0 0 0 0 0 0 0 0 0 0 0 0 0 0 0 0 0 0 0 0 0 0 0 0 0 1024 0 0 0 0 0 0 0 0 0 0 0 0 0 0 0 0 0 0 0 0 0 0 0 0 0 0 0 0 0 0 0 0 0 0 0 0 0 0 0 0 0 0 0 0 0 0 0 0 32 0 0 0 0 0 4 0 0 0 0 0 8388672 0 0 8192 0 0 524288 0 0 0 0 0 0 0 0 0 0 0 67108864 0 0 0 0 0 0 0 0 0 0 0 0 0 0 0 0 0 0 0 0 0 0 0 0 0 0 0 0 0 0 0 0 0 0 0 0 0 0 1 0 0 0 0 0 0 0 0 0 0 33554432 0 0 0 0 0 0 0 0 0 0 512 0 0 0 0 0 0 0 0 0 0 0 0 0 0 0 0 33554432 0 0 0 0 0 0 0 0 0 0 0 0 0 0 0 0 0 0 0 0 0 0 0 0 0 0 0 0 0 0 0 0 0 0 4194304 0 0 0 0 0 0 0 0 0 0 0 0 0 0 0 0 0 0 0 0 0 0 0 0 0 0 0 0 0 0 0 0 0 0 0 0 0 0 0 536870912 67108864 0 0 0 0 0 0 0 0 0 0 0 0 0 0 0 0 33554432 0 0 0 0 0 0 0 0 0 0 0 0 0 32768 0 0 0 0 0 0 0 0 0 0 0 0 0 0 0 0 33554432 0 0 0 0 0 0 0 0 64 0 0 0 0 0 0 0 0 0 0 0 0 0 0 0 0 0 0 0 0 0 0 0 0 0 0 0 0 0 0 0 0 0 0 0 0 0 0 0 0 0 0 0 0 0 0 0 0 0 0 0 0 0 0 0 0 0 0 0 0 0 0 0 0 0 0 0 0 0 0 0 0 0 0 0 0 0 0 0 0 0 0 0 536870912 0 0 0 0 0 0 524288 0 131072 0 0 0 0 0 0 0 0 0 0 0 0 0 0 0 0 0 0 0 0 0 0 0 0 0 256 0 0 0 0 0 0 0 0 0 0 0 0 0 0 0 0 0 134217728 0 0 0 0 0 0 0 0 0 0 0 0 0 0 0 0 0 0 0 0 0 0 0 0 0 0 0 0 0 0 0 0 0 0 0 0 0 0 0 0 0 0 0 0 0 0 0 0 0 0 0 0 0 0 0 4194304 0 0 0 0 0 0 0 0 0 0 0 0 0 0 0 0 0 0 0 0 0 0 0 0 0 0 0 0 0 0 0 0 0 0 0 0 0 0 0 0 0 0 0 0 0 0 0 0 0 0 0 0 0 0 0 0 0 0 0 0 0 0 0 0 0 0 0 0 0 0 0 0 1024 0 0 0 0 0 0 0 0 0 0 0 0 0 0 0 0 0 0 0 0 0 0 0 0 0 0 0 0 0 0 0 0 0 0 0 0 0 0 0 0 0 0 0 0 0 0 0 0 0 0 0 0 0 0 0 0 0 0 0 0 0 0 0 0 0 0 0 0 0 0 0 0 0 0 0 0 0 0 0 0 0 0 0 0 0 0 0 0 0 0 0 0 0 0 0 0 0 0 0 0 0 0 0 0 0 0 0 0 0 0 0 0 0 0 0 0 0 0 0 0 0 0 0 0 0 0 0 0 0 0 0 0 0 0 0 0 0 0 0 0 0 0 0 0 0 0 0 0 0 0 0 0 0 0 0 0 0 0 0 0 0 0 0 0 0 0 0 0 0 0 0 0 0 128 0 0 0 0 0 0 0 0 0 0 0 2048 0 0 0 0 0 0 0 0 0 0 0 0 0 0 0 0 0 0 0 0 0 0 0 0 0 0 0 2048 0 0 8192 0 0 0 0 0 0 0 0 0 0 0 0 16 0 0 67108864 0 32 32768 0 0 0 0 0 0 16 0 0 0 0 0 0 0 0 0 0 0 0 0 0 0 0 0 0 0 0 0 0 0 0 0 0 0 0 0 0 32768 0 0 0 0 0 0 0 0 0 0 0 0 0 0 0 0 0 268435456 0 0 0 0 0 0 0 0 0 0 0 0 0 256 0 0 0 0 0 0 0 0 0 0 0 0 0 128 0 0 0 0 0 0 0 0 0 0 0 0 0 64 0 0 0 0 4 0 0 0 0 0 0 0 0 0 0 0 0 0 0 0 0 0 0 0 0 512 0 0 0 0 0 0 0 0 0 0 0 2048 0 0 128 0 0 0 0 0 0 0 0 0 0 0 0 0 0 0 0 0 0 0 0 2 0 0 0 0 0 0 0 0 0 128 0 0 0 0 0 16777216 0 0 8388608 0 0 0 0 0 0 0 0 0 0 0 0 0 0 0 0 0 0 0 0 64 0 0 0 0 512 0 0 0 0 0 0 0 0 0 0 0 0 0 0 536870912 0 0 0 0 0 0 0 0 0 0 0 0 0 0 0 0 0 0 0 0 0 0 0 0 0 0 0 0 0 0 0 0 0 0 0 0 0 0 0 0 0 0 0 0 0 0 0 0 0 0 0 0 512 0 0 0 0 0 0 0 0 0 0 0 0 16384 0 0 0 0 0 0 0 0 0 0 0 0 0 0 0 0 0 0 0 0 8388608 32 0 0 0 0 0 0 0 0 0 0 0 0 0 0 0 0 0 0 0 0 0 0 0 0 0 0 0 0 0 0 0 0 0 0 0 0 0 0 0 0 0 0 0 0 0 0 0 0 0 0 0 0 0 0 0 0 0 0 0 0 0 0 0 0 0 0 0 0 0 0 0 0 32 0 0 0 0 0 0 0 0 0 0 0 0 0 0 0 0 0 0 0 0 0 0 0 0 0 2097152 0 0 0 0 0 0 0 0 0 0 0 0 0 0 0 0 0 0 0 0 0 0 0 0 0 0 0 0 0 0 0 0 0 0 0 0 0 2048 0 0 0 0 0 0 0 0 0 0 0 0 0 0 0 0 0 0 0 0 0 0 0 0 0 0 0 0 0 0 0 0 0 0 0 0 0 0 0 0 0 0 0 1 0 0 0 0 64 0 0 0 0 0 0 0 0 0 0 0 0 0 0 0 0 0 0 0 0 0 0 0 0 0 0 0 0 0 0 0 0 0 0 0 0 0 0 0 0 0 0 0 0 0 0 0 0 0 0 0 0 0 0 0 0 0 0 0 0 0 0 0 0 0 0 0 0 0 0 0 0 33554432 16384 0 0 0 0 4096 0 0 0 0 0 0 0 0 0 0 0 0 0 0 0 0 0 0 0 0 0 0 0 0 0 0 0 0 0 0 0 0 0 0 0 0 0 0 0 0 0 0 0 0 0 0 0 0 0 0 0 0 0 0 0 0 0 0 0 0 0 0 0 0 0 0 0 0 0 0 0 0 0 0 0 0 1024 0 0 0 0 0 0 0 0 0 0 0 0 0 0 0 0 0 0 0 0 0 0 0 0 0 0 0 0 0 0 0 0 0 0 0 0 0 0 0 0 0 0 0 0 0 0 0 0 0 0 0 0 0 0 0 8 0 0 0 0 0 0 0 0 0 0 0 0 0 0 0 0 0 0 0 0 0 0 0 0 0 0 0 0 0 0 0 0 0 0 0 0 0 268435456 0 0 0 4096 0 0 64 0 0 0 0 0 8192 0 0 0 0 0 0 0 32768 0 0 0 0 0 0 0 0 0 0 0 0 0 524288 0 134217728 0 0 0 0 0 0 0 0 0 0 0 0 0 0 0 0 0 0 0 0 0 0 0 4096 0 0 0 0 0 0 0 0 0 0 2 0 0 0 0 0 0 0 0 268435456 0 0 0 0 0 0 0 0 0 0 134217728 0 0 0 0 0 0 0 0 0 0 0 0 0 0 0 0 0 0 0 0 0 0 0 0 0 0 0 0 0 0 0 0 0 0 0 0 0 0 0 0 0 0 0 0 0 0 0 0 0 0 0 0 0 0 0 16384 0 0 0 0 0 0 0 0 0 268435456 0 16 0 0 0 512 0 0 0 0 0 0 0 0 0 0 0 0 0 0 0 0 0 0 0 0 0 0 2097152 4096 0 0 0 0 0 0 2147483648 0 0 0 0 0 0 0 0 0 0 0 0 0 0 0 0 0 0 0 0 0 0 0 0 0 0 0 0 0 0 0 0 0 0 0 0 0 0 0 0 0 0 0 0 0 0 0 0 0 262144 0 0 0 0 0 0 0 0 0 0 0 0 0 0 0 0 0 0 0 0 0 0 0 0 0 0 0 0 0 0 0 0 0 0 0 0 0 0 0 0 0 0 131072 0 0 0 0 0 0 0 0 0 0 0 0 0 0 0 0 0 0 0 0 0 0 0 0 0 0 0 0 0 0 0 0 0 0 0 0 0 0 0 0 0 0 0 0 0 0 0 0 0 0 0 0 0 0 0 0 0 0 0 0 0 0 0 0 0 0 0 8 0 0 0 0 0 0 0 0 0 0 0 0 16777216 0 0 0 0 0 0 0 0 0 0 0 0 0 0 4194304 0 0 0 0 0 0 0 0 0 0 0 0 0 0 0 0 0 0 0 0 0 0 0 0 0 0 0 0 0 0 0 0 0 0 0 0 0 0 0 0 0 0 0 0 0 0 0 0 0 0 0 0 0 0 0 0 0 0 0 0 0 0 0 0 0 0 0 0 0 0 0 0 0 0 0 0 0 16777216 0 0 0 0 0 0 0 0 0 0 0 0 0 0 0 0 0 0 0 0 0 0 0 0 0 0 0 0 0 0 0 0 0 0 0 0 0 0 0 0 0 0 0 0 0 0 0 0 0 0 0 0 0 0 0 0 0 0 0 0 0 0 0 0 0 0 0 0 0 0 0 0 0 0 0 0 0 0 0 0 0 0 0 0 0 0 0 0 0 0 0 256 0 0 0 0 0 0 0 0 0 0 0 0 0 0 0 0 0 0 0 0 0 0 0 0 0 0 0 0 0 0 0 0 0 0 0 0 0 0 0 0 0 0 0 0 0 0 0 0 0 0 0 0 0 0 0 0 0 0 0 0 0 0 0 0 0 0 0 0 0 0 0 0 0 0 0 0 0 0 16384 0 0 0 0 0 0 0 0 0 0 0 0 0 0 0 0 0 0 0 0 0 0 0 0 0 0 0 0 0 0 0 0 0 0 0 0 0 0 0 0 0 0 0 0 0 0 0 0 0 0 0 0 0 0 0 0 0 0 0 0 0 0 0 0 0 0 0 0 0 131072 0 0 0 0 0 0 0 0 0 0 0 0 0 0 0 0 0 0 0 4096 0 0 0 0 0 0 0 0 0 0 0 0 0 0 0 0 0 1 0 0 0 0 0 0 0 0 0 0 0 0 0 0 0 0 0 0 0 0 0 0 0 0 0 0 0 0 0 0 0 0 0 0 0 0 0 0 0 0 0 0 1 0 0 0 0 0 0 0 0 0 0 0 0 0 0 0 0 0 0 0 0 0 0 0 0 0 0 0 0 0 0 0 0 0 0 0 0 0 0 0 0 0 0 0 0 0 0 0 0 0 0 0 0 0 0 268435456 16777216 0 0 0 0 0 0 0 0 0 0 0 0 0 0 0 0 0 0 0 0 0 0 0 0 0 0 2 0 0 0 0 0 0 0 0 0 0 0 0 0 0 262144 0 0 0 0 0 0 0 0 0 0 0 0 0 0 0 0 0 0 0 0 33554432 0 0 0 0 4194304 0 0 0 0 0 0 0 0 0 0 0 0 0 268435456 0 0 0 0 0 0 0 0 0 0 0 0 0 0 536870912 0 0 0 0 0 0 0 0 0 0 0 0 0 0 0 0 0 0 0 0 0 0 0 0 0 0 0 0 0 0 0 0 0 0 0 0 0 0 0 0 0 0 0 0 0 0 0 0 0 0 0 0 0 0 0 2097152 0 0 0 0 0 0 0 0 8388608 0 0 0 0 0 0 0 0 0 0 0 0 0 0 0 0 0 0 0 0 0 0 0 0 0 0 0 0 0 0 0 0 0 0 0 0 0 0 0 0 0 0 0 0 0 0 0 0 0 0 0 0 0 0 0 0 0 0 0 0 0 0 0 0 0 0 0 0 0 294912 0 0 0 0 0 0 0 0 0 0 0 0 0 0 0 0 0 0 0 0 0 0 0 0 0 0 0 0 0 0 0 0 0 0 0 0 0 0 0 0 0 0 0 0 0 0 0 0 0 0 0 0 0 0 0 1048576 0 0 0 0 0 0 0 0 0 0 0 0 0 0 0 0 0 0 0 0 0 0 0 0 0 0 0 0 0 0 0 0 0 0 0 0 0 0 0 0 0 0 0 0 0 0 0 0 0 0 0 0 0 0 0 0 0 0 0 0 0 0 0 0 0 0 0 0 0 0 0 0 0 0 0 0 0 0 0 0 0 0 0 0 0 0 0 0 0 0 0 0 0 0 0 0 0 0 0 0 0 0 0 0 0 0 0 0 0 0 0 0 0 0 0 0 0 0 0 0 0 0 0 0 0 0 0 0 0 0 0 0 0 0 0 0 0 0 0 0 0 0 0 0 0 0 8388608 0 0 0 0 0 0 0 0 0 0 0 0 0 0 0 0 0 0 0 0 0 0 0 0 0 0 0 0 0 0 0 0 0 0 0 0 0 0 0 0 0 0 0 0 0 0 0 0 0 0 0 0 0 0 0 0 0 0 0 0 0 0 0 0 0 0 0 0 0 0 0 0 0 0 0 0 0 0 0 0 0 0 0 0 0 0 0 0 0 0 0 0 0 0 0 0 0 0 0 0 0 0 0 0 0 0 0 0 0 0 0 0 0 0 0 0 0 0 0 0 0 0 0 0 0 0 0 0 0 0 0 0 0 0 0 0 0 0 0 0 0 0 0 0 0 0 0 0 0 0 0 0 0 0 0 0 0 0 0 0 0 0 0 0 0 0 0 0 0 0 0 0 0 0 0 0 0 0 0 0 0 0 0 0 0 0 0 0 0 0 0 0 0 0 65536 0 0 0 0 0 0 0 0 0 0 0 0 0 0 0 0 0 0 0 0 0 0 0 0 0 0 0 0 0 0 0 0 0 0 0 0 0 0 0 0 0 0 0 0 0 0 0 0 0 0 0 0 0 0 0 0 0 0 0 0 0 0 0 0 0 0 0 134217728 2 8 4
is_linear=0
shrinkage=0.05


Tree=6
num_leaves=63
num_cat=48
split_feature=6 6 15 1 6 13 14 6 1 1 10 1 14 6 1 1 1 6 13 1 6 1 6 6 2 6 12 6 12 9 1 2 1 6 2 6 1 1 1 13 1 6 1 1 10 6 1 13 12 12 1 1 1 11 9 1 2 6 1 1 1 13
split_gain=572.006 287.297 173.448 98.7282 95.5816 99.0292 91.5767 84.8391 65.1807 65.043 55.3095 53.8457 54.0246 53.5707 71.99 52.2528 51.4352 86.7388 50.9246 73.0097 50.6176 55.4838 50.7669 47.8425 82.2313 51.5131 92.503 45.2301 44.2445 57.6014 44.0209 42.2966 40.4884 40.4529 70.1236 40.2864 39.9381 39.5134 42.5102 38.6095 38.4183 38.3745 37.2201 36.4663 35.4492 52.5952 42.8321 46.3925 46.1591 40.9456 40.2411 40.983 35.8955 35.3726 55.09 35.2272 34.0308 33.7457 60.7607 32.2004 30.1183 29.2666
threshold=0 1 2 3 4 4.241093873977662 5 6 7 8 140.00000000000003 9 10 11 12 13 14 15 4.241093873977662 16 17 18 19 20 21 22 73500.000000000015 23 92040.000000000015 3.5000000000000004 24 25 26 27 28 29 30 31 32 1.7005987167358401 33 34 35 36 598.00000000000011 37 38 3.1984648704528813 95040.000000000015 88200.000000000015 39 40 41 265.00000000000006 5.5000000000000009 42 43 44 45 46 47 4.3241107463836679
decision_type=9 9 9 9 9 2 9 9 9 9 2 9 9 9 9 9 9 9 2 9 9 9 9 9 1 9 2 9 2 2 9 1 9 9 1 9 9 9 9 2 9 9 9 9 2 9 9 2 2 2 9 9 9 2 2 9 1 9 9 9 9 2
left_child=6 18 3 23 9 7 -1 36 -8 10 -5 -7 40 14 31 -14 17 -15 32 -20 21 39 -22 24 28 26 -25 53 -3 -30 -10 -9 -2 34 -27 -4 -6 -11 -39 -18 -13 59 -37 -16 45 52 -47 48 49 -48 -46 -52 -32 -19 -55 -38 -12 58 -43 -24 -17 -42
right_child=1 2 35 4 5 11 8 13 30 37 56 12 15 16 43 60 20 27 19 -21 22 -23 41 25 -26 33 -28 -29 29 -31 44 -33 -34 -35 -36 42 55 38 -40 -41 61 57 -44 -45 50 46 47 -49 -50 -51 51 -53 -54 54 -56 -57 -58 -59 -60 -61 -62 -63
leaf_value=0.12073528084648427 0.014439082281178919 0.1798794332231328 -0.018640991898914772 0.92938310053321571 0.13043822299344859 -0.030465546738172547 -0.030038991257013366 0.2717980176739257 -0.021068924360830955 0.061550227189373731 0.076204368597013253 -0.027546883805276114 0.042983536333038835 0.093021527149518002 0.044155655434624005 0.021284348822232329 0.19315205677842773 0.12894114238903495 0.090146025097899707 -0.025010632676371786 0.061556038861549568 -0.0086265163629293314 0.096516702892664064 0.17595795880981085 0.055467313273148279 0.0090212998220940057 0.73387785120342064 -0.028007648233956208 -0.050060676188545844 0.75609361706407441 0.056323653900373118 0.091915267730272782 -0.04057807122066185 -0.021208228246789227 0.20462259770395314 -0.026156570675241193 0.060122076687046 0.05548378820666347 -0.02855928357057055 0.45454121085723209 0.062465817567132445 0.085666022073296419 0.070618213606468583 -0.017362101752117057 0.080433777553246349 -0.024178947727905256 0.15482647130234875 0.062872756801739912 0.053543060931525645 0.30286517196836499 0.067438537781066399 -0.018804738123702994 -0.03294236076999147 0.27228693419043698 1.4143788520154654 -0.028749011032099061 0.1856663524990125 -0.024276889081140965 -0.028420524195735569 -0.023780587584502536 -0.033512053271184984 0.026639217603677254
leaf_weight=63.487300546374172 35.764280786097515 2.609544843086042 18.570770176476799 0.20419906807364796 6.3469644279684871 56.453839112771675 22.490607772953808 4.1943980063661002 17.597736751486082 15.543272931536192 27.723300495068543 21.143503776984289 33.006433988222852 18.662114456819836 21.852728434139863 27.863516007782891 2.8783623470226303 5.8666826459812 10.689541272993663 33.973714073712472 9.7110779539798369 25.018092534155588 5.6942338826484047 4.4245878449873999 79.617151190410368 16.933535612886772 0.89285829348955292 58.117627933155745 0.29750180151313521 0.8683161607477814 8.3327421547146496 14.793973993160764 630.34137374535203 81.932031492586248 6.2818806703435284 10.87687469209777 9.0643749268492666 9.9043450522003678 57.514430092880502 2.774466174421832 83.998616296215914 11.739329960313624 124.50164224207401 89.471310042426921 23.341655972646549 9.3365833947318588 42.940820753574371 20.367783523863181 10.13641942036338 5.2409328017965882 8.7299761800095421 42.835438237118069 19.258939411607574 0.46537534880917508 0.13657359569333494 18.186315637431111 9.545108280843122 1352.837407195475 20.070019670936748 9.0483141585136746 95.945506444550119 177.37220634764526
leaf_count=13429 65202 3330 12940 204 6659 86499 26376 5002 19150 20311 34029 30748 49361 26735 31468 42258 3779 8819 13042 51704 8723 31325 5404 6158 108014 25978 744 94581 278 775 8685 21812 1208170 126530 7278 7473 8952 13067 75963 3326 117250 13216 77839 130803 25130 8719 30972 22122 12022 3217 10339 53098 22741 708 209 20196 10216 2226923 24883 10060 145772 250614
internal_value=-0.000150708 -0.00607332 0.00153336 -0.00173091 -0.00466414 -0.00711988 0.0655271 -0.0129262 0.045942 0.0369765 0.085831 0.0124927 0.0182899 -0.0145934 0.0155315 -0.0053711 -0.0172554 0.0196756 -0.0340716 0.0171342 -0.0195118 0.0372499 -0.0210011 0.031637 0.0591823 0.00765577 0.0936051 -0.0111478 0.294287 0.550373 0.0551537 0.0862353 -0.0380165 -0.00444246 0.0432985 0.051355 0.0566115 0.00805059 -0.0106408 0.116086 0.0311581 -0.0220067 0.0615785 -0.00264212 0.0628937 0.0835551 0.0978494 0.113423 0.150526 0.170929 0.0394003 0.00437852 0.00182776 0.0653569 0.531411 0.00901624 0.10424 -0.0230006 0.0241027 0.0429129 -0.020511 0.0367471
internal_weight=3655.82 3361.72 2650.95 2497.01 2303.15 2182.71 294.097 1686.93 230.61 120.435 37.4726 495.784 439.33 1653.33 130.312 156.815 1523.02 83.2484 710.769 44.6633 1439.77 30.6709 1409.1 193.857 83.3925 110.465 5.31745 64.5863 3.77536 1.16582 208.119 18.9884 666.106 105.147 23.2154 153.949 33.5977 82.962 67.4188 5.65283 282.514 1399.39 135.379 111.324 190.521 115.614 88.0225 78.686 58.3182 48.1818 74.9071 51.5654 27.5917 6.46863 0.601949 27.2507 37.2684 1384.65 31.8093 14.7425 123.809 261.371
internal_count=5531330 5275330 3937212 3838960 3559875 3406085 256000 2683583 242571 153790 44449 722502 636003 2647776 189085 237391 2458691 131052 1338118 64746 2327639 38430 2289209 279085 112397 166688 6902 104317 4383 1053 216195 26814 1273372 159786 33256 98252 35807 109341 89030 7105 398612 2280486 85312 162271 197045 108478 77052 68333 46211 34189 88567 63437 31426 9736 917 29148 44245 2265022 38099 15464 188030 367864
cat_boundaries=0 722 1389 1390 1402 2124 2125 2847 2859 2871 2882 2883 3595 3607 3619 3631 4349 4361 5087 5099 5812 6521 6522 7247 7964 7975 7976 7987 8707 8708 9419 9431 9443 9455 9466 10190 10202 10214 10933 10945 10957 10969 10981 10993 10994 11715 11727 11739 11751
cat_threshold=0 0 0 0 0 0 0 0 0 0 0 0 0 0 0 0 0 0 268435456 0 0 0 0 0 0 0 0 0 0 0 0 0 0 0 134217728 0 0 0 0 0 0 0 0 0 0 0 0 0 0 0 0 0 0 0 0 0 0 0 0 0 0 0 0 0 0 0 0 512 0 0 0 0 0 0 0 0 0 0 0 0 0 0 0 0 0 0 0 0 0 0 0 0 0 0 0 0 0 0 0 0 0 0 0 0 0 0 0 0 0 0 0 0 0 262144 0 0 0 0 0 2 0 0 0 0 0 0 0 0 0 0 0 0 0 0 0 0 0 0 0 0 0 0 0 0 0 0 0 0 0 0 0 0 0 0 0 0 0 0 0 0 0 0 0 0 0 0 0 0 0 0 0 0 0 0 0 0 0 0 0 0 0 0 0 0 0 0 0 0 0 0 0 0 0 0 0 0 0 0 0 0 0 0 0 0 0 0 0 0 0 0 0 0 0 0 0 0 0 0 0 0 0 0 0 0 0 0 0 0 0 0 0 0 0 0 0 0 0 0 0 0 0 0 16 0 0 0 0 0 0 0 2048 0 0 0 0 0 0 0 16777216 0 0 8 0 0 0 0 0 0 0 0 0 0 0 0 0 0 0 0 0 0 0 0 0 0 0 0 0 0 0 0 0 0 0 0 0 0 0 0 0 0 0 0 0 0 0 0 0 0 0 0 0 0 0 0 0 0 0 0 0 0 0 0 0 0 0 0 0 0 0 0 0 0 0 0 0 0 0 0 0 0 0 0 0 0 0 0 0 0 0 0 0 0 0 0 0 0 0 0 0 0 0 0 0 0 0 0 0 0 0 0 0 0 0 0 0 0 0 0 0 0 0 0 0 0 0 0 0 0 0 0 0 0 0 0 0 0 0 0 0 0 0 0 0 0 0 0 0 0 0 0 0 0 0 0 0 0 0 0 0 0 0 0 0 0 0 0 512 0 0 0 0 0 0 0 0 0 0 0 0 0 0 0 1 0 0 0 0 0 0 0 0 0 0 0 0 0 0 0 0 0 0 0 0 0 0 0 0 0 0 0 0 0 0 0 0 0 0 0 0 0 0 0 0 0 0 0 0 0 0 0 0 0 0 0 0 0 0 2 0 1048576 0 0 0 0 0 0 0 131072 0 0 0 1 0 0 0 0 0 0 0 0 0 0 0 0 0 0 0 0 0 0 0 0 0 0 0 0 4096 0 0 0 0 0 0 0 0 0 0 0 0 0 0 0 0 0 0 33554434 0 0 0 0 0 0 0 0 0 0 0 8 0 0 0 0 0 0 0 0 0 0 0 0 0 0 0 0 0 0 0 0 0 0 0 0 0 0 0 0 0 0 0 0 0 0 0 0 0 0 0 0 0 0 0 0 0 0 0 0 0 0 0 0 0 0 0 0 0 0 0 0 0 0 0 0 0 0 0 0 0 0 0 0 65536 0 0 0 0 0 0 0 0 0 0 0 2 0 0 0 2147483648 0 0 0 0 268435456 0 0 0 0 0 0 0 64 0 0 0 0 0 0 0 0 0 0 0 0 0 0 0 128 0 0 0 32768 0 0 0 0 0 0 0 0 2147483648 0 0 0 0 0 0 0 65536 0 0 0 1048576 0 0 0 0 0 0 0 2147483648 16 0 536870912 0 0 0 0 0 0 1024 0 0 0 0 0 0 0 0 0 0 0 0 0 0 0 0 0 0 0 0 0 0 0 256 0 0 0 0 0 0 0 0 0 0 0 0 0 0 0 0 32 0 0 0 0 0 0 0 0 0 0 0 0 0 0 0 0 0 0 0 1073741824 0 536870920 2 0 0 0 0 0 0 0 0 0 0 0 0 0 0 0 0 0 0 0 0 0 0 0 0 0 0 0 0 0 0 0 0 0 0 0 0 0 0 0 0 0 0 0 0 0 0 0 0 0 0 0 0 0 0 0 0 0 0 0 0 0 0 0 0 0 0 0 0 0 0 0 0 0 0 0 0 0 0 0 0 0 0 0 0 0 0 0 0 0 0 0 0 0 0 0 0 0 0 0 32768 0 0 0 0 0 0 0 0 0 0 4096 0 0 16385 0 0 0 0 0 4096 0 0 0 0 0 0 0 0 0 0 0 0 0 0 0 0 0 0 0 0 0 0 0 0 0 0 0 0 0 0 1024 0 0 0 0 0 0 0 0 0 0 0 0 0 0 0 0 0 0 0 0 0 0 0 0 0 0 0 0 0 0 0 0 0 0 0 0 1024 0 0 0 0 0 0 0 0 0 0 0 0 0 0 32 0 0 0 0 0 0 0 0 0 0 0 0 0 0 0 0 0 0 0 0 0 0 0 0 0 0 0 0 0 0 0 0 0 0 0 0 0 0 0 0 0 0 0 0 0 0 0 0 0 0 0 0 0 0 0 0 0 0 0 0 0 0 0 0 0 0 0 0 0 0 0 0 0 0 0 0 0 0 0 0 0 0 0 0 0 0 0 0 0 0 0 0 0 0 0 0 0 0 0 0 0 0 0 0 0 0 0 0 0 0 0 0 0 0 0 0 0 0 0 0 0 0 0 0 0 0 0 0 0 0 0 0 0 0 0 0 0 0 0 0 0 0 0 0 0 0 0 0 0 0 0 0 0 0 0 0 0 0 0 0 0 0 0 8 0 0 0 0 0 8192 0 0 0 0 0 0 0 0 0 0 0 0 0 0 0 0 0 0 0 0 0 0 0 0 0 0 0 0 0 0 0 0 0 0 0 0 0 0 0 512 0 0 0 0 0 524288 0 0 0 0 0 0 0 0 0 0 0 0 0 0 0 0 0 0 134217728 0 0 0 67108864 0 0 0 0 0 0 0 0 0 0 0 0 0 0 0 0 0 0 0 0 0 0 0 0 0 0 0 0 0 0 0 0 0 4096 0 0 0 256 0 0 0 1073741824 0 0 0 0 0 0 0 0 0 0 0 0 0 0 0 0 0 0 0 0 0 0 0 0 0 0 0 134217728 0 0 0 0 0 0 0 0 0 0 0 0 0 0 0 2 0 0 0 0 0 0 0 0 0 0 0 0 0 0 0 0 0 0 0 0 0 0 0 0 0 0 0 0 0 0 0 0 0 0 0 256 0 0 0 2097152 0 0 0 0 0 0 0 0 0 0 0 0 0 128 0 0 0 0 1 1073741824 0 0 0 0 0 0 0 1073741824 104 2147483648 143132864 67109923 1107890176 8421376 524288 0 1225129984 2097152 537133056 131600 262144 0 0 0 0 0 0 0 0 0 0 0 0 0 0 0 0 0 0 0 0 0 0 0 0 0 0 0 0 0 0 0 0 0 0 0 0 8192 0 0 0 0 0 0 0 0 0 0 0 0 0 0 0 0 0 0 0 0 0 0 0 0 0 0 0 0 0 0 0 0 0 0 0 0 0 0 512 0 0 32768 0 0 0 0 0 0 0 0 0 0 0 0 0 0 0 0 0 0 0 0 0 0 0 0 0 0 0 0 0 0 0 0 0 0 0 0 2097152 0 0 0 0 0 0 0 0 0 0 0 0 0 16 0 0 0 0 0 0 0 0 0 0 0 0 0 0 0 0 0 0 0 0 0 0 0 0 0 0 0 0 0 0 8 0 0 0 0 0 0 0 0 0 0 0 0 16777216 0 0 0 0 0 2097152 0 0 0 0 0 0 0 0 0 0 0 0 0 2147483648 0 0 0 0 0 0 0 0 0 0 0 0 0 0 0 0 0 0 0 0 0 0 0 0 0 0 0 0 0 0 0 0 0 0 0 0 0 0 0 0 0 0 0 0 0 0 0 0 0 0 0 0 0 0 0 0 0 0 0 0 0 0 0 0 0 0 0 0 0 0 0 0 0 0 0 0 0 0 0 0 0 0 0 0 0 0 0 0 0 0 0 0 0 0 0 0 0 0 0 0 0 0 0 0 0 0 0 0 0 0 0 0 0 0 0 0 0 0 0 0 0 0 0 0 0 0 0 0 0 0 0 0 0 0 0 0 0 0 0 0 0 0 0 0 0 0 0 0 0 0 2 0 0 0 0 0 0 0 0 0 0 0 0 0 0 0 0 0 0 0 0 0 0 0 0 0 0 0 0 0 0 0 0 0 0 0 0 0 0 0 0 0 0 0 0 0 0 0 0 0 0 0 0 0 0 0 0 0 0 0 0 0 0 0 0 0 0 0 0 0 0 0 0 0 0 0 0 0 0 0 0 0 0 0 0 0 0 0 0 0 0 0 0 0 0 0 0 0 0 0 0 0 0 0 0 0 0 2097152 0 0 0 0 0 0 0 0 1048576 0 0 0 0 0 0 0 0 0 0 0 0 0 0 8388608 0 0 0 0 0 0 0 0 0 0 0 0 0 0 0 0 2 0 0 0 0 0 0 0 256 0 0 1048576 0 0 2147483648 0 16 0 0 0 0 0 0 0 0 0 0 0 0 0 0 0 0 0 0 0 0 0 0 0 0 0 0 0 0 0 0 0 0 0 0 0 0 0 0 0 1082130432 0 0 0 0 0 0 0 0 0 0 0 0 0 0 0 0 0 0 0 0 0 0 0 0 0 67108864 0 0 0 0 0 0 0 0 0 0 0 0 0 0 0 0 0 0 0 536870912 0 8192 0 0 0 0 0 0 0 0 0 0 262144 0 0 0 0 0 0 0 0 0 0 0 0 0 0 0 0 134217728 0 0 32 0 0 0 0 0 0 0 0 0 0 0 0 0 0 0 0 0 0 0 0 0 0 0 0 0 0 0 4 0 0 0 0 0 0 0 0 0 0 0 0 0 0 1 0 0 0 0 0 33554432 0 0 0 0 0 0 0 0 0 0 0 0 0 0 0 0 0 0 0 0 2048 0 0 0 0 0 0 0 0 0 0 0 0 0 0 0 0 2147483648 0 0 0 0 0 0 524288 96 0 0 0 0 0 0 0 0 0 0 0 0 0 0 2 0 0 0 0 0 0 0 0 0 0 0 0 0 0 0 0 0 0 0 0 0 0 0 0 0 0 0 0 0 0 0 0 0 0 0 0 0 0 0 0 0 0 0 0 0 0 0 0 0 0 0 0 0 0 0 0 0 0 0 0 0 0 0 0 0 0 0 0 0 32 0 0 0 0 0 0 0 0 0 0 0 0 0 0 0 0 0 0 0 0 0 0 0 0 0 0 0 0 0 0 0 0 0 0 0 0 0 0 0 0 0 0 0 0 0 0 0 0 0 0 0 0 0 0 0 0 0 0 0 0 0 0 0 0 0 0 0 0 0 0 0 0 0 0 0 0 0 0 0 0 0 0 0 0 0 0 0 0 0 0 0 0 0 0 0 0 0 0 0 0 0 0 0 0 0 0 0 0 0 0 0 0 0 0 0 0 0 0 0 0 0 0 0 0 0 0 0 0 0 0 0 0 0 0 0 0 4194304 32768 0 0 0 0 0 0 0 0 0 0 0 0 0 0 0 0 0 0 0 0 0 0 0 0 0 0 0 0 0 0 0 0 0 0 0 0 0 0 0 0 0 0 0 268435456 0 0 0 0 0 0 0 0 0 0 0 0 0 0 0 0 0 0 0 0 0 0 0 0 0 0 0 0 0 0 0 0 0 0 0 0 0 0 0 0 0 0 0 0 0 0 0 0 0 0 0 0 0 0 0 0 0 0 0 0 0 0 0 0 0 0 0 0 0 0 0 0 0 0 0 0 0 0 0 0 0 0 0 0 0 0 0 0 0 0 0 0 0 0 0 0 0 0 0 0 0 0 0 0 0 0 0 0 0 0 0 0 0 0 0 0 256 0 0 0 0 0 0 0 0 0 0 0 0 0 0 0 0 0 0 0 0 0 0 0 0 0 0 0 0 0 0 0 0 0 0 0 0 0 0 0 0 0 0 128 524288 0 0 0 0 0 0 0 0 0 0 0 0 0 0 0 0 0 0 0 0 0 0 0 0 0 0 134217728 0 0 0 0 0 0 0 0 0 0 0 0 0 0 0 0 0 0 0 0 0 0 0 0 2048 8388608 0 0 0 0 0 0 0 0 0 0 0 32768 0 0 0 0 0 0 0 0 0 0 0 1073741824 0 0 0 0 0 0 0 0 128 0 0 0 0 0 0 0 0 0 0 0 0 0 0 0 0 0 0 0 2147483648 0 0 0 0 0 131072 0 0 0 0 0 0 0 0 4194304 0 0 0 0 0 0 0 0 0 0 0 0 0 0 0 0 33554432 128 16777216 0 0 0 0 0 0 0 0 0 0 0 0 0 0 4096 0 0 0 0 0 2048 0 0 2 0 0 0 0 0 0 0 1024 0 0 0 0 0 0 0 2048 0 0 0 0 2048 0 0 0 0 0 0 0 0 0 0 0 0 0 0 0 0 0 0 0 0 0 0 0 0 0 0 2048 0 0 0 0 0 0 0 0 0 0 0 0 0 0 0 0 4096 0 0 0 0 0 0 0 0 0 0 0 0 0 0 0 0 0 0 0 0 0 0 0 0 0 0 0 0 32768 0 0 134217728 64 0 0 0 0 0 0 0 0 0 0 0 0 0 0 0 0 0 0 0 0 0 0 0 0 0 0 0 0 0 0 0 2097152 640 603979776 37765761 8 805306497 1080561696 0 262144 0 134225920 33619968 526661 268439596 3238002688 128 268713984 538509824 81920 32768 0 0 1093140480 557185 131093 8388640 1078198324 134283264 4456467 536874497 2684403712 2049 525312 0 0 134250561 12 0 0 0 0 4194304 0 0 0 0 0 0 0 0 0 0 0 0 0 0 0 0 0 0 0 0 0 0 0 0 0 0 0 0 0 0 0 0 0 0 0 0 0 0 2097152 0 0 0 0 0 0 0 0 0 0 0 0 0 0 0 0 0 0 0 0 0 0 0 0 0 0 0 0 0 0 0 0 0 0 0 0 0 0 0 0 0 2097152 0 0 0 0 0 0 131072 0 0 0 0 0 0 0 0 0 0 0 0 0 0 0 0 0 0 0 0 0 0 0 0 0 0 0 0 0 0 0 0 0 0 0 0 0 0 0 0 0 0 0 0 0 0 0 0 0 0 0 0 0 0 0 0 0 0 0 0 0 0 0 0 0 0 0 0 0 0 0 0 0 0 0 0 0 0 0 0 512 0 0 0 0 0 0 0 0 0 0 0 0 0 0 0 0 0 4096 0 0 65536 0 0 0 0 0 0 0 0 0 0 0 0 0 0 0 0 0 0 0 0 0 0 0 0 0 0 0 0 0 0 0 0 0 0 0 0 0 0 0 0 0 0 0 0 0 0 0 0 0 0 0 0 0 0 0 0 0 0 0 0 0 0 0 0 0 0 0 0 0 0 0 0 0 0 0 0 0 0 0 0 0 0 0 0 0 0 0 0 0 0 0 0 0 0 0 0 0 0 0 0 0 0 0 0 0 0 0 0 0 0 0 0 0 0 0 0 0 0 0 0 0 0 0 0 0 1024 0 0 0 0 0 0 0 0 0 0 0 0 0 0 0 0 0 16777216 0 0 0 536870912 0 0 0 0 0 0 0 0 0 0 0 0 0 0 0 0 0 0 0 0 0 0 0 0 0 0 0 0 0 0 0 0 0 0 0 0 0 0 0 0 0 0 0 0 0 0 0 0 0 0 0 0 0 0 0 0 0 0 0 0 0 0 0 0 0 0 0 0 0 0 0 0 0 0 0 0 0 0 0 0 0 0 0 0 0 0 0 0 32768 0 0 0 0 0 0 0 0 0 0 0 0 0 0 0 0 0 0 0 0 0 0 0 0 0 0 0 0 0 0 0 0 0 0 0 0 0 0 0 16384 131072 4194304 0 0 0 131072 0 0 0 0 0 0 0 0 0 0 0 0 0 0 0 0 8 0 0 0 8192 1073741824 0 0 0 0 0 0 0 4194304 0 0 0 0 0 0 0 0 0 0 0 0 0 0 0 0 0 0 0 0 0 0 0 0 0 0 0 0 8192 0 0 0 0 0 0 0 0 0 0 0 0 0 0 0 0 0 0 0 0 0 0 0 0 0 0 0 0 0 0 0 0 0 0 0 0 0 0 0 0 0 0 16777216 0 0 0 0 0 0 0 0 0 0 0 0 0 1048576 0 0 0 0 0 0 0 0 0 0 0 0 0 0 0 0 0 0 0 0 0 8 0 0 0 0 0 0 0 0 0 0 0 0 0 0 0 0 0 0 0 0 0 0 0 0 0 0 0 0 16777216 0 0 0 0 256 0 0 0 0 0 0 0 16 0 0 0 0 0 0 0 0 0 0 0 0 0 0 0 0 0 0 0 0 0 0 0 0 0 0 0 512 0 0 0 0 0 0 0 0 0 0 0 0 0 0 0 64 0 0 0 0 0 0 0 0 33587200 4608 50335824 278528 1048640 32768 33554432 541081600 128 524288 0 1073745921 2684354816 131588 1094779916 16778240 0 536887304 18874496 1028 2884672 4210688 1 264 3112 1 33554688 269754402 2147483664 2688549016 16787456 64 4210944 35128320 8388616 8388616 0 256 0 0 0 0 0 0 0 0 0 0 0 0 0 0 0 0 0 0 0 0 536870912 0 0 0 0 0 0 0 0 0 0 0 0 0 0 0 0 0 0 0 0 0 0 0 16384 0 0 0 0 0 2048 0 0 0 0 0 0 0 0 0 0 0 0 0 0 0 0 0 0 0 0 0 0 0 0 0 0 0 0 0 0 0 0 0 0 0 0 0 0 0 0 0 0 0 0 0 0 0 0 0 0 0 0 0 0 0 0 0 0 0 0 0 0 0 0 0 0 0 0 0 0 0 0 0 0 0 0 0 0 0 0 0 0 0 0 0 0 0 0 0 0 0 0 0 0 0 0 0 0 0 0 0 0 0 0 0 0 0 0 0 0 0 0 4194304 0 0 0 0 0 0 0 0 0 0 0 0 0 0 0 0 0 0 0 0 0 0 0 0 0 0 0 0 0 0 0 0 0 0 0 0 0 131072 0 0 0 0 0 0 0 0 0 0 0 0 0 0 32768 0 0 0 0 0 0 0 0 0 0 0 0 0 0 0 0 0 0 0 0 0 0 0 0 0 0 0 0 0 0 0 0 0 0 0 0 0 0 0 0 0 0 0 0 0 0 0 0 0 0 0 0 0 0 0 0 0 0 0 0 0 0 0 0 0 0 0 0 0 0 0 0 0 0 0 0 0 0 0 0 0 0 0 0 0 16384 0 0 0 0 0 0 0 0 0 0 0 0 0 0 0 0 0 0 0 0 0 0 0 0 0 0 0 0 0 0 0 0 0 0 0 0 0 0 0 0 0 0 0 33554432 0 0 0 0 0 0 0 0 0 0 0 0 0 0 0 0 0 0 0 0 0 0 0 0 0 0 0 0 0 0 0 0 0 0 0 0 0 0 0 0 0 0 0 0 256 0 0 0 0 0 0 0 0 0 0 0 0 0 0 0 0 0 0 0 0 0 0 0 0 0 0 0 0 0 0 0 0 0 0 1024 0 0 0 0 0 0 0 0 0 0 8404992 0 0 0 0 0 8 0 0 0 0 0 0 0 0 0 0 0 0 0 0 0 0 0 0 0 0 0 0 0 0 0 0 0 0 0 0 0 0 0 0 0 0 0 0 0 0 0 256 0 0 0 16384 0 2 0 0 0 64 2097152 0 0 0 4096 0 0 0 0 536870912 1073741824 0 0 0 0 0 0 0 0 0 0 0 0 0 0 0 67108864 0 0 0 0 2 0 0 0 0 0 0 0 0 0 0 0 0 0 0 0 0 0 0 0 0 0 0 0 0 0 0 0 0 0 0 0 0 0 0 0 0 0 0 0 0 0 0 0 0 0 0 0 0 0 0 0 0 0 0 0 0 0 0 0 0 0 0 0 0 0 0 0 524288 0 0 0 0 0 0 0 0 0 0 0 0 0 0 0 0 0 0 0 0 0 0 0 0 0 0 0 0 0 0 0 0 0 0 0 0 0 0 0 0 0 0 0 0 0 0 0 0 0 0 0 0 0 0 0 0 0 0 0 0 0 0 0 32768 0 0 0 67108864 0 0 0 0 0 0 0 0 0 0 0 0 0 0 0 0 0 0 0 0 0 0 0 0 0 0 32768 0 0 0 0 0 0 0 0 0 0 0 0 0 0 0 0 32 2048 0 0 0 32768 0 0 0 0 2048 2147483664 268435488 68682752 16393 21004296 152309760 1048576 32768 4 277348352 536875009 22 0 0 0 0 0 0 0 0 0 0 0 0 0 0 0 0 0 0 0 0 0 0 0 0 0 0 0 0 0 0 0 0 0 0 0 0 0 0 0 0 0 0 0 0 0 0 0 0 0 0 0 0 0 0 0 0 0 0 0 0 0 0 512 0 0 0 0 0 0 0 0 0 0 0 0 0 0 0 0 0 0 0 0 0 4 0 0 0 0 0 0 0 0 0 0 0 0 0 0 0 0 0 0 0 0 0 0 0 0 0 0 0 0 0 0 0 0 0 0 0 0 0 0 0 0 0 0 0 0 0 0 0 0 0 0 0 0 16384 0 0 0 0 0 0 0 0 0 0 0 0 0 0 0 0 0 0 0 0 0 0 0 0 0 0 0 0 0 8388608 0 0 0 0 0 0 0 0 0 0 0 0 0 0 0 0 0 0 0 1048576 0 0 0 0 0 0 0 8192 0 0 0 0 0 0 0 0 0 0 0 0 0 0 0 0 0 0 0 0 0 0 0 0 0 0 0 0 0 0 0 0 4 0 0 0 0 0 0 0 0 0 0 0 0 0 0 0 131072 0 0 0 0 0 0 0 0 0 0 0 0 0 1073741824 0 0 0 0 0 0 0 0 0 0 0 0 0 0 0 0 0 0 0 0 0 0 0 0 0 0 0 0 0 0 0 0 0 0 0 0 0 0 0 0 32 0 0 0 0 0 0 0 0 0 0 0 0 0 0 0 0 0 0 0 0 0 0 0 0 0 0 0 0 0 0 0 0 0 0 0 0 0 0 0 0 0 0 0 0 0 0 0 0 0 0 0 0 0 262144 0 0 0 0 0 0 0 0 0 0 0 0 0 0 0 0 0 0 0 0 0 0 0 0 0 0 0 0 0 0 0 0 0 0 0 0 0 0 0 0 0 0 0 0 0 32 0 0 0 0 0 0 0 0 0 0 0 0 0 0 0 0 0 0 0 0 0 0 0 0 0 0 0 0 0 0 0 0 0 0 0 0 0 0 0 0 0 0 0 0 0 0 0 0 0 0 0 32768 0 0 0 0 0 0 0 0 0 0 0 0 256 0 0 0 0 0 0 0 0 0 1024 8256 0 4096 0 0 0 0 0 0 0 0 0 0 0 0 0 0 0 0 0 0 0 0 131072 0 0 0 0 0 0 0 0 0 0 0 0 0 0 4 0 1 0 0 0 0 0 0 0 0 0 0 0 0 0 0 0 0 0 0 0 0 0 0 0 0 0 0 0 0 0 0 0 0 0 0 2097152 0 0 0 0 0 0 0 0 0 0 0 0 0 0 0 0 0 0 0 0 0 0 0 0 0 0 2097152 0 0 0 0 0 0 0 0 0 0 0 0 0 0 0 0 0 0 0 0 0 0 0 0 0 0 0 0 0 0 0 0 0 0 0 0 0 0 0 0 268435456 0 0 0 0 0 0 0 0 0 0 0 0 0 0 0 0 0 0 0 0 0 0 0 0 0 0 0 0 0 512 0 0 0 0 16384 0 0 0 0 0 0 0 0 0 0 536870912 0 0 0 0 0 0 2 0 0 0 0 0 0 0 0 0 2048 0 0 0 0 0 0 0 0 0 0 0 2097152 0 0 0 0 0 0 0 0 0 0 0 0 0 0 0 0 0 0 0 0 0 524288 0 0 0 0 0 0 0 0 0 131072 8388644 6307857 536870912 32833 1073742992 1077940224 1048584 4227072 268435456 524288 2099200 17 0 0 0 0 0 0 0 0 0 0 0 0 0 0 0 0 0 0 0 2097152 0 0 0 0 0 0 0 0 0 0 0 0 0 0 0 0 0 0 0 0 0 0 0 0 0 0 0 0 0 0 0 0 0 0 0 0 0 0 0 0 0 0 0 0 0 0 0 0 0 0 0 0 0 0 0 0 0 0 0 0 0 0 0 0 32768 0 0 0 0 0 0 0 0 0 0 0 0 0 0 0 0 0 0 0 0 0 0 0 0 0 0 0 0 0 0 0 0 0 0 0 0 0 0 0 0 0 0 0 0 0 0 0 0 0 0 0 0 0 0 0 0 0 0 0 0 0 0 0 0 0 0 0 0 0 0 0 0 0 0 0 0 0 0 0 0 0 0 0 0 0 0 0 0 0 0 0 0 0 0 0 0 0 0 0 1024 0 0 0 0 0 0 0 0 0 0 0 0 0 0 0 0 0 0 0 0 0 0 0 0 0 0 0 0 0 0 0 0 0 0 0 0 0 0 134217728 0 0 0 0 0 0 0 0 0 0 0 0 0 0 0 0 0 0 0 0 0 0 0 0 0 0 0 0 0 0 0 0 0 0 0 0 0 0 0 0 0 4 0 0 0 0 0 0 0 0 0 0 0 0 0 0 0 0 0 0 0 0 0 0 0 0 0 0 0 0 0 0 0 0 0 0 0 0 0 0 0 0 0 0 0 0 0 0 0 0 0 0 0 0 0 0 0 0 0 0 0 0 0 134217728 0 0 0 0 0 0 0 0 0 1048576 0 0 1048576 0 0 0 0 0 0 0 0 0 0 0 0 0 0 0 0 0 0 0 0 0 0 0 0 0 0 0 0 0 0 0 0 0 0 0 0 0 0 0 0 0 0 0 0 0 0 0 0 0 0 0 0 0 0 0 0 0 0 0 0 0 0 0 0 0 0 0 0 0 0 0 0 0 0 0 0 0 0 0 0 0 0 0 0 0 0 0 0 0 0 0 0 0 0 0 0 0 0 0 0 0 0 0 0 0 0 0 0 0 1024 0 0 0 0 0 0 0 0 0 0 0 0 0 0 0 0 0 0 0 0 0 0 0 0 0 0 0 0 0 0 0 0 0 0 0 0 0 0 0 8192 8 0 0 0 0 32 0 0 64 0 0 0 0 0 0 0 0 0 0 0 0 0 0 0 0 0 0 67108864 0 0 0 0 0 0 0 0 0 0 0 0 0 0 268435456 0 0 0 0 0 0 0 0 0 0 0 0 0 0 0 0 0 0 0 0 0 0 0 268435456 0 0 8388608 0 65536 0 0 0 0 1 0 0 0 0 0 0 0 524288 0 0 0 0 0 0 0 0 0 0 524288 0 0 0 0 0 0 0 0 0 0 16 0 32768 0 128 0 0 0 0 0 0 0 0 0 0 0 0 0 0 0 0 67108864 0 0 0 512 0 0 0 0 0 0 0 0 0 0 0 0 0 65536 0 0 0 0 0 0 2048 0 0 0 0 0 0 0 0 0 0 0 0 0 0 2 0 0 0 0 0 0 0 0 0 0 0 0 0 0 0 0 0 0 0 0 0 0 0 0 0 0 0 1024 0 0 0 0 0 0 128 0 0 0 0 0 0 0 0 0 0 0 0 0 0 0 0 0 0 1073741824 0 0 0 0 4194304 0 0 0 0 0 0 0 0 0 0 0 0 0 0 0 0 0 8192 0 0 0 0 0 0 0 0 0 0 0 0 0 0 0 0 0 0 0 0 0 16384 0 0 0 0 0 0 0 0 0 0 0 0 0 0 0 0 0 0 0 0 0 0 0 0 0 0 0 0 0 0 0 0 0 0 0 0 0 0 0 0 0 0 0 1048576 2097152 0 0 131072 0 0 0 0 0 0 0 0 0 0 0 0 0 0 0 0 0 0 0 0 0 0 2097152 0 0 0 0 0 0 0 0 0 0 0 0 0 0 0 0 0 0 0 0 0 0 0 0 0 0 0 0 0 0 0 0 0 0 0 0 0 0 0 0 0 0 0 0 8 0 0 0 0 0 0 0 0 0 0 0 0 0 0 0 0 0 0 0 0 0 0 0 0 0 0 0 0 0 0 0 0 0 0 0 0 0 0 0 0 0 0 0 0 0 0 0 0 0 0 0 0 0 0 0 0 0 0 0 0 0 0 0 1048576 0 0 0 0 0 0 0 0 0 0 0 0 0 0 0 0 0 0 0 0 0 0 0 32768 0 0 0 0 0 0 0 0 0 0 0 0 0 0 0 0 0 0 0 0 0 0 0 0 0 0 0 0 0 0 0 0 0 0 0 0 0 0 0 0 0 0 0 0 0 0 0 0 0 0 0 0 0 16384 0 0 0 131072 1024 0 0 0 0 0 0 0 0 0 0 0 0 0 0 0 0 0 0 0 0 0 0 0 0 0 0 0 0 0 0 0 0 0 0 0 0 2 0 0 0 0 0 0 0 0 0 0 0 0 0 0 0 0 0 0 0 0 0 0 0 0 0 0 8388608 0 0 0 0 0 0 0 0 0 0 0 0 0 0 0 0 0 0 0 0 0 0 0 0 0 0 0 0 0 0 0 0 0 0 0 0 0 0 0 0 0 0 0 0 0 0 0 0 0 0 0 0 0 0 1024 0 0 0 0 0 0 0 0 0 0 8388608 0 0 0 0 0 0 0 0 0 0 0 0 0 0 0 0 0 0 0 0 0 0 0 0 0 0 0 0 0 0 0 0 0 0 0 0 0 4096 0 0 0 0 0 0 0 0 0 0 0 8388608 0 0 0 0 0 0 0 0 0 0 0 0 4096 0 0 0 0 0 0 0 0 0 0 0 0 0 0 0 0 0 16384 0 0 0 0 0 0 0 0 0 0 0 0 0 0 0 0 0 0 0 0 0 0 0 0 0 0 0 0 0 0 0 0 0 0 0 0 0 0 0 0 8192 0 0 0 0 0 0 0 32768 0 0 0 0 0 524288 0 0 32 0 0 0 0 0 0 0 0 0 0 0 0 0 0 0 0 0 0 0 0 0 0 0 0 0 0 0 0 0 0 0 0 0 0 0 0 0 0 2048 0 0 0 0 0 0 0 0 0 0 0 32 0 0 0 0 0 0 0 0 0 0 0 0 0 0 0 0 0 0 0 0 0 0 0 0 0 16384 0 0 0 0 16 0 0 0 0 0 0 0 0 0 0 0 0 0 0 0 0 0 0 0 0 0 0 0 0 0 0 0 0 0 0 0 32768 0 0 0 0 0 0 2048 0 0 0 0 0 0 0 0 0 0 2048 4 0 0 0 0 0 0 0 0 0 0 0 0 0 0 0 0 0 0 0 0 0 0 0 0 0 0 0 0 0 0 0 0 0 0 0 0 0 0 0 0 0 0 0 0 0 0 0 0 1073741824 0 0 0 0 0 0 0 0 0 0 0 0 0 0 0 0 0 0 0 0 134217728 0 0 0 0 0 0 0 0 0 0 0 0 0 0 0 0 0 0 0 0 0 0 0 0 0 0 0 0 0 0 0 0 0 0 0 0 0 0 0 0 0 0 0 0 0 0 0 0 0 0 0 0 0 0 0 0 0 0 0 0 0 0 0 0 0 536870912 0 0 0 0 0 0 0 0 0 0 0 0 0 0 0 0 0 0 0 0 0 0 0 0 0 0 0 0 0 0 0 0 0 0 0 0 0 0 0 0 0 0 0 0 0 0 0 0 0 0 0 0 0 0 0 0 0 0 0 0 0 0 0 0 0 0 0 0 0 64 0 0 0 0 0 0 0 0 0 0 0 0 0 0 0 0 0 0 0 0 0 0 0 0 0 0 0 0 0 0 0 0 0 0 0 0 0 0 0 0 0 0 524288 0 0 0 0 0 0 0 0 0 0 0 0 0 0 0 0 0 0 0 0 0 0 0 0 0 0 0 0 0 0 0 0 0 0 0 0 0 0 0 0 0 0 0 0 0 0 0 0 0 0 0 0 0 0 0 0 0 0 0 0 0 0 0 0 0 0 0 0 0 0 0 0 0 0 0 0 0 0 0 0 0 0 0 0 0 0 0 0 0 0 0 0 0 0 0 0 0 0 0 0 0 0 0 0 0 0 0 0 0 0 0 0 0 0 0 0 0 0 0 0 0 0 0 0 0 0 0 0 0 0 0 0 0 0 256 0 0 0 0 0 0 0 0 0 0 0 0 0 0 0 0 0 0 0 0 0 0 0 0 0 0 0 0 0 0 0 0 0 0 0 0 0 0 0 0 0 0 0 0 0 0 0 0 0 0 0 0 0 0 0 0 0 0 0 8 0 0 0 0 0 0 0 0 0 0 0 0 0 0 0 0 0 0 0 0 0 0 0 0 0 0 0 0 0 0 0 1048576 0 0 0 0 0 0 0 0 0 0 0 0 0 0 0 8 0 0 1073741824 32834 0 0 67108864 0 262144 0 0 0 0 0 0 0 0 0 0 0 0 0 0 0 0 0 0 0 0 0 0 0 0 0 0 0 0 0 0 0 0 0 0 0 0 0 0 0 0 0 0 0 0 1 0 0 0 0 0 0 0 0 0 0 0 0 0 0 0 0 0 0 32 0 0 0 0 0 0 16777216 0 0 0 0 0 0 0 0 0 0 0 0 0 0 0 0 0 0 0 0 0 0 0 0 0 0 0 0 0 0 0 0 0 0 0 1048576 0 0 0 0 0 0 0 0 0 0 0 0 0 0 0 0 0 0 0 0 0 0 0 0 0 1024 0 0 2097152 2048 0 0 0 0 512 0 0 0 0 0 0 0 0 0 0 0 0 0 0 0 0 536870912 0 0 0 0 0 0 0 0 0 0 0 0 0 0 0 0 0 0 0 0 0 0 0 0 0 0 1024 0 0 0 0 0 0 0 32784 0 0 0 0 0 0 0 0 0 0 0 0 0 0 0 0 0 0 0 4 524288 0 0 0 0 0 0 0 0 1073741824 0 0 0 0 0 0 0 0 0 0 0 0 0 0 0 0 0 0 0 0 0 0 0 0 0 0 0 0 0 0 0 0 0 0 0 0 0 0 0 0 0 0 0 0 0 0 0 0 1073741824 0 0 2097152 0 0 0 0 0 0 0 0 0 0 0 0 0 0 0 0 0 0 0 0 0 0 0 0 0 0 0 0 0 0 0 0 0 0 8388608 0 0 0 0 0 0 0 0 0 0 0 0 0 0 0 1073741824 0 0 0 0 0 0 0 0 0 0 0 0 524288 0 0 0 0 0 0 0 0 0 0 0 0 0 0 0 0 0 0 0 0 0 0 0 0 0 0 0 0 0 0 0 0 0 0 0 0 0 0 0 0 0 0 0 0 0 0 0 0 0 0 0 0 0 0 0 0 0 0 0 0 0 0 0 0 0 0 0 0 0 0 0 0 0 0 0 0 0 0 0 0 0 0 0 0 0 0 0 0 0 0 0 0 0 0 0 0 0 0 0 0 0 0 0 0 0 0 0 0 1048576 0 0 0 0 0 0 0 0 0 0 0 0 0 0 0 0 0 0 0 0 0 0 0 0 0 0 0 0 0 0 0 0 0 32768 0 0 0 0 0 0 0 0 0 0 0 0 0 0 64 0 0 0 0 0 0 0 0 0 0 0 0 0 0 0 0 0 0 0 0 0 0 0 0 0 0 0 0 0 0 0 0 0 0 0 0 0 0 0 0 0 0 0 0 0 0 0 0 0 0 0 0 0 0 0 0 0 0 0 0 0 0 0 0 0 0 0 0 0 0 0 0 0 16384 0 0 0 0 0 0 0 0 0 0 0 0 0 0 0 0 0 0 0 0 0 0 0 0 0 0 0 0 0 0 0 0 0 0 0 0 0 0 0 0 0 0 0 0 0 0 0 0 0 0 0 0 0 0 0 0 0 0 0 0 0 0 0 0 0 0 0 0 0 0 0 0 0 0 0 0 0 0 0 0 0 0 0 0 0 0 0 0 0 0 0 128 0 0 0 0 0 0 0 0 0 0 0 0 0 0 0 0 0 0 0 0 0 0 0 0 0 0 0 0 0 0 0 0 0 0 0 4096 0 0 0 0 0 0 0 0 0 0 0 2097152 0 0 0 0 0 8388640 0 16 0 0 0 0 0 0 0 0 0 0 0 16 0 0 16777216 0 0 0 0 0 0 0 0 0 0 0 0 0 0 0 0 0 0 0 0 0 0 0 0 0 0 0 0 0 0 0 1073741824 0 0 0 0 0 0 0 0 0 0 0 0 0 0 0 0 131072 0 0 0 0 0 0 0 0 0 0 0 0 0 0 0 0 0 0 0 0 0 0 0 0 0 0 0 0 0 0 0 0 0 0 0 0 0 0 0 0 0 0 0 0 0 0 0 0 0 0 0 0 0 0 0 0 0 0 0 1048576 0 0 0 0 0 0 0 0 0 0 0 4 0 0 0 0 0 4194304 0 0 0 0 0 268435456 2097152 0 0 0 0 0 0 0 0 0 0 0 0 0 0 0 0 0 0 0 0 0 0 0 0 0 0 0 0 0 0 0 0 0 0 0 0 0 0 0 0 0 0 0 0 0 0 0 0 0 0 0 0 0 0 0 0 0 0 0 0 0 0 0 0 0 262144 0 0 0 65536 0 64 151060500 1209008144 8192 1074299136 271360 1179652 1050881 8388608 0 285278208 2281701441 4 71312384 136347784 1073741856 33556544 2416066624 3145728 8200 524288 32 2147483648 134357507 0 2048 0 0 0 0 0 0 0 0 0 0 0 0 0 0 0 0 0 0 536870912 0 0 0 0 0 0 0 0 0 0 0 0 0 0 0 0 0 0 0 0 0 0 0 0 0 0 0 0 0 0 0 0 0 0 0 0 0 0 0 0 0 0 0 0 0 0 0 0 0 0 0 0 0 0 0 0 0 0 0 0 0 0 0 0 524288 0 0 0 0 0 0 0 0 0 0 0 0 0 0 0 0 0 0 0 0 0 0 0 0 0 0 0 0 0 0 0 0 0 0 0 0 0 0 0 0 0 0 0 0 0 0 32768 0 0 0 0 0 0 0 0 0 0 0 0 0 0 0 0 0 0 0 0 0 0 0 0 0 0 0 67108864 0 0 0 0 64 0 0 8192 0 0 0 0 0 0 0 0 0 0 0 0 0 0 0 0 0 0 0 0 0 0 0 0 0 65536 0 0 0 0 0 0 0 0 0 0 0 0 0 0 0 0 0 0 0 0 0 0 0 0 0 0 0 0 0 0 0 0 0 0 0 0 0 0 0 0 0 0 0 0 0 0 0 0 0 0 0 0 0 0 0 0 0 0 0 0 0 0 0 0 0 0 0 0 0 0 0 285212672 0 0 0 0 0 0 0 0 0 0 0 0 0 0 0 0 0 0 0 0 0 0 0 0 0 0 0 0 0 0 0 0 0 0 0 0 0 0 0 0 0 0 0 0 0 0 0 0 0 0 0 0 0 0 0 0 0 0 0 0 0 0 0 0 0 0 0 0 0 0 0 0 0 0 0 0 0 0 0 0 0 0 0 0 0 0 0 0 0 0 0 0 0 0 0 0 0 0 0 0 0 0 0 0 0 0 0 0 0 0 0 0 0 0 0 0 0 0 0 0 0 0 0 0 134217728 0 0 0 0 0 0 0 0 0 0 0 0 0 0 0 0 0 16777216 0 0 0 0 0 0 0 0 0 0 0 0 0 0 0 0 0 0 0 1024 0 0 0 0 0 0 0 0 0 0 0 0 0 0 0 0 0 0 0 0 0 0 0 0 0 0 0 0 0 0 0 0 0 0 0 0 0 0 0 0 0 0 0 0 0 0 0 0 0 0 0 131076 0 0 0 0 0 0 0 0 8192 0 0 0 8 0 0 0 0 1073741824 256 32768 0 0 0 0 0 0 0 0 0 0 0 0 0 0 0 0 0 0 0 0 0 0 0 0 0 0 0 0 0 0 0 0 0 0 0 0 0 0 0 0 0 0 0 0 0 0 1073741824 0 0 0 0 0 0 0 0 0 0 0 0 0 0 0 0 0 0 0 0 0 0 512 0 0 0 0 0 0 0 0 0 0 0 0 0 0 0 0 0 0 0 0 0 0 536870912 0 0 0 0 0 0 0 0 0 0 0 0 262144 0 0 0 0 0 0 0 0 0 0 0 1048576 0 0 0 0 0 0 0 0 4096 0 0 0 0 0 0 0 0 0 0 0 0 0 32 0 0 0 0 0 0 0 0 0 0 0 0 0 0 0 0 0 0 0 0 0 0 0 0 0 0 0 0 0 0 0 0 0 0 0 0 0 0 0 0 0 0 0 262146 0 0 0 0 0 0 0 0 0 0 0 0 0 0 0 0 0 0 0 0 0 0 0 0 512 0 0 65536 0 0 0 0 1073741824 8 0 0 0 0 0 0 0 0 0 0 2 0 0 0 0 0 0 0 0 0 0 0 0 0 0 0 0 0 0 0 0 0 0 0 0 0 0 0 0 0 0 0 0 0 0 0 0 0 134217728 0 0 0 0 0 0 0 0 0 0 0 0 0 0 0 0 0 0 0 0 0 0 0 0 0 0 0 0 0 0 0 0 0 0 0 0 0 0 0 0 0 0 0 0 0 0 0 0 0 0 0 0 0 0 0 0 0 0 0 0 0 0 0 0 0 0 2097152 0 0 0 0 0 0 0 0 0 0 0 0 0 512 0 0 0 0 0 0 0 0 0 0 0 0 0 0 0 0 0 0 0 0 0 0 0 0 0 0 0 0 0 0 67108872 0 0 0 0 0 0 0 0 0 0 0 0 0 0 0 0 0 0 0 0 0 0 0 0 0 0 0 0 0 0 0 0 0 16 0 0 1073741824 0 0 0 0 0 0 0 0 0 0 0 0 0 0 0 0 0 0 0 0 0 0 0 0 0 0 0 0 0 0 0 0 0 0 0 0 0 0 0 0 0 0 0 0 0 0 0 0 0 0 0 0 0 0 0 0 0 0 0 0 0 0 0 0 0 0 0 0 0 0 0 0 0 0 0 0 0 0 0 0 0 0 0 0 0 0 0 0 0 0 0 0 0 0 0 0 0 0 0 0 0 0 0 0 0 0 0 0 0 0 0 8 0 0 0 0 0 0 0 0 0 0 0 0 0 0 0 0 0 0 0 0 0 0 0 0 0 0 0 0 0 0 0 0 0 0 0 0 0 0 0 0 0 0 0 0 0 0 0 0 0 0 0 0 131072 0 0 0 0 0 0 0 0 0 0 0 0 0 0 0 0 0 0 0 0 0 0 0 0 0 0 0 0 0 0 0 0 0 0 0 0 0 0 0 0 0 0 0 0 0 0 0 0 0 0 0 0 0 0 0 0 0 0 0 0 0 0 0 0 0 0 0 0 0 0 0 0 0 0 16384 0 0 0 0 0 0 0 0 0 0 0 0 0 0 0 0 0 0 0 0 0 0 0 0 0 0 0 0 0 0 0 0 0 0 0 0 0 4096 0 0 0 0 0 0 0 0 0 0 0 0 0 0 0 0 0 0 0 0 0 0 0 0 4096 0 0 0 0 67108864 0 0 0 0 0 0 0 0 0 0 0 0 0 0 0 0 0 0 0 0 0 2147483648 0 0 64 0 0 0 0 0 0 0 0 0 0 0 0 0 0 0 0 0 0 0 0 0 0 0 0 0 0 0 4 0 0 0 0 0 0 0 0 0 0 0 0 0 0 0 0 0 0 0 0 65536 0 0 0 0 0 0 0 0 0 0 0 0 0 0 4096 2 0 0 0 0 0 0 0 0 0 0 0 0 0 0 0 0 0 0 0 0 0 0 0 0 0 0 0 0 0 0 0 0 0 0 0 0 0 0 0 0 0 0 0 67108864 0 0 0 0 0 0 0 0 0 0 0 0 0 0 0 0 0 0 134217728 0 0 0 0 0 0 0 0 0 0 0 0 2 0 2097152 0 0 0 0 0 0 0 2415919104 0 16 0 0 0 0 0 0 0 0 0 0 0 0 0 2048 4194304 0 0 0 0 0 0 0 0 0 2099200 0 8192 1082163712 2162688 266496 2065 1077936136 65536 524288 8421377 8388608 109052432 9 524816 0 2097153 16777280 8388737 37748876 2155872323 1078469250 1026 2147483652 0 16384 32802 4202624 4194306 404430852 33280 268439873 4 1 8388608 0 2222981376 41943108 64 1195459584 81928 0 805347328 8324 16777223 2097152 1064960 16 1 1573928 0 0 0 0 0 0 0 0 0 0 0 0 0 0 0 0 0 0 0 0 0 0 0 0 0 0 0 0 0 0 0 0 0 0 0 0 0 0 0 0 0 0 0 0 0 0 0 0 0 0 0 0 0 0 0 0 0 0 0 0 0 0 0 0 0 0 0 0 0 0 0 0 0 0 0 0 0 0 16384 0 0 0 0 0 0 0 0 0 0 0 0 0 0 0 0 0 0 0 0 0 0 0 0 0 0 0 0 0 0 0 0 0 0 0 0 0 0 0 0 0 0 0 0 0 0 0 0 0 0 0 0 0 0 0 0 0 0 0 0 0 0 0 0 0 0 0 0 0 0 0 0 0 0 0 0 0 0 0 0 0 0 0 0 0 0 0 0 0 0 0 0 0 0 0 0 0 0 0 0 0 0 0 0 0 0 0 0 0 0 0 512 0 0 0 0 0 0 0 0 0 0 0 0 0 0 0 0 0 0 0 0 0 0 0 0 0 0 0 0 0 0 0 0 0 0 0 0 0 0 0 0 0 0 0 0 0 0 0 0 0 0 0 0 0 0 0 0 0 0 0 0 0 0 0 0 0 0 0 0 0 0 0 0 0 0 0 0 0 0 0 0 0 0 0 0 0 0 0 0 0 0 0 0 0 0 0 0 0 0 0 0 0 0 0 0 0 0 0 0 131072 0 0 0 0 0 0 0 0 0 0 0 0 0 0 0 0 0 0 0 0 0 0 0 0 0 536870912 0 0 0 0 0 0 0 0 0 0 0 0 0 0 0 0 0 0 0 0 0 0 0 0 0 0 0 0 0 0 0 0 0 0 0 67108864 0 0 0 0 0 0 0 0 0 0 0 0 0 0 0 0 0 0 0 0 0 0 0 0 0 0 2147483648 0 0 0 0 0 0 0 0 0 0 0 0 0 0 0 0 0 0 0 0 0 0 0 0 0 0 0 0 0 0 0 0 0 0 0 0 0 0 0 0 0 0 67108864 0 0 0 0 0 0 0 0 0 0 0 0 0 0 0 0 0 0 0 0 0 1073741824 0 0 0 0 0 0 0 0 0 0 0 0 0 0 0 0 0 0 0 0 0 0 0 0 0 0 0 0 0 67108864 0 0 0 0 4096 0 0 0 262144 0 0 0 0 0 0 0 0 0 0 0 0 0 0 8 0 0 0 0 0 0 0 0 0 0 0 0 0 0 0 0 0 0 0 0 536870912 0 0 0 0 0 0 0 0 0 0 0 0 0 0 0 0 0 16777216 0 0 0 0 0 0 0 67108864 0 0 0 0 0 0 0 512 0 0 0 0 0 0 0 0 0 0 0 0 0 0 0 0 0 0 0 0 0 0 0 0 0 0 0 0 0 0 0 0 0 0 0 131072 0 0 0 0 0 0 0 0 0 0 0 0 0 0 0 0 2048 0 0 0 0 0 0 0 0 0 0 0 0 0 0 0 0 0 0 0 0 0 2048 0 0 0 0 0 0 0 0 0 0 0 0 0 0 16 0 0 0 0 0 256 524288 0 0 0 0 0 0 0 0 0 0 32 0 0 0 0 0 8193 16777216 0 2147483648 0 0 0 0 0 0 0 0 0 0 0 1024 0 0 16777216 0 0 0 0 0 0 0 262144 0 0 0 0 0 0 0 0 0 0 0 0 0 0 0 0 0 0 0 0 1024 67117056 604241968 540708 1048592 273678657 67108864 0 0 4096 1074331648 1075839040 264392 67239944 0 1090531328 402653216 526468 2147647488 65541 1 33 2149580800 9443328 50 0 0 0 0 0 0 0 0 0 0 0 0 0 0 0 0 0 0 0 0 0 0 0 0 0 0 0 0 0 0 0 0 0 0 0 0 0 0 0 0 0 0 0 0 0 0 0 0 0 0 0 0 0 0 0 0 0 0 0 0 0 0 0 0 0 0 0 0 0 0 0 0 0 0 0 0 0 0 0 0 0 0 0 0 0 0 0 0 0 0 0 0 0 0 0 0 0 0 0 0 0 0 0 0 0 0 0 0 0 0 0 0 0 0 0 0 0 0 0 0 0 0 0 0 0 0 0 0 0 0 0 0 0 0 0 0 0 0 0 0 0 0 0 0 0 0 0 0 0 0 0 0 0 0 0 0 0 0 0 0 0 0 0 0 0 0 0 0 0 0 0 0 0 0 0 0 0 0 0 0 0 0 0 0 0 0 0 0 0 0 0 0 0 0 0 0 0 0 0 0 0 0 0 0 0 0 0 0 0 0 0 0 0 0 0 0 0 0 0 0 0 0 0 0 0 0 0 0 0 0 0 0 0 0 0 0 0 0 0 0 0 0 0 0 0 0 0 0 0 0 2048 0 0 0 0 0 0 0 0 0 0 0 0 0 0 0 0 0 0 0 0 0 0 0 0 0 0 0 0 0 0 0 0 0 0 0 0 0 0 0 0 0 0 0 0 0 0 0 0 0 0 0 0 0 0 0 0 0 0 0 0 0 0 0 0 0 0 0 0 0 0 0 0 0 0 0 0 0 0 0 0 0 0 0 0 0 0 0 0 0 0 0 0 0 0 0 0 0 0 0 0 0 0 0 0 0 0 0 0 0 0 0 0 0 0 0 0 0 0 0 0 0 0 0 0 0 0 0 0 0 0 0 0 0 0 0 0 0 0 0 0 0 0 0 0 0 0 0 0 0 0 0 0 0 0 0 0 0 0 0 0 0 0 0 0 0 0 0 0 0 0 0 0 0 0 0 0 0 0 0 0 0 0 0 0 0 0 0 0 0 0 0 0 0 0 0 0 0 0 0 0 0 0 0 0 0 0 0 0 0 0 0 0 0 0 0 0 0 0 0 0 0 0 0 0 0 0 0 0 0 0 0 0 0 0 0 0 0 0 0 0 0 0 0 0 0 0 2 0 1048576 0 0 0 0 0 0 0 131072 0 0 0 1 0 0 0 0 0 0 0 0 0 0 0 0 0 0 0 0 0 0 0 0 0 0 0 0 0 0 0 0 0 0 0 0 0 0 0 0 0 0 0 0 0 0 0 33554432 0 0 0 0 0 0 0 0 0 0 0 0 0 0 0 0 0 0 0 0 0 0 0 0 0 0 0 0 0 0 0 0 0 0 0 0 0 0 0 0 0 0 0 0 0 0 0 0 0 0 0 0 0 0 0 0 0 0 0 0 0 0 0 0 0 0 0 0 0 0 0 0 0 0 0 0 0 0 0 0 0 0 0 0 0 0 0 0 0 0 0 0 0 0 0 0 0 0 0 0 2147483648 0 0 0 0 268435456 0 0 0 0 0 0 0 0 0 0 0 0 0 0 0 0 0 0 0 0 0 0 0 0 0 0 0 32768 0 0 0 0 0 0 0 0 0 0 0 0 0 0 0 0 0 0 0 0 1048576 0 0 0 0 0 0 0 2147483648 269517856 268976132 8388608 2751465028 100663296 872448000 2147483648 4718592 0 0 32784 262306 4195368 33571329 64 86529 184549376 2147500032 83886080 138412032 0 1077936384 605061120 262152 9439232 268501060 268571654 1049730 71336228 604012544 128 524288 0 0 0 9346 33591304 16777216 4096 4101 64 268517440 0 1572864 0 528384 537133104 294944 4108 2198077448 33555008 8405000 302516385 1077936128 0 0 0 134807552 536903680 163840 8 0 0 0 0 0 0 0 0 0 0 0 0 0 0 0 0 0 0 0 0 0 0 0 0 0 0 0 0 0 0 0 0 0 0 0 0 0 0 0 0 0 0 0 0 0 0 0 0 0 0 0 0 0 0 0 0 0 0 0 0 0 0 0 0 0 0 0 0 0 0 0 0 0 0 0 0 0 0 0 0 0 0 0 0 0 0 0 0 0 0 0 0 0 0 0 0 0 0 0 0 0 0 0 0 0 0 0 0 0 0 0 0 0 0 0 0 0 0 0 0 0 0 0 0 0 0 0 0 0 0 0 0 0 0 0 0 0 0 0 0 0 0 0 0 0 0 0 0 0 0 0 0 0 0 0 0 0 0 0 0 0 0 0 0 0 0 0 0 0 0 0 0 0 0 0 0 0 0 0 0 0 0 0 0 0 0 0 0 0 0 1 0 0 0 0 0 0 1073741824 0 0 0 0 0 0 0 0 0 0 0 0 0 0 0 0 0 0 0 0 0 0 0 0 0 0 0 0 0 0 0 0 0 0 0 0 0 0 0 0 0 0 0 0 0 0 0 0 0 0 0 0 0 0 0 0 0 0 0 0 0 0 0 0 0 0 0 0 0 0 0 0 0 0 0 0 0 0 0 0 0 0 0 0 0 0 0 32768 0 0 0 0 0 0 0 0 0 0 0 0 0 0 0 0 0 0 0 0 0 0 0 0 0 0 0 0 0 0 0 0 0 0 0 0 0 0 0 0 0 0 0 0 0 0 0 0 0 0 0 67108864 0 0 0 0 0 0 0 0 0 0 0 0 0 0 0 0 0 0 0 0 0 0 0 0 0 0 0 0 0 0 0 0 0 0 0 0 0 0 0 0 0 0 0 0 0 0 0 0 0 0 0 0 0 0 0 0 0 0 0 0 0 0 0 0 0 0 0 0 0 0 0 16777216 0 0 0 0 0 0 0 0 0 0 0 0 0 0 0 0 0 0 0 0 0 0 0 0 0 0 0 0 0 0 0 0 0 0 0 0 0 0 0 0 0 0 0 0 0 0 0 65536 0 0 0 0 0 0 0 0 0 0 0 0 0 269484032 0 0 0 32 0 0 0 0 128 0 0 0 0 0 0 8192 0 0 0 0 0 0 0 0 0 0 0 16 0 0 0 0 0 0 256 0 0 4194304 0 0 0 0 0 0 0 0 0 0 8 0 0 0 0 0 0 0 0 0 0 0 0 0 0 0 0 0 0 0 0 0 0 0 0 1 0 0 0 0 0 0 0 0 0 0 0 0 1024 0 0 0 0 0 0 0 0 0 0 0 0 512 0 0 0 0 0 0 0 0 0 0 8192 0 0 0 0 0 2097152 0 0 0 0 0 0 0 0 0 0 0 0 0 0 0 0 0 0 0 0 32 0 0 0 0 0 0 0 0 32768 0 0 0 0 0 0 0 0 0 0 0 0 0 0 0 0 0 0 0 0 0 4096 0 0 0 0 16777216 0 0 0 0 0 0 0 0 0 0 0 0 0 0 0 128 0 0 0 0 0 0 0 0 0 0 0 256 0 0 0 0 0 0 0 0 0 8 0 0 262144 0 0 16 0 0 0 0 0 0 0 1024 0 0 0 0 0 0 0 0 0 0 0 0 0 0 0 0 0 0 0 0 0 0 8704 201478660 1107296257 134221824 134145 67634210 17408 524288 0 0 1344274432 33554432 131097 1179720 33554449 16448 9584641 1049089 4276226 524288 32768 0 4198400 536870912 1048 68165824 81920 843710464 1081344 335544386 134217760 1048576 0 0 140509184 572588032 131106
is_linear=0
shrinkage=0.05


end of trees

feature_importances:
domain=111
city_id=81
hour=45
log_floor_price=33
ad_slot_width=31
ad_slot_visibility=30
weekday=22
ad_exchange=19
slot_area=19
creative_id=12
ad_slot_format=10
ad_slot_height=8
os=8
browser=5

parameters:
[boosting: gbdt]
[objective: binary]
[metric: auc]
[tree_learner: serial]
[device_type: cpu]
[data_sample_strategy: bagging]
[data: ]
[valid: ]
[num_iterations: 500]
[learning_rate: 0.05]
[num_leaves: 63]
[num_threads: 0]
[seed: 0]
[deterministic: 0]
[force_col_wise: 0]
[force_row_wise: 0]
[histogram_pool_size: -1]
[max_depth: -1]
[min_data_in_leaf: 200]
[min_sum_hessian_in_leaf: 0.001]
[bagging_fraction: 0.8]
[pos_bagging_fraction: 1]
[neg_bagging_fraction: 1]
[bagging_freq: 1]
[bagging_seed: 3]
[bagging_by_query: 0]
[feature_fraction: 0.8]
[feature_fraction_bynode: 1]
[feature_fraction_seed: 2]
[extra_trees: 0]
[extra_seed: 6]
[early_stopping_round: 0]
[early_stopping_min_delta: 0]
[first_metric_only: 0]
[max_delta_step: 0]
[lambda_l1: 0]
[lambda_l2: 0]
[linear_lambda: 0]
[min_gain_to_split: 0]
[drop_rate: 0.1]
[max_drop: 50]
[skip_drop: 0.5]
[xgboost_dart_mode: 0]
[uniform_drop: 0]
[drop_seed: 4]
[top_rate: 0.2]
[other_rate: 0.1]
[min_data_per_group: 100]
[max_cat_threshold: 32]
[cat_l2: 10]
[cat_smooth: 10]
[max_cat_to_onehot: 4]
[top_k: 20]
[monotone_constraints: ]
[monotone_constraints_method: basic]
[monotone_penalty: 0]
[feature_contri: ]
[forcedsplits_filename: ]
[refit_decay_rate: 0.9]
[cegb_tradeoff: 1]
[cegb_penalty_split: 0]
[cegb_penalty_feature_lazy: ]
[cegb_penalty_feature_coupled: ]
[path_smooth: 0]
[interaction_constraints: ]
[verbosity: -1]
[saved_feature_importance_type: 0]
[use_quantized_grad: 0]
[num_grad_quant_bins: 4]
[quant_train_renew_leaf: 0]
[stochastic_rounding: 1]
[linear_tree: 0]
[max_bin: 255]
[max_bin_by_feature: ]
[min_data_in_bin: 3]
[bin_construct_sample_cnt: 200000]
[data_random_seed: 1]
[is_enable_sparse: 1]
[enable_bundle: 1]
[use_missing: 1]
[zero_as_missing: 0]
[feature_pre_filter: 1]
[pre_partition: 0]
[two_round: 0]
[header: 0]
[label_column: ]
[weight_column: ]
[group_column: ]
[ignore_column: ]
[categorical_feature: 0,1,2,3,4,5,6,7,14,15]
[forcedbins_filename: ]
[precise_float_parser: 0]
[parser_config_file: ]
[objective_seed: 5]
[num_class: 1]
[is_unbalance: 0]
[scale_pos_weight: 1]
[sigmoid: 1]
[boost_from_average: 1]
[reg_sqrt: 0]
[alpha: 0.9]
[fair_c: 1]
[poisson_max_delta_step: 0.7]
[tweedie_variance_power: 1.5]
[lambdarank_truncation_level: 30]
[lambdarank_norm: 1]
[label_gain: ]
[lambdarank_position_bias_regularization: 0]
[eval_at: ]
[multi_error_top_k: 1]
[auc_mu_weights: ]
[num_machines: 1]
[local_listen_port: 12400]
[time_out: 120]
[machine_list_filename: ]
[machines: ]
[gpu_platform_id: -1]
[gpu_device_id: -1]
[gpu_device_id_list: ]
[gpu_use_dp: 0]
[num_gpu: 1]

end of parameters

pandas_categorical:[]
